"FullName","LastWriteTime","Length"
"C:\Users\Shadow\Web-PDFTimeSaver\vendor\composer\LICENSE","9/19/2025 4:41:59 AM","1070"
"C:\Users\Shadow\Web-PDFTimeSaver\vendor\composer\ClassLoader.sync-conflict-20251012-143452-6SA55L2.php","9/19/2025 4:41:59 AM","16378"
"C:\Users\Shadow\Web-PDFTimeSaver\vendor\composer\ClassLoader.sync-conflict-20251012-163510-6SA55L2.php","9/19/2025 4:41:59 AM","16378"
"C:\Users\Shadow\Web-PDFTimeSaver\vendor\composer\ClassLoader.php","9/19/2025 4:41:59 AM","16378"
"C:\Users\Shadow\Web-PDFTimeSaver\vendor\composer\LICENSE.sync-conflict-20251012-143453-6SA55L2","9/19/2025 4:41:59 AM","1070"
"C:\Users\Shadow\Web-PDFTimeSaver\vendor\composer\LICENSE.sync-conflict-20251012-163508-6SA55L2","9/19/2025 4:41:59 AM","1070"
"C:\Users\Shadow\Web-PDFTimeSaver\Backgrounds\site-offline-background-bondage.sync-conflict-20251012-143455-6SA55L2.jpg","9/24/2025 8:49:12 PM","139255"
"C:\Users\Shadow\Web-PDFTimeSaver\Backgrounds\site-offline-background-bondage.sync-conflict-20251012-145902-TCAG4SV.jpg","9/24/2025 8:49:12 PM","139255"
"C:\Users\Shadow\Web-PDFTimeSaver\Backgrounds\site-offline-background-bondage.sync-conflict-20251012-163510-6SA55L2.jpg","9/24/2025 8:49:12 PM","139255"
"C:\Users\Shadow\Web-PDFTimeSaver\Backgrounds\site-offline-background-green-flare.sync-conflict-20251012-145902-TCAG4SV.jpg","9/24/2025 8:49:12 PM","249279"
"C:\Users\Shadow\Web-PDFTimeSaver\Backgrounds\site-offline-background-green-flare.sync-conflict-20251012-143452-6SA55L2.jpg","9/24/2025 8:49:12 PM","249279"
"C:\Users\Shadow\Web-PDFTimeSaver\Backgrounds\site-offline-background-green-flare.sync-conflict-20251012-163514-6SA55L2.jpg","9/24/2025 8:49:12 PM","249279"
"C:\Users\Shadow\Web-PDFTimeSaver\Backgrounds\site-offline-background-greymat.sync-conflict-20251012-143455-6SA55L2.jpg","9/24/2025 8:49:12 PM","160330"
"C:\Users\Shadow\Web-PDFTimeSaver\Backgrounds\site-offline-background-greymat.sync-conflict-20251012-145902-TCAG4SV.jpg","9/24/2025 8:49:12 PM","160330"
"C:\Users\Shadow\Web-PDFTimeSaver\Backgrounds\site-offline-background-greymat.sync-conflict-20251012-163515-6SA55L2.jpg","9/24/2025 8:49:12 PM","160330"
"C:\Users\Shadow\Web-PDFTimeSaver\Backgrounds\site-offline-background-redstars.sync-conflict-20251012-145902-TCAG4SV.jpg","9/24/2025 8:49:12 PM","43552"
"C:\Users\Shadow\Web-PDFTimeSaver\Backgrounds\site-offline-background-redstars.sync-conflict-20251012-163502-6SA55L2.jpg","9/24/2025 8:49:12 PM","43552"
"C:\Users\Shadow\Web-PDFTimeSaver\Backgrounds\site-offline-background-redstars.sync-conflict-20251012-143455-6SA55L2.jpg","9/24/2025 8:49:12 PM","43552"
"C:\Users\Shadow\Web-PDFTimeSaver\Backgrounds\site-offline-background-white-shadow.sync-conflict-20251012-145902-TCAG4SV.jpg","9/24/2025 8:49:12 PM","55741"
"C:\Users\Shadow\Web-PDFTimeSaver\Backgrounds\site-offline-background-white-shadow.sync-conflict-20251012-143451-6SA55L2.jpg","9/24/2025 8:49:12 PM","55741"
"C:\Users\Shadow\Web-PDFTimeSaver\Backgrounds\site-offline-background-white-shadow.sync-conflict-20251012-163515-6SA55L2.jpg","9/24/2025 8:49:12 PM","55741"
"C:\Users\Shadow\Web-PDFTimeSaver\Backgrounds\site-offline-background-white-vintage.sync-conflict-20251012-145902-TCAG4SV.jpg","9/24/2025 8:49:12 PM","67550"
"C:\Users\Shadow\Web-PDFTimeSaver\Backgrounds\site-offline-background-white-vintage.sync-conflict-20251012-143451-6SA55L2.jpg","9/24/2025 8:49:12 PM","67550"
"C:\Users\Shadow\Web-PDFTimeSaver\Backgrounds\site-offline-background-white-vintage.sync-conflict-20251012-163500-6SA55L2.jpg","9/24/2025 8:49:12 PM","67550"
"C:\Users\Shadow\Web-PDFTimeSaver\Backgrounds\site-offline-background-black.sync-conflict-20251012-143456-6SA55L2.jpg","9/24/2025 8:49:12 PM","813592"
"C:\Users\Shadow\Web-PDFTimeSaver\Backgrounds\site-offline-background-black.sync-conflict-20251012-163502-6SA55L2.jpg","9/24/2025 8:49:12 PM","813592"
"C:\Users\Shadow\Web-PDFTimeSaver\Backgrounds\site-offline-background-black.sync-conflict-20251012-145902-TCAG4SV.jpg","9/24/2025 8:49:12 PM","813592"
"C:\Users\Shadow\Web-PDFTimeSaver\Backgrounds\site-offline-background-red.sync-conflict-20251012-163511-6SA55L2.jpg","9/24/2025 8:49:12 PM","12905"
"C:\Users\Shadow\Web-PDFTimeSaver\Backgrounds\site-offline-background-red.sync-conflict-20251012-143456-6SA55L2.jpg","9/24/2025 8:49:12 PM","12905"
"C:\Users\Shadow\Web-PDFTimeSaver\Backgrounds\site-offline-background-red.sync-conflict-20251012-145902-TCAG4SV.jpg","9/24/2025 8:49:12 PM","12905"
"C:\Users\Shadow\Web-PDFTimeSaver\logo.sync-conflict-20251012-163501-6SA55L2.png","9/24/2025 8:49:12 PM","22891"
"C:\Users\Shadow\Web-PDFTimeSaver\logo.sync-conflict-20251012-143452-6SA55L2.png","9/24/2025 8:49:12 PM","22891"
"C:\Users\Shadow\Web-PDFTimeSaver\logo.png","9/24/2025 8:49:12 PM","22891"
"C:\Users\Shadow\Web-PDFTimeSaver\xampp-installer.exe","9/25/2025 4:11:33 PM","150233"
"C:\Users\Shadow\Web-PDFTimeSaver\uploads\68d5cfb79bdb0_test.sync-conflict-20251012-143452-6SA55L2.pdf","9/25/2025 4:26:47 PM","519"
"C:\Users\Shadow\Web-PDFTimeSaver\uploads\68d5cfb79bdb0_test.sync-conflict-20251012-163500-6SA55L2.pdf","9/25/2025 4:26:47 PM","519"
"C:\Users\Shadow\Web-PDFTimeSaver\uploads\68d5cfb79bdb0_test.pdf","9/25/2025 4:26:47 PM","519"
"C:\Users\Shadow\Web-PDFTimeSaver\output\filled_test.sync-conflict-20251012-143453-6SA55L2.pdf","9/25/2025 4:26:47 PM","274"
"C:\Users\Shadow\Web-PDFTimeSaver\output\filled_test.sync-conflict-20251012-163504-6SA55L2.pdf","9/25/2025 4:26:47 PM","274"
"C:\Users\Shadow\Web-PDFTimeSaver\output\filled_test.pdf","9/25/2025 4:26:47 PM","274"
"C:\Users\Shadow\Web-PDFTimeSaver\composer.phar","9/25/2025 7:05:36 PM","3125332"
"C:\Users\Shadow\Web-PDFTimeSaver\vendor\setasign\fpdi\.sync-conflict-20251012-143455-6SA55L2.gitattributes","9/25/2025 7:08:50 PM","332"
"C:\Users\Shadow\Web-PDFTimeSaver\vendor\setasign\fpdi\.gitattributes","9/25/2025 7:08:50 PM","332"
"C:\Users\Shadow\Web-PDFTimeSaver\vendor\setasign\fpdi\.sync-conflict-20251012-163501-6SA55L2.gitattributes","9/25/2025 7:08:50 PM","332"
"C:\Users\Shadow\Web-PDFTimeSaver\vendor\setasign\fpdi\.github\FUNDING.sync-conflict-20251012-143451-6SA55L2.yml","9/25/2025 7:08:50 PM","37"
"C:\Users\Shadow\Web-PDFTimeSaver\vendor\setasign\fpdi\.github\FUNDING.yml","9/25/2025 7:08:50 PM","37"
"C:\Users\Shadow\Web-PDFTimeSaver\vendor\setasign\fpdi\.github\FUNDING.sync-conflict-20251012-163504-6SA55L2.yml","9/25/2025 7:08:50 PM","37"
"C:\Users\Shadow\Web-PDFTimeSaver\vendor\setasign\fpdi\.github\workflows\code-style.yml","9/25/2025 7:08:50 PM","1235"
"C:\Users\Shadow\Web-PDFTimeSaver\vendor\setasign\fpdi\.github\workflows\code-style.sync-conflict-20251012-143453-6SA55L2.yml","9/25/2025 7:08:50 PM","1235"
"C:\Users\Shadow\Web-PDFTimeSaver\vendor\setasign\fpdi\.github\workflows\code-style.sync-conflict-20251012-163504-6SA55L2.yml","9/25/2025 7:08:50 PM","1235"
"C:\Users\Shadow\Web-PDFTimeSaver\vendor\setasign\fpdi\.github\workflows\release.yml","9/25/2025 7:08:50 PM","1303"
"C:\Users\Shadow\Web-PDFTimeSaver\vendor\setasign\fpdi\.github\workflows\release.sync-conflict-20251012-143451-6SA55L2.yml","9/25/2025 7:08:50 PM","1303"
"C:\Users\Shadow\Web-PDFTimeSaver\vendor\setasign\fpdi\.github\workflows\release.sync-conflict-20251012-163506-6SA55L2.yml","9/25/2025 7:08:50 PM","1303"
"C:\Users\Shadow\Web-PDFTimeSaver\vendor\setasign\fpdi\.github\workflows\tests.yml","9/25/2025 7:08:50 PM","1508"
"C:\Users\Shadow\Web-PDFTimeSaver\vendor\setasign\fpdi\.github\workflows\tests.sync-conflict-20251012-163508-6SA55L2.yml","9/25/2025 7:08:50 PM","1508"
"C:\Users\Shadow\Web-PDFTimeSaver\vendor\setasign\fpdi\.github\workflows\tests.sync-conflict-20251012-143457-6SA55L2.yml","9/25/2025 7:08:50 PM","1508"
"C:\Users\Shadow\Web-PDFTimeSaver\vendor\setasign\fpdi\.sync-conflict-20251012-143453-6SA55L2.gitignore","9/25/2025 7:08:50 PM","103"
"C:\Users\Shadow\Web-PDFTimeSaver\vendor\setasign\fpdi\.sync-conflict-20251012-163508-6SA55L2.gitignore","9/25/2025 7:08:50 PM","103"
"C:\Users\Shadow\Web-PDFTimeSaver\vendor\setasign\fpdi\.gitignore","9/25/2025 7:08:50 PM","103"
"C:\Users\Shadow\Web-PDFTimeSaver\vendor\setasign\fpdi\LICENSE.txt","9/25/2025 7:08:50 PM","1134"
"C:\Users\Shadow\Web-PDFTimeSaver\vendor\setasign\fpdi\LICENSE.sync-conflict-20251012-143450-6SA55L2.txt","9/25/2025 7:08:50 PM","1134"
"C:\Users\Shadow\Web-PDFTimeSaver\vendor\setasign\fpdi\LICENSE.sync-conflict-20251012-163503-6SA55L2.txt","9/25/2025 7:08:50 PM","1134"
"C:\Users\Shadow\Web-PDFTimeSaver\vendor\setasign\fpdi\README.md","9/25/2025 7:08:50 PM","4681"
"C:\Users\Shadow\Web-PDFTimeSaver\vendor\setasign\fpdi\README.sync-conflict-20251012-143456-6SA55L2.md","9/25/2025 7:08:50 PM","4681"
"C:\Users\Shadow\Web-PDFTimeSaver\vendor\setasign\fpdi\README.sync-conflict-20251012-163509-6SA55L2.md","9/25/2025 7:08:50 PM","4681"
"C:\Users\Shadow\Web-PDFTimeSaver\vendor\setasign\fpdi\SECURITY.sync-conflict-20251012-143452-6SA55L2.md","9/25/2025 7:08:50 PM","198"
"C:\Users\Shadow\Web-PDFTimeSaver\vendor\setasign\fpdi\SECURITY.sync-conflict-20251012-163508-6SA55L2.md","9/25/2025 7:08:50 PM","198"
"C:\Users\Shadow\Web-PDFTimeSaver\vendor\setasign\fpdi\SECURITY.md","9/25/2025 7:08:50 PM","198"
"C:\Users\Shadow\Web-PDFTimeSaver\vendor\setasign\fpdi\composer.json","9/25/2025 7:08:50 PM","1657"
"C:\Users\Shadow\Web-PDFTimeSaver\vendor\setasign\fpdi\composer.sync-conflict-20251012-143454-6SA55L2.json","9/25/2025 7:08:50 PM","1657"
"C:\Users\Shadow\Web-PDFTimeSaver\vendor\setasign\fpdi\composer.sync-conflict-20251012-163507-6SA55L2.json","9/25/2025 7:08:50 PM","1657"
"C:\Users\Shadow\Web-PDFTimeSaver\vendor\setasign\fpdi\composer.lock","9/25/2025 7:08:50 PM","73441"
"C:\Users\Shadow\Web-PDFTimeSaver\vendor\setasign\fpdi\composer.sync-conflict-20251012-143451-6SA55L2.lock","9/25/2025 7:08:50 PM","73441"
"C:\Users\Shadow\Web-PDFTimeSaver\vendor\setasign\fpdi\composer.sync-conflict-20251012-163514-6SA55L2.lock","9/25/2025 7:08:50 PM","73441"
"C:\Users\Shadow\Web-PDFTimeSaver\vendor\setasign\fpdi\local-tests\alpha-test.sync-conflict-20251012-163514-6SA55L2.php","9/25/2025 7:08:50 PM","2937"
"C:\Users\Shadow\Web-PDFTimeSaver\vendor\setasign\fpdi\local-tests\alpha-test.php","9/25/2025 7:08:50 PM","2937"
"C:\Users\Shadow\Web-PDFTimeSaver\vendor\setasign\fpdi\local-tests\alpha-test.sync-conflict-20251012-143456-6SA55L2.php","9/25/2025 7:08:50 PM","2937"
"C:\Users\Shadow\Web-PDFTimeSaver\vendor\setasign\fpdi\local-tests\assets\pdfdoc-encoding.json","9/25/2025 7:08:50 PM","2888"
"C:\Users\Shadow\Web-PDFTimeSaver\vendor\setasign\fpdi\local-tests\assets\pdfdoc-encoding.sync-conflict-20251012-163502-6SA55L2.json","9/25/2025 7:08:50 PM","2888"
"C:\Users\Shadow\Web-PDFTimeSaver\vendor\setasign\fpdi\local-tests\assets\pdfdoc-encoding.sync-conflict-20251012-143452-6SA55L2.json","9/25/2025 7:08:50 PM","2888"
"C:\Users\Shadow\Web-PDFTimeSaver\vendor\setasign\fpdi\local-tests\concatenate.sync-conflict-20251012-163518-6SA55L2.php","9/25/2025 7:08:50 PM","1920"
"C:\Users\Shadow\Web-PDFTimeSaver\vendor\setasign\fpdi\local-tests\concatenate.sync-conflict-20251012-143451-6SA55L2.php","9/25/2025 7:08:50 PM","1920"
"C:\Users\Shadow\Web-PDFTimeSaver\vendor\setasign\fpdi\local-tests\concatenate.php","9/25/2025 7:08:50 PM","1920"
"C:\Users\Shadow\Web-PDFTimeSaver\vendor\setasign\fpdi\local-tests\filelist.sync-conflict-20251012-163505-6SA55L2.php","9/25/2025 7:08:50 PM","3389"
"C:\Users\Shadow\Web-PDFTimeSaver\vendor\setasign\fpdi\local-tests\filelist.php","9/25/2025 7:08:50 PM","3389"
"C:\Users\Shadow\Web-PDFTimeSaver\vendor\setasign\fpdi\local-tests\filelist.sync-conflict-20251012-143455-6SA55L2.php","9/25/2025 7:08:50 PM","3389"
"C:\Users\Shadow\Web-PDFTimeSaver\vendor\setasign\fpdi\local-tests\get-info.sync-conflict-20251012-143457-6SA55L2.php","9/25/2025 7:08:50 PM","3251"
"C:\Users\Shadow\Web-PDFTimeSaver\vendor\setasign\fpdi\local-tests\get-info.php","9/25/2025 7:08:50 PM","3251"
"C:\Users\Shadow\Web-PDFTimeSaver\vendor\setasign\fpdi\local-tests\get-info.sync-conflict-20251012-163459-6SA55L2.php","9/25/2025 7:08:50 PM","3251"
"C:\Users\Shadow\Web-PDFTimeSaver\vendor\setasign\fpdi\local-tests\import-layers.sync-conflict-20251012-143453-6SA55L2.php","9/25/2025 7:08:50 PM","2069"
"C:\Users\Shadow\Web-PDFTimeSaver\vendor\setasign\fpdi\local-tests\import-layers.sync-conflict-20251012-163518-6SA55L2.php","9/25/2025 7:08:50 PM","2069"
"C:\Users\Shadow\Web-PDFTimeSaver\vendor\setasign\fpdi\local-tests\import-layers.php","9/25/2025 7:08:50 PM","2069"
"C:\Users\Shadow\Web-PDFTimeSaver\vendor\setasign\fpdi\local-tests\memory.sync-conflict-20251012-143452-6SA55L2.php","9/25/2025 7:08:50 PM","2346"
"C:\Users\Shadow\Web-PDFTimeSaver\vendor\setasign\fpdi\local-tests\memory.sync-conflict-20251012-163502-6SA55L2.php","9/25/2025 7:08:50 PM","2346"
"C:\Users\Shadow\Web-PDFTimeSaver\vendor\setasign\fpdi\local-tests\memory.php","9/25/2025 7:08:50 PM","2346"
"C:\Users\Shadow\Web-PDFTimeSaver\vendor\setasign\fpdi\local-tests\page-in-template.sync-conflict-20251012-143455-6SA55L2.php","9/25/2025 7:08:50 PM","793"
"C:\Users\Shadow\Web-PDFTimeSaver\vendor\setasign\fpdi\local-tests\page-in-template.sync-conflict-20251012-163514-6SA55L2.php","9/25/2025 7:08:50 PM","793"
"C:\Users\Shadow\Web-PDFTimeSaver\vendor\setasign\fpdi\local-tests\page-in-template.php","9/25/2025 7:08:50 PM","793"
"C:\Users\Shadow\Web-PDFTimeSaver\vendor\setasign\fpdi\local-tests\simple-v1.sync-conflict-20251012-143451-6SA55L2.php","9/25/2025 7:08:50 PM","1790"
"C:\Users\Shadow\Web-PDFTimeSaver\vendor\setasign\fpdi\local-tests\simple-v1.sync-conflict-20251012-163515-6SA55L2.php","9/25/2025 7:08:50 PM","1790"
"C:\Users\Shadow\Web-PDFTimeSaver\vendor\setasign\fpdi\local-tests\simple-v1.php","9/25/2025 7:08:50 PM","1790"
"C:\Users\Shadow\Web-PDFTimeSaver\vendor\setasign\fpdi\local-tests\simple.sync-conflict-20251012-143451-6SA55L2.php","9/25/2025 7:08:50 PM","2486"
"C:\Users\Shadow\Web-PDFTimeSaver\vendor\setasign\fpdi\local-tests\simple.sync-conflict-20251012-163501-6SA55L2.php","9/25/2025 7:08:50 PM","2486"
"C:\Users\Shadow\Web-PDFTimeSaver\vendor\setasign\fpdi\local-tests\simple.php","9/25/2025 7:08:50 PM","2486"
"C:\Users\Shadow\Web-PDFTimeSaver\vendor\setasign\fpdi\local-tests\tfpdf.sync-conflict-20251012-143452-6SA55L2.php","9/25/2025 7:08:50 PM","882"
"C:\Users\Shadow\Web-PDFTimeSaver\vendor\setasign\fpdi\local-tests\tfpdf.sync-conflict-20251012-163504-6SA55L2.php","9/25/2025 7:08:50 PM","882"
"C:\Users\Shadow\Web-PDFTimeSaver\vendor\setasign\fpdi\local-tests\tfpdf.php","9/25/2025 7:08:50 PM","882"
"C:\Users\Shadow\Web-PDFTimeSaver\vendor\setasign\fpdi\phpcs.sync-conflict-20251012-163503-6SA55L2.xml","9/25/2025 7:08:50 PM","619"
"C:\Users\Shadow\Web-PDFTimeSaver\vendor\setasign\fpdi\phpcs.xml","9/25/2025 7:08:50 PM","619"
"C:\Users\Shadow\Web-PDFTimeSaver\vendor\setasign\fpdi\phpcs.sync-conflict-20251012-143456-6SA55L2.xml","9/25/2025 7:08:50 PM","619"
"C:\Users\Shadow\Web-PDFTimeSaver\vendor\setasign\fpdi\phpstan.sync-conflict-20251012-143454-6SA55L2.neon","9/25/2025 7:08:50 PM","744"
"C:\Users\Shadow\Web-PDFTimeSaver\vendor\setasign\fpdi\phpstan.sync-conflict-20251012-163509-6SA55L2.neon","9/25/2025 7:08:50 PM","744"
"C:\Users\Shadow\Web-PDFTimeSaver\vendor\setasign\fpdi\phpstan.neon","9/25/2025 7:08:50 PM","744"
"C:\Users\Shadow\Web-PDFTimeSaver\vendor\setasign\fpdi\phpunit.sync-conflict-20251012-163511-6SA55L2.xml","9/25/2025 7:08:50 PM","1080"
"C:\Users\Shadow\Web-PDFTimeSaver\vendor\setasign\fpdi\phpunit.xml","9/25/2025 7:08:50 PM","1080"
"C:\Users\Shadow\Web-PDFTimeSaver\vendor\setasign\fpdi\phpunit.sync-conflict-20251012-143454-6SA55L2.xml","9/25/2025 7:08:50 PM","1080"
"C:\Users\Shadow\Web-PDFTimeSaver\vendor\setasign\fpdi\scratches\ArrayVsObject.sync-conflict-20251012-143451-6SA55L2.php","9/25/2025 7:08:50 PM","1763"
"C:\Users\Shadow\Web-PDFTimeSaver\vendor\setasign\fpdi\scratches\ArrayVsObject.php","9/25/2025 7:08:50 PM","1763"
"C:\Users\Shadow\Web-PDFTimeSaver\vendor\setasign\fpdi\scratches\ArrayVsObject.sync-conflict-20251012-163508-6SA55L2.php","9/25/2025 7:08:50 PM","1763"
"C:\Users\Shadow\Web-PDFTimeSaver\vendor\setasign\fpdi\src\FpdfTpl.sync-conflict-20251012-143451-6SA55L2.php","9/25/2025 7:08:50 PM","389"
"C:\Users\Shadow\Web-PDFTimeSaver\vendor\setasign\fpdi\src\FpdfTpl.sync-conflict-20251012-163517-6SA55L2.php","9/25/2025 7:08:50 PM","389"
"C:\Users\Shadow\Web-PDFTimeSaver\vendor\setasign\fpdi\src\FpdfTpl.php","9/25/2025 7:08:50 PM","389"
"C:\Users\Shadow\Web-PDFTimeSaver\vendor\setasign\fpdi\src\FpdfTplTrait.sync-conflict-20251012-143451-6SA55L2.php","9/25/2025 7:08:50 PM","14448"
"C:\Users\Shadow\Web-PDFTimeSaver\vendor\setasign\fpdi\src\FpdfTplTrait.sync-conflict-20251012-163508-6SA55L2.php","9/25/2025 7:08:50 PM","14448"
"C:\Users\Shadow\Web-PDFTimeSaver\vendor\setasign\fpdi\src\FpdfTplTrait.php","9/25/2025 7:08:50 PM","14448"
"C:\Users\Shadow\Web-PDFTimeSaver\vendor\setasign\fpdi\src\FpdfTrait.sync-conflict-20251012-163518-6SA55L2.php","9/25/2025 7:08:50 PM","6758"
"C:\Users\Shadow\Web-PDFTimeSaver\vendor\setasign\fpdi\src\FpdfTrait.php","9/25/2025 7:08:50 PM","6758"
"C:\Users\Shadow\Web-PDFTimeSaver\vendor\setasign\fpdi\src\FpdfTrait.sync-conflict-20251012-143455-6SA55L2.php","9/25/2025 7:08:50 PM","6758"
"C:\Users\Shadow\Web-PDFTimeSaver\vendor\setasign\fpdi\src\Fpdi.sync-conflict-20251012-163518-6SA55L2.php","9/25/2025 7:08:50 PM","748"
"C:\Users\Shadow\Web-PDFTimeSaver\vendor\setasign\fpdi\src\Fpdi.php","9/25/2025 7:08:50 PM","748"
"C:\Users\Shadow\Web-PDFTimeSaver\vendor\setasign\fpdi\src\Fpdi.sync-conflict-20251012-143455-6SA55L2.php","9/25/2025 7:08:50 PM","748"
"C:\Users\Shadow\Web-PDFTimeSaver\vendor\setasign\fpdi\src\FpdiException.sync-conflict-20251012-143455-6SA55L2.php","9/25/2025 7:08:50 PM","355"
"C:\Users\Shadow\Web-PDFTimeSaver\vendor\setasign\fpdi\src\FpdiException.php","9/25/2025 7:08:50 PM","355"
"C:\Users\Shadow\Web-PDFTimeSaver\vendor\setasign\fpdi\src\FpdiException.sync-conflict-20251012-163500-6SA55L2.php","9/25/2025 7:08:50 PM","355"
"C:\Users\Shadow\Web-PDFTimeSaver\vendor\setasign\fpdi\src\FpdiTrait.sync-conflict-20251012-163503-6SA55L2.php","9/25/2025 7:08:50 PM","23581"
"C:\Users\Shadow\Web-PDFTimeSaver\vendor\setasign\fpdi\src\FpdiTrait.php","9/25/2025 7:08:50 PM","23581"
"C:\Users\Shadow\Web-PDFTimeSaver\vendor\setasign\fpdi\src\FpdiTrait.sync-conflict-20251012-143451-6SA55L2.php","9/25/2025 7:08:50 PM","23581"
"C:\Users\Shadow\Web-PDFTimeSaver\vendor\setasign\fpdi\src\GraphicsState.sync-conflict-20251012-143455-6SA55L2.php","9/25/2025 7:08:50 PM","1973"
"C:\Users\Shadow\Web-PDFTimeSaver\vendor\setasign\fpdi\src\GraphicsState.sync-conflict-20251012-163505-6SA55L2.php","9/25/2025 7:08:50 PM","1973"
"C:\Users\Shadow\Web-PDFTimeSaver\vendor\setasign\fpdi\src\GraphicsState.php","9/25/2025 7:08:50 PM","1973"
"C:\Users\Shadow\Web-PDFTimeSaver\vendor\setasign\fpdi\src\Math\Matrix.sync-conflict-20251012-143455-6SA55L2.php","9/25/2025 7:08:50 PM","2073"
"C:\Users\Shadow\Web-PDFTimeSaver\vendor\setasign\fpdi\src\Math\Matrix.sync-conflict-20251012-163504-6SA55L2.php","9/25/2025 7:08:50 PM","2073"
"C:\Users\Shadow\Web-PDFTimeSaver\vendor\setasign\fpdi\src\Math\Matrix.php","9/25/2025 7:08:50 PM","2073"
"C:\Users\Shadow\Web-PDFTimeSaver\vendor\setasign\fpdi\src\Math\Vector.sync-conflict-20251012-143454-6SA55L2.php","9/25/2025 7:08:50 PM","1146"
"C:\Users\Shadow\Web-PDFTimeSaver\vendor\setasign\fpdi\src\Math\Vector.sync-conflict-20251012-163500-6SA55L2.php","9/25/2025 7:08:50 PM","1146"
"C:\Users\Shadow\Web-PDFTimeSaver\vendor\setasign\fpdi\src\Math\Vector.php","9/25/2025 7:08:50 PM","1146"
"C:\Users\Shadow\Web-PDFTimeSaver\vendor\setasign\fpdi\src\PdfParser\CrossReference\AbstractReader.sync-conflict-20251012-143452-6SA55L2.php","9/25/2025 7:08:50 PM","2436"
"C:\Users\Shadow\Web-PDFTimeSaver\vendor\setasign\fpdi\src\PdfParser\CrossReference\AbstractReader.sync-conflict-20251012-163511-6SA55L2.php","9/25/2025 7:08:50 PM","2436"
"C:\Users\Shadow\Web-PDFTimeSaver\vendor\setasign\fpdi\src\PdfParser\CrossReference\AbstractReader.php","9/25/2025 7:08:50 PM","2436"
"C:\Users\Shadow\Web-PDFTimeSaver\vendor\setasign\fpdi\src\PdfParser\CrossReference\CrossReference.sync-conflict-20251012-143456-6SA55L2.php","9/25/2025 7:08:50 PM","9949"
"C:\Users\Shadow\Web-PDFTimeSaver\vendor\setasign\fpdi\src\PdfParser\CrossReference\CrossReference.sync-conflict-20251012-163506-6SA55L2.php","9/25/2025 7:08:50 PM","9949"
"C:\Users\Shadow\Web-PDFTimeSaver\vendor\setasign\fpdi\src\PdfParser\CrossReference\CrossReference.php","9/25/2025 7:08:50 PM","9949"
"C:\Users\Shadow\Web-PDFTimeSaver\vendor\setasign\fpdi\src\PdfParser\CrossReference\CrossReferenceException.sync-conflict-20251012-143453-6SA55L2.php","9/25/2025 7:08:50 PM","1277"
"C:\Users\Shadow\Web-PDFTimeSaver\vendor\setasign\fpdi\src\PdfParser\CrossReference\CrossReferenceException.sync-conflict-20251012-163514-6SA55L2.php","9/25/2025 7:08:50 PM","1277"
"C:\Users\Shadow\Web-PDFTimeSaver\vendor\setasign\fpdi\src\PdfParser\CrossReference\CrossReferenceException.php","9/25/2025 7:08:50 PM","1277"
"C:\Users\Shadow\Web-PDFTimeSaver\vendor\setasign\fpdi\src\PdfParser\CrossReference\FixedReader.sync-conflict-20251012-143451-6SA55L2.php","9/25/2025 7:08:50 PM","5909"
"C:\Users\Shadow\Web-PDFTimeSaver\vendor\setasign\fpdi\src\PdfParser\CrossReference\FixedReader.sync-conflict-20251012-163507-6SA55L2.php","9/25/2025 7:08:50 PM","5909"
"C:\Users\Shadow\Web-PDFTimeSaver\vendor\setasign\fpdi\src\PdfParser\CrossReference\FixedReader.php","9/25/2025 7:08:50 PM","5909"
"C:\Users\Shadow\Web-PDFTimeSaver\vendor\setasign\fpdi\src\PdfParser\CrossReference\LineReader.sync-conflict-20251012-143453-6SA55L2.php","9/25/2025 7:08:50 PM","4801"
"C:\Users\Shadow\Web-PDFTimeSaver\vendor\setasign\fpdi\src\PdfParser\CrossReference\LineReader.sync-conflict-20251012-163506-6SA55L2.php","9/25/2025 7:08:50 PM","4801"
"C:\Users\Shadow\Web-PDFTimeSaver\vendor\setasign\fpdi\src\PdfParser\CrossReference\LineReader.php","9/25/2025 7:08:50 PM","4801"
"C:\Users\Shadow\Web-PDFTimeSaver\vendor\setasign\fpdi\src\PdfParser\CrossReference\ReaderInterface.sync-conflict-20251012-143453-6SA55L2.php","9/25/2025 7:08:50 PM","766"
"C:\Users\Shadow\Web-PDFTimeSaver\vendor\setasign\fpdi\src\PdfParser\CrossReference\ReaderInterface.sync-conflict-20251012-163503-6SA55L2.php","9/25/2025 7:08:50 PM","766"
"C:\Users\Shadow\Web-PDFTimeSaver\vendor\setasign\fpdi\src\PdfParser\CrossReference\ReaderInterface.php","9/25/2025 7:08:50 PM","766"
"C:\Users\Shadow\Web-PDFTimeSaver\vendor\setasign\fpdi\src\PdfParser\Filter\Ascii85.sync-conflict-20251012-143452-6SA55L2.php","9/25/2025 7:08:50 PM","2960"
"C:\Users\Shadow\Web-PDFTimeSaver\vendor\setasign\fpdi\src\PdfParser\Filter\Ascii85.sync-conflict-20251012-163504-6SA55L2.php","9/25/2025 7:08:50 PM","2960"
"C:\Users\Shadow\Web-PDFTimeSaver\vendor\setasign\fpdi\src\PdfParser\Filter\Ascii85.php","9/25/2025 7:08:50 PM","2960"
"C:\Users\Shadow\Web-PDFTimeSaver\vendor\setasign\fpdi\src\PdfParser\Filter\Ascii85Exception.sync-conflict-20251012-143454-6SA55L2.php","9/25/2025 7:08:50 PM","519"
"C:\Users\Shadow\Web-PDFTimeSaver\vendor\setasign\fpdi\src\PdfParser\Filter\Ascii85Exception.sync-conflict-20251012-163510-6SA55L2.php","9/25/2025 7:08:50 PM","519"
"C:\Users\Shadow\Web-PDFTimeSaver\vendor\setasign\fpdi\src\PdfParser\Filter\Ascii85Exception.php","9/25/2025 7:08:50 PM","519"
"C:\Users\Shadow\Web-PDFTimeSaver\vendor\setasign\fpdi\src\PdfParser\Filter\AsciiHex.php","9/25/2025 7:08:50 PM","1140"
"C:\Users\Shadow\Web-PDFTimeSaver\vendor\setasign\fpdi\src\PdfParser\Filter\AsciiHex.sync-conflict-20251012-143453-6SA55L2.php","9/25/2025 7:08:50 PM","1140"
"C:\Users\Shadow\Web-PDFTimeSaver\vendor\setasign\fpdi\src\PdfParser\Filter\AsciiHex.sync-conflict-20251012-163501-6SA55L2.php","9/25/2025 7:08:50 PM","1140"
"C:\Users\Shadow\Web-PDFTimeSaver\vendor\setasign\fpdi\src\PdfParser\Filter\FilterInterface.sync-conflict-20251012-143454-6SA55L2.php","9/25/2025 7:08:50 PM","486"
"C:\Users\Shadow\Web-PDFTimeSaver\vendor\setasign\fpdi\src\PdfParser\Filter\FilterInterface.php","9/25/2025 7:08:50 PM","486"
"C:\Users\Shadow\Web-PDFTimeSaver\vendor\setasign\fpdi\src\PdfParser\Filter\FilterInterface.sync-conflict-20251012-163501-6SA55L2.php","9/25/2025 7:08:50 PM","486"
"C:\Users\Shadow\Web-PDFTimeSaver\vendor\setasign\fpdi\src\PdfParser\Filter\FilterException.sync-conflict-20251012-163501-6SA55L2.php","9/25/2025 7:08:50 PM","486"
"C:\Users\Shadow\Web-PDFTimeSaver\vendor\setasign\fpdi\src\PdfParser\Filter\FilterException.php","9/25/2025 7:08:50 PM","486"
"C:\Users\Shadow\Web-PDFTimeSaver\vendor\setasign\fpdi\src\PdfParser\Filter\FilterException.sync-conflict-20251012-143451-6SA55L2.php","9/25/2025 7:08:50 PM","486"
"C:\Users\Shadow\Web-PDFTimeSaver\vendor\setasign\fpdi\src\PdfParser\Filter\Flate.sync-conflict-20251012-143455-6SA55L2.php","9/25/2025 7:08:50 PM","2294"
"C:\Users\Shadow\Web-PDFTimeSaver\vendor\setasign\fpdi\src\PdfParser\Filter\Flate.php","9/25/2025 7:08:50 PM","2294"
"C:\Users\Shadow\Web-PDFTimeSaver\vendor\setasign\fpdi\src\PdfParser\Filter\Flate.sync-conflict-20251012-163517-6SA55L2.php","9/25/2025 7:08:50 PM","2294"
"C:\Users\Shadow\Web-PDFTimeSaver\vendor\setasign\fpdi\src\PdfParser\Filter\FlateException.sync-conflict-20251012-143451-6SA55L2.php","9/25/2025 7:08:50 PM","506"
"C:\Users\Shadow\Web-PDFTimeSaver\vendor\setasign\fpdi\src\PdfParser\Filter\FlateException.sync-conflict-20251012-163509-6SA55L2.php","9/25/2025 7:08:50 PM","506"
"C:\Users\Shadow\Web-PDFTimeSaver\vendor\setasign\fpdi\src\PdfParser\Filter\FlateException.php","9/25/2025 7:08:50 PM","506"
"C:\Users\Shadow\Web-PDFTimeSaver\vendor\setasign\fpdi\src\PdfParser\Filter\Lzw.sync-conflict-20251012-143454-6SA55L2.php","9/25/2025 7:08:50 PM","4004"
"C:\Users\Shadow\Web-PDFTimeSaver\vendor\setasign\fpdi\src\PdfParser\Filter\Lzw.sync-conflict-20251012-163508-6SA55L2.php","9/25/2025 7:08:50 PM","4004"
"C:\Users\Shadow\Web-PDFTimeSaver\vendor\setasign\fpdi\src\PdfParser\Filter\Lzw.php","9/25/2025 7:08:50 PM","4004"
"C:\Users\Shadow\Web-PDFTimeSaver\vendor\setasign\fpdi\src\PdfParser\Filter\LzwException.sync-conflict-20251012-143451-6SA55L2.php","9/25/2025 7:08:50 PM","446"
"C:\Users\Shadow\Web-PDFTimeSaver\vendor\setasign\fpdi\src\PdfParser\Filter\LzwException.sync-conflict-20251012-163515-6SA55L2.php","9/25/2025 7:08:50 PM","446"
"C:\Users\Shadow\Web-PDFTimeSaver\vendor\setasign\fpdi\src\PdfParser\Filter\LzwException.php","9/25/2025 7:08:50 PM","446"
"C:\Users\Shadow\Web-PDFTimeSaver\vendor\setasign\fpdi\src\PdfParser\PdfParser.sync-conflict-20251012-163506-6SA55L2.php","9/25/2025 7:08:50 PM","12677"
"C:\Users\Shadow\Web-PDFTimeSaver\vendor\setasign\fpdi\src\PdfParser\PdfParser.sync-conflict-20251012-143452-6SA55L2.php","9/25/2025 7:08:50 PM","12677"
"C:\Users\Shadow\Web-PDFTimeSaver\vendor\setasign\fpdi\src\PdfParser\PdfParser.php","9/25/2025 7:08:50 PM","12677"
"C:\Users\Shadow\Web-PDFTimeSaver\vendor\setasign\fpdi\src\PdfParser\PdfParserException.sync-conflict-20251012-143455-6SA55L2.php","9/25/2025 7:08:50 PM","843"
"C:\Users\Shadow\Web-PDFTimeSaver\vendor\setasign\fpdi\src\PdfParser\PdfParserException.php","9/25/2025 7:08:50 PM","843"
"C:\Users\Shadow\Web-PDFTimeSaver\vendor\setasign\fpdi\src\PdfParser\PdfParserException.sync-conflict-20251012-163518-6SA55L2.php","9/25/2025 7:08:50 PM","843"
"C:\Users\Shadow\Web-PDFTimeSaver\vendor\setasign\fpdi\src\PdfParser\StreamReader.sync-conflict-20251012-143454-6SA55L2.php","9/25/2025 7:08:50 PM","12206"
"C:\Users\Shadow\Web-PDFTimeSaver\vendor\setasign\fpdi\src\PdfParser\StreamReader.php","9/25/2025 7:08:50 PM","12206"
"C:\Users\Shadow\Web-PDFTimeSaver\vendor\setasign\fpdi\src\PdfParser\StreamReader.sync-conflict-20251012-163502-6SA55L2.php","9/25/2025 7:08:50 PM","12206"
"C:\Users\Shadow\Web-PDFTimeSaver\vendor\setasign\fpdi\src\PdfParser\Tokenizer.php","9/25/2025 7:08:50 PM","3556"
"C:\Users\Shadow\Web-PDFTimeSaver\vendor\setasign\fpdi\src\PdfParser\Tokenizer.sync-conflict-20251012-163503-6SA55L2.php","9/25/2025 7:08:50 PM","3556"
"C:\Users\Shadow\Web-PDFTimeSaver\vendor\setasign\fpdi\src\PdfParser\Tokenizer.sync-conflict-20251012-143454-6SA55L2.php","9/25/2025 7:08:50 PM","3556"
"C:\Users\Shadow\Web-PDFTimeSaver\vendor\setasign\fpdi\src\PdfParser\Type\PdfArray.sync-conflict-20251012-143454-6SA55L2.php","9/25/2025 7:08:50 PM","2110"
"C:\Users\Shadow\Web-PDFTimeSaver\vendor\setasign\fpdi\src\PdfParser\Type\PdfArray.php","9/25/2025 7:08:50 PM","2110"
"C:\Users\Shadow\Web-PDFTimeSaver\vendor\setasign\fpdi\src\PdfParser\Type\PdfArray.sync-conflict-20251012-163502-6SA55L2.php","9/25/2025 7:08:50 PM","2110"
"C:\Users\Shadow\Web-PDFTimeSaver\vendor\setasign\fpdi\src\PdfParser\Type\PdfDictionary.php","9/25/2025 7:08:50 PM","3493"
"C:\Users\Shadow\Web-PDFTimeSaver\vendor\setasign\fpdi\src\PdfParser\Type\PdfDictionary.sync-conflict-20251012-143455-6SA55L2.php","9/25/2025 7:08:50 PM","3493"
"C:\Users\Shadow\Web-PDFTimeSaver\vendor\setasign\fpdi\src\PdfParser\Type\PdfDictionary.sync-conflict-20251012-163500-6SA55L2.php","9/25/2025 7:08:50 PM","3493"
"C:\Users\Shadow\Web-PDFTimeSaver\vendor\setasign\fpdi\src\PdfParser\Type\PdfBoolean.sync-conflict-20251012-163502-6SA55L2.php","9/25/2025 7:08:50 PM","911"
"C:\Users\Shadow\Web-PDFTimeSaver\vendor\setasign\fpdi\src\PdfParser\Type\PdfBoolean.sync-conflict-20251012-143453-6SA55L2.php","9/25/2025 7:08:50 PM","911"
"C:\Users\Shadow\Web-PDFTimeSaver\vendor\setasign\fpdi\src\PdfParser\Type\PdfBoolean.php","9/25/2025 7:08:50 PM","911"
"C:\Users\Shadow\Web-PDFTimeSaver\vendor\setasign\fpdi\src\PdfParser\Type\PdfHexString.sync-conflict-20251012-163502-6SA55L2.php","9/25/2025 7:08:50 PM","1838"
"C:\Users\Shadow\Web-PDFTimeSaver\vendor\setasign\fpdi\src\PdfParser\Type\PdfHexString.sync-conflict-20251012-143455-6SA55L2.php","9/25/2025 7:08:50 PM","1838"
"C:\Users\Shadow\Web-PDFTimeSaver\vendor\setasign\fpdi\src\PdfParser\Type\PdfHexString.php","9/25/2025 7:08:50 PM","1838"
"C:\Users\Shadow\Web-PDFTimeSaver\vendor\setasign\fpdi\src\PdfParser\Type\PdfIndirectObject.php","9/25/2025 7:08:50 PM","2545"
"C:\Users\Shadow\Web-PDFTimeSaver\vendor\setasign\fpdi\src\PdfParser\Type\PdfIndirectObject.sync-conflict-20251012-163501-6SA55L2.php","9/25/2025 7:08:50 PM","2545"
"C:\Users\Shadow\Web-PDFTimeSaver\vendor\setasign\fpdi\src\PdfParser\Type\PdfIndirectObject.sync-conflict-20251012-143453-6SA55L2.php","9/25/2025 7:08:50 PM","2545"
"C:\Users\Shadow\Web-PDFTimeSaver\vendor\setasign\fpdi\src\PdfParser\Type\PdfIndirectObjectReference.php","9/25/2025 7:08:50 PM","1184"
"C:\Users\Shadow\Web-PDFTimeSaver\vendor\setasign\fpdi\src\PdfParser\Type\PdfIndirectObjectReference.sync-conflict-20251012-143456-6SA55L2.php","9/25/2025 7:08:50 PM","1184"
"C:\Users\Shadow\Web-PDFTimeSaver\vendor\setasign\fpdi\src\PdfParser\Type\PdfIndirectObjectReference.sync-conflict-20251012-163502-6SA55L2.php","9/25/2025 7:08:50 PM","1184"
"C:\Users\Shadow\Web-PDFTimeSaver\vendor\setasign\fpdi\src\PdfParser\Type\PdfName.sync-conflict-20251012-143455-6SA55L2.php","9/25/2025 7:08:50 PM","1912"
"C:\Users\Shadow\Web-PDFTimeSaver\vendor\setasign\fpdi\src\PdfParser\Type\PdfName.php","9/25/2025 7:08:50 PM","1912"
"C:\Users\Shadow\Web-PDFTimeSaver\vendor\setasign\fpdi\src\PdfParser\Type\PdfName.sync-conflict-20251012-163518-6SA55L2.php","9/25/2025 7:08:50 PM","1912"
"C:\Users\Shadow\Web-PDFTimeSaver\vendor\setasign\fpdi\src\PdfParser\Type\PdfNull.sync-conflict-20251012-143455-6SA55L2.php","9/25/2025 7:08:50 PM","373"
"C:\Users\Shadow\Web-PDFTimeSaver\vendor\setasign\fpdi\src\PdfParser\Type\PdfNull.sync-conflict-20251012-163500-6SA55L2.php","9/25/2025 7:08:50 PM","373"
"C:\Users\Shadow\Web-PDFTimeSaver\vendor\setasign\fpdi\src\PdfParser\Type\PdfNull.php","9/25/2025 7:08:50 PM","373"
"C:\Users\Shadow\Web-PDFTimeSaver\vendor\setasign\fpdi\src\PdfParser\Type\PdfNumeric.sync-conflict-20251012-143452-6SA55L2.php","9/25/2025 7:08:50 PM","920"
"C:\Users\Shadow\Web-PDFTimeSaver\vendor\setasign\fpdi\src\PdfParser\Type\PdfNumeric.php","9/25/2025 7:08:50 PM","920"
"C:\Users\Shadow\Web-PDFTimeSaver\vendor\setasign\fpdi\src\PdfParser\Type\PdfNumeric.sync-conflict-20251012-163510-6SA55L2.php","9/25/2025 7:08:50 PM","920"
"C:\Users\Shadow\Web-PDFTimeSaver\vendor\setasign\fpdi\src\PdfParser\Type\PdfStream.php","9/25/2025 7:08:50 PM","11249"
"C:\Users\Shadow\Web-PDFTimeSaver\vendor\setasign\fpdi\src\PdfParser\Type\PdfStream.sync-conflict-20251012-143453-6SA55L2.php","9/25/2025 7:08:50 PM","11249"
"C:\Users\Shadow\Web-PDFTimeSaver\vendor\setasign\fpdi\src\PdfParser\Type\PdfStream.sync-conflict-20251012-163518-6SA55L2.php","9/25/2025 7:08:50 PM","11249"
"C:\Users\Shadow\Web-PDFTimeSaver\vendor\setasign\fpdi\src\PdfParser\Type\PdfString.php","9/25/2025 7:08:50 PM","6082"
"C:\Users\Shadow\Web-PDFTimeSaver\vendor\setasign\fpdi\src\PdfParser\Type\PdfString.sync-conflict-20251012-163510-6SA55L2.php","9/25/2025 7:08:50 PM","6082"
"C:\Users\Shadow\Web-PDFTimeSaver\vendor\setasign\fpdi\src\PdfParser\Type\PdfString.sync-conflict-20251012-143456-6SA55L2.php","9/25/2025 7:08:50 PM","6082"
"C:\Users\Shadow\Web-PDFTimeSaver\vendor\setasign\fpdi\src\PdfParser\Type\PdfToken.sync-conflict-20251012-163501-6SA55L2.php","9/25/2025 7:08:50 PM","897"
"C:\Users\Shadow\Web-PDFTimeSaver\vendor\setasign\fpdi\src\PdfParser\Type\PdfToken.php","9/25/2025 7:08:50 PM","897"
"C:\Users\Shadow\Web-PDFTimeSaver\vendor\setasign\fpdi\src\PdfParser\Type\PdfToken.sync-conflict-20251012-143451-6SA55L2.php","9/25/2025 7:08:50 PM","897"
"C:\Users\Shadow\Web-PDFTimeSaver\vendor\setasign\fpdi\src\PdfParser\Type\PdfType.sync-conflict-20251012-143455-6SA55L2.php","9/25/2025 7:08:50 PM","3408"
"C:\Users\Shadow\Web-PDFTimeSaver\vendor\setasign\fpdi\src\PdfParser\Type\PdfType.php","9/25/2025 7:08:50 PM","3408"
"C:\Users\Shadow\Web-PDFTimeSaver\vendor\setasign\fpdi\src\PdfParser\Type\PdfType.sync-conflict-20251012-163503-6SA55L2.php","9/25/2025 7:08:50 PM","3408"
"C:\Users\Shadow\Web-PDFTimeSaver\vendor\setasign\fpdi\src\PdfParser\Type\PdfTypeException.sync-conflict-20251012-163507-6SA55L2.php","9/25/2025 7:08:50 PM","508"
"C:\Users\Shadow\Web-PDFTimeSaver\vendor\setasign\fpdi\src\PdfParser\Type\PdfTypeException.sync-conflict-20251012-143451-6SA55L2.php","9/25/2025 7:08:50 PM","508"
"C:\Users\Shadow\Web-PDFTimeSaver\vendor\setasign\fpdi\src\PdfParser\Type\PdfTypeException.php","9/25/2025 7:08:50 PM","508"
"C:\Users\Shadow\Web-PDFTimeSaver\vendor\setasign\fpdi\src\PdfReader\DataStructure\Rectangle.php","9/25/2025 7:08:50 PM","3895"
"C:\Users\Shadow\Web-PDFTimeSaver\vendor\setasign\fpdi\src\PdfReader\DataStructure\Rectangle.sync-conflict-20251012-163501-6SA55L2.php","9/25/2025 7:08:50 PM","3895"
"C:\Users\Shadow\Web-PDFTimeSaver\vendor\setasign\fpdi\src\PdfReader\DataStructure\Rectangle.sync-conflict-20251012-143451-6SA55L2.php","9/25/2025 7:08:50 PM","3895"
"C:\Users\Shadow\Web-PDFTimeSaver\vendor\setasign\fpdi\src\PdfReader\Page.sync-conflict-20251012-163511-6SA55L2.php","9/25/2025 7:08:50 PM","13851"
"C:\Users\Shadow\Web-PDFTimeSaver\vendor\setasign\fpdi\src\PdfReader\Page.php","9/25/2025 7:08:50 PM","13851"
"C:\Users\Shadow\Web-PDFTimeSaver\vendor\setasign\fpdi\src\PdfReader\Page.sync-conflict-20251012-143456-6SA55L2.php","9/25/2025 7:08:50 PM","13851"
"C:\Users\Shadow\Web-PDFTimeSaver\vendor\setasign\fpdi\src\PdfReader\PageBoundaries.sync-conflict-20251012-143453-6SA55L2.php","9/25/2025 7:08:50 PM","2295"
"C:\Users\Shadow\Web-PDFTimeSaver\vendor\setasign\fpdi\src\PdfReader\PageBoundaries.sync-conflict-20251012-163508-6SA55L2.php","9/25/2025 7:08:50 PM","2295"
"C:\Users\Shadow\Web-PDFTimeSaver\vendor\setasign\fpdi\src\PdfReader\PageBoundaries.php","9/25/2025 7:08:50 PM","2295"
"C:\Users\Shadow\Web-PDFTimeSaver\vendor\setasign\fpdi\src\PdfReader\PdfReader.sync-conflict-20251012-163515-6SA55L2.php","9/25/2025 7:08:50 PM","8006"
"C:\Users\Shadow\Web-PDFTimeSaver\vendor\setasign\fpdi\src\PdfReader\PdfReader.php","9/25/2025 7:08:50 PM","8006"
"C:\Users\Shadow\Web-PDFTimeSaver\vendor\setasign\fpdi\src\PdfReader\PdfReader.sync-conflict-20251012-143457-6SA55L2.php","9/25/2025 7:08:50 PM","8006"
"C:\Users\Shadow\Web-PDFTimeSaver\vendor\setasign\fpdi\src\PdfReader\PdfReaderException.sync-conflict-20251012-163506-6SA55L2.php","9/25/2025 7:08:50 PM","602"
"C:\Users\Shadow\Web-PDFTimeSaver\vendor\setasign\fpdi\src\PdfReader\PdfReaderException.php","9/25/2025 7:08:50 PM","602"
"C:\Users\Shadow\Web-PDFTimeSaver\vendor\setasign\fpdi\src\PdfReader\PdfReaderException.sync-conflict-20251012-143456-6SA55L2.php","9/25/2025 7:08:50 PM","602"
"C:\Users\Shadow\Web-PDFTimeSaver\vendor\setasign\fpdi\src\Tcpdf\Fpdi.sync-conflict-20251012-143452-6SA55L2.php","9/25/2025 7:08:50 PM","13697"
"C:\Users\Shadow\Web-PDFTimeSaver\vendor\setasign\fpdi\src\Tcpdf\Fpdi.sync-conflict-20251012-163515-6SA55L2.php","9/25/2025 7:08:50 PM","13697"
"C:\Users\Shadow\Web-PDFTimeSaver\vendor\setasign\fpdi\src\Tcpdf\Fpdi.php","9/25/2025 7:08:50 PM","13697"
"C:\Users\Shadow\Web-PDFTimeSaver\vendor\setasign\fpdi\src\TcpdfFpdi.sync-conflict-20251012-163511-6SA55L2.php","9/25/2025 7:08:50 PM","559"
"C:\Users\Shadow\Web-PDFTimeSaver\vendor\setasign\fpdi\src\TcpdfFpdi.sync-conflict-20251012-143455-6SA55L2.php","9/25/2025 7:08:50 PM","559"
"C:\Users\Shadow\Web-PDFTimeSaver\vendor\setasign\fpdi\src\TcpdfFpdi.php","9/25/2025 7:08:50 PM","559"
"C:\Users\Shadow\Web-PDFTimeSaver\vendor\setasign\fpdi\src\Tfpdf\FpdfTpl.sync-conflict-20251012-163513-6SA55L2.php","9/25/2025 7:08:50 PM","499"
"C:\Users\Shadow\Web-PDFTimeSaver\vendor\setasign\fpdi\src\Tfpdf\FpdfTpl.php","9/25/2025 7:08:50 PM","499"
"C:\Users\Shadow\Web-PDFTimeSaver\vendor\setasign\fpdi\src\Tfpdf\FpdfTpl.sync-conflict-20251012-143452-6SA55L2.php","9/25/2025 7:08:50 PM","499"
"C:\Users\Shadow\Web-PDFTimeSaver\vendor\setasign\fpdi\src\Tfpdf\Fpdi.sync-conflict-20251012-163504-6SA55L2.php","9/25/2025 7:08:50 PM","603"
"C:\Users\Shadow\Web-PDFTimeSaver\vendor\setasign\fpdi\src\Tfpdf\Fpdi.php","9/25/2025 7:08:50 PM","603"
"C:\Users\Shadow\Web-PDFTimeSaver\vendor\setasign\fpdi\src\Tfpdf\Fpdi.sync-conflict-20251012-143454-6SA55L2.php","9/25/2025 7:08:50 PM","603"
"C:\Users\Shadow\Web-PDFTimeSaver\vendor\setasign\fpdi\src\autoload.php","9/25/2025 7:08:50 PM","629"
"C:\Users\Shadow\Web-PDFTimeSaver\vendor\setasign\fpdi\src\autoload.sync-conflict-20251012-163508-6SA55L2.php","9/25/2025 7:08:50 PM","629"
"C:\Users\Shadow\Web-PDFTimeSaver\vendor\setasign\fpdi\src\autoload.sync-conflict-20251012-143452-6SA55L2.php","9/25/2025 7:08:50 PM","629"
"C:\Users\Shadow\Web-PDFTimeSaver\vendor\setasign\fpdi\tests\_files\images\jpeg.sync-conflict-20251012-163517-6SA55L2.jpg","9/25/2025 7:08:50 PM","15111"
"C:\Users\Shadow\Web-PDFTimeSaver\vendor\setasign\fpdi\tests\_files\images\jpeg.jpg","9/25/2025 7:08:50 PM","15111"
"C:\Users\Shadow\Web-PDFTimeSaver\vendor\setasign\fpdi\tests\_files\images\jpeg.sync-conflict-20251012-143450-6SA55L2.jpg","9/25/2025 7:08:50 PM","15111"
"C:\Users\Shadow\Web-PDFTimeSaver\vendor\setasign\fpdi\tests\_files\images\png-8.png","9/25/2025 7:08:50 PM","10654"
"C:\Users\Shadow\Web-PDFTimeSaver\vendor\setasign\fpdi\tests\_files\images\png-8.sync-conflict-20251012-163515-6SA55L2.png","9/25/2025 7:08:50 PM","10654"
"C:\Users\Shadow\Web-PDFTimeSaver\vendor\setasign\fpdi\tests\_files\images\png-8.sync-conflict-20251012-143451-6SA55L2.png","9/25/2025 7:08:50 PM","10654"
"C:\Users\Shadow\Web-PDFTimeSaver\vendor\setasign\fpdi\tests\_files\pdfs\1000.sync-conflict-20251012-143455-6SA55L2.pdf","9/25/2025 7:08:50 PM","286135"
"C:\Users\Shadow\Web-PDFTimeSaver\vendor\setasign\fpdi\tests\_files\pdfs\1000.sync-conflict-20251012-163515-6SA55L2.pdf","9/25/2025 7:08:50 PM","286135"
"C:\Users\Shadow\Web-PDFTimeSaver\vendor\setasign\fpdi\tests\_files\pdfs\1000.pdf","9/25/2025 7:08:50 PM","286135"
"C:\Users\Shadow\Web-PDFTimeSaver\vendor\setasign\fpdi\tests\_files\pdfs\10000.sync-conflict-20251012-163506-6SA55L2.pdf","9/25/2025 7:08:50 PM","2907297"
"C:\Users\Shadow\Web-PDFTimeSaver\vendor\setasign\fpdi\tests\_files\pdfs\10000.pdf","9/25/2025 7:08:50 PM","2907297"
"C:\Users\Shadow\Web-PDFTimeSaver\vendor\setasign\fpdi\tests\_files\pdfs\10000.sync-conflict-20251012-143456-6SA55L2.pdf","9/25/2025 7:08:50 PM","2907297"
"C:\Users\Shadow\Web-PDFTimeSaver\vendor\setasign\fpdi\tests\_files\pdfs\10000_with-tree.sync-conflict-20251012-163503-6SA55L2.pdf","9/25/2025 7:08:50 PM","6425239"
"C:\Users\Shadow\Web-PDFTimeSaver\vendor\setasign\fpdi\tests\_files\pdfs\10000_with-tree.sync-conflict-20251012-143455-6SA55L2.pdf","9/25/2025 7:08:50 PM","6425239"
"C:\Users\Shadow\Web-PDFTimeSaver\vendor\setasign\fpdi\tests\_files\pdfs\10000_with-tree.pdf","9/25/2025 7:08:50 PM","6425239"
"C:\Users\Shadow\Web-PDFTimeSaver\vendor\setasign\fpdi\tests\_files\pdfs\Boombastic-Box.pdf","9/25/2025 7:08:50 PM","111080"
"C:\Users\Shadow\Web-PDFTimeSaver\vendor\setasign\fpdi\tests\_files\pdfs\Boombastic-Box.sync-conflict-20251012-143452-6SA55L2.pdf","9/25/2025 7:08:50 PM","111080"
"C:\Users\Shadow\Web-PDFTimeSaver\vendor\setasign\fpdi\tests\_files\pdfs\Boombastic-Box.sync-conflict-20251012-163501-6SA55L2.pdf","9/25/2025 7:08:50 PM","111080"
"C:\Users\Shadow\Web-PDFTimeSaver\vendor\setasign\fpdi\tests\_files\pdfs\Example-PDF-2.sync-conflict-20251012-163514-6SA55L2.pdf","9/25/2025 7:08:50 PM","504835"
"C:\Users\Shadow\Web-PDFTimeSaver\vendor\setasign\fpdi\tests\_files\pdfs\Example-PDF-2.sync-conflict-20251012-143451-6SA55L2.pdf","9/25/2025 7:08:50 PM","504835"
"C:\Users\Shadow\Web-PDFTimeSaver\vendor\setasign\fpdi\tests\_files\pdfs\Example-PDF-2.pdf","9/25/2025 7:08:50 PM","504835"
"C:\Users\Shadow\Web-PDFTimeSaver\vendor\setasign\fpdi\tests\_files\pdfs\Fantastic-Speaker.sync-conflict-20251012-143454-6SA55L2.pdf","9/25/2025 7:08:50 PM","568673"
"C:\Users\Shadow\Web-PDFTimeSaver\vendor\setasign\fpdi\tests\_files\pdfs\Fantastic-Speaker.sync-conflict-20251012-163502-6SA55L2.pdf","9/25/2025 7:08:50 PM","568673"
"C:\Users\Shadow\Web-PDFTimeSaver\vendor\setasign\fpdi\tests\_files\pdfs\Fantastic-Speaker.pdf","9/25/2025 7:08:50 PM","568673"
"C:\Users\Shadow\Web-PDFTimeSaver\vendor\setasign\fpdi\tests\_files\pdfs\HybridFile.pdf","9/25/2025 7:08:50 PM","117089"
"C:\Users\Shadow\Web-PDFTimeSaver\vendor\setasign\fpdi\tests\_files\pdfs\HybridFile.sync-conflict-20251012-163511-6SA55L2.pdf","9/25/2025 7:08:50 PM","117089"
"C:\Users\Shadow\Web-PDFTimeSaver\vendor\setasign\fpdi\tests\_files\pdfs\HybridFile.sync-conflict-20251012-143456-6SA55L2.pdf","9/25/2025 7:08:50 PM","117089"
"C:\Users\Shadow\Web-PDFTimeSaver\vendor\setasign\fpdi\tests\_files\pdfs\Noisy-Tube.pdf","9/25/2025 7:08:50 PM","107878"
"C:\Users\Shadow\Web-PDFTimeSaver\vendor\setasign\fpdi\tests\_files\pdfs\Noisy-Tube.sync-conflict-20251012-143457-6SA55L2.pdf","9/25/2025 7:08:50 PM","107878"
"C:\Users\Shadow\Web-PDFTimeSaver\vendor\setasign\fpdi\tests\_files\pdfs\Noisy-Tube.sync-conflict-20251012-163507-6SA55L2.pdf","9/25/2025 7:08:50 PM","107878"
"C:\Users\Shadow\Web-PDFTimeSaver\vendor\setasign\fpdi\tests\_files\pdfs\PDF-complex-structure.pdf","9/25/2025 7:08:50 PM","1259904"
"C:\Users\Shadow\Web-PDFTimeSaver\vendor\setasign\fpdi\tests\_files\pdfs\PDF-complex-structure.sync-conflict-20251012-163500-6SA55L2.pdf","9/25/2025 7:08:50 PM","1259904"
"C:\Users\Shadow\Web-PDFTimeSaver\vendor\setasign\fpdi\tests\_files\pdfs\PDF-complex-structure.sync-conflict-20251012-143452-6SA55L2.pdf","9/25/2025 7:08:50 PM","1259904"
"C:\Users\Shadow\Web-PDFTimeSaver\vendor\setasign\fpdi\tests\_files\pdfs\ReferencesToInvalidObjects.sync-conflict-20251012-143453-6SA55L2.pdf","9/25/2025 7:08:50 PM","754"
"C:\Users\Shadow\Web-PDFTimeSaver\vendor\setasign\fpdi\tests\_files\pdfs\ReferencesToInvalidObjects.sync-conflict-20251012-163514-6SA55L2.pdf","9/25/2025 7:08:50 PM","754"
"C:\Users\Shadow\Web-PDFTimeSaver\vendor\setasign\fpdi\tests\_files\pdfs\ReferencesToInvalidObjects.pdf","9/25/2025 7:08:50 PM","754"
"C:\Users\Shadow\Web-PDFTimeSaver\vendor\setasign\fpdi\tests\_files\pdfs\Word2010.pdf","9/25/2025 7:08:50 PM","82532"
"C:\Users\Shadow\Web-PDFTimeSaver\vendor\setasign\fpdi\tests\_files\pdfs\Word2010.sync-conflict-20251012-163508-6SA55L2.pdf","9/25/2025 7:08:50 PM","82532"
"C:\Users\Shadow\Web-PDFTimeSaver\vendor\setasign\fpdi\tests\_files\pdfs\Word2010.sync-conflict-20251012-143451-6SA55L2.pdf","9/25/2025 7:08:50 PM","82532"
"C:\Users\Shadow\Web-PDFTimeSaver\vendor\setasign\fpdi\tests\_files\pdfs\boxes\All.pdf","9/25/2025 7:08:50 PM","931"
"C:\Users\Shadow\Web-PDFTimeSaver\vendor\setasign\fpdi\tests\_files\pdfs\boxes\All.sync-conflict-20251012-143455-6SA55L2.pdf","9/25/2025 7:08:50 PM","931"
"C:\Users\Shadow\Web-PDFTimeSaver\vendor\setasign\fpdi\tests\_files\pdfs\boxes\All.sync-conflict-20251012-163500-6SA55L2.pdf","9/25/2025 7:08:50 PM","931"
"C:\Users\Shadow\Web-PDFTimeSaver\vendor\setasign\fpdi\tests\_files\pdfs\boxes\All2.pdf","9/25/2025 7:08:50 PM","1152"
"C:\Users\Shadow\Web-PDFTimeSaver\vendor\setasign\fpdi\tests\_files\pdfs\boxes\All2.sync-conflict-20251012-143452-6SA55L2.pdf","9/25/2025 7:08:50 PM","1152"
"C:\Users\Shadow\Web-PDFTimeSaver\vendor\setasign\fpdi\tests\_files\pdfs\boxes\All2.sync-conflict-20251012-163510-6SA55L2.pdf","9/25/2025 7:08:50 PM","1152"
"C:\Users\Shadow\Web-PDFTimeSaver\vendor\setasign\fpdi\tests\_files\pdfs\boxes\[-100 -100 1000 1000].sync-conflict-20251012-163511-6SA55L2.pdf","9/25/2025 7:08:50 PM","711"
"C:\Users\Shadow\Web-PDFTimeSaver\vendor\setasign\fpdi\tests\_files\pdfs\boxes\[-100 -100 1000 1000].sync-conflict-20251012-143453-6SA55L2.pdf","9/25/2025 7:08:50 PM","711"
"C:\Users\Shadow\Web-PDFTimeSaver\vendor\setasign\fpdi\tests\_files\pdfs\boxes\[-100 -100 1000 1000].pdf","9/25/2025 7:08:50 PM","711"
"C:\Users\Shadow\Web-PDFTimeSaver\vendor\setasign\fpdi\tests\_files\pdfs\boxes\[-1000 -1000 -500 -500].pdf","9/25/2025 7:08:50 PM","720"
"C:\Users\Shadow\Web-PDFTimeSaver\vendor\setasign\fpdi\tests\_files\pdfs\boxes\[-1000 -1000 -500 -500].sync-conflict-20251012-143452-6SA55L2.pdf","9/25/2025 7:08:50 PM","720"
"C:\Users\Shadow\Web-PDFTimeSaver\vendor\setasign\fpdi\tests\_files\pdfs\boxes\[-1000 -1000 -500 -500].sync-conflict-20251012-163511-6SA55L2.pdf","9/25/2025 7:08:50 PM","720"
"C:\Users\Shadow\Web-PDFTimeSaver\vendor\setasign\fpdi\tests\_files\pdfs\boxes\[-200 -100 1000 500].pdf","9/25/2025 7:08:50 PM","721"
"C:\Users\Shadow\Web-PDFTimeSaver\vendor\setasign\fpdi\tests\_files\pdfs\boxes\[-200 -100 1000 500].sync-conflict-20251012-143451-6SA55L2.pdf","9/25/2025 7:08:50 PM","721"
"C:\Users\Shadow\Web-PDFTimeSaver\vendor\setasign\fpdi\tests\_files\pdfs\boxes\[-200 -100 1000 500].sync-conflict-20251012-163509-6SA55L2.pdf","9/25/2025 7:08:50 PM","721"
"C:\Users\Shadow\Web-PDFTimeSaver\vendor\setasign\fpdi\tests\_files\pdfs\boxes\[1000 500 -1000 -500]-R-90.pdf","9/25/2025 7:08:50 PM","739"
"C:\Users\Shadow\Web-PDFTimeSaver\vendor\setasign\fpdi\tests\_files\pdfs\boxes\[1000 500 -1000 -500]-R-90.sync-conflict-20251012-163514-6SA55L2.pdf","9/25/2025 7:08:50 PM","739"
"C:\Users\Shadow\Web-PDFTimeSaver\vendor\setasign\fpdi\tests\_files\pdfs\boxes\[1000 500 -1000 -500]-R-90.sync-conflict-20251012-143453-6SA55L2.pdf","9/25/2025 7:08:50 PM","739"
"C:\Users\Shadow\Web-PDFTimeSaver\vendor\setasign\fpdi\tests\_files\pdfs\boxes\[1000 500 -1000 -500]-R90.sync-conflict-20251012-143452-6SA55L2.pdf","9/25/2025 7:08:50 PM","738"
"C:\Users\Shadow\Web-PDFTimeSaver\vendor\setasign\fpdi\tests\_files\pdfs\boxes\[1000 500 -1000 -500]-R90.sync-conflict-20251012-163511-6SA55L2.pdf","9/25/2025 7:08:50 PM","738"
"C:\Users\Shadow\Web-PDFTimeSaver\vendor\setasign\fpdi\tests\_files\pdfs\boxes\[1000 500 -1000 -500]-R90.pdf","9/25/2025 7:08:50 PM","738"
"C:\Users\Shadow\Web-PDFTimeSaver\vendor\setasign\fpdi\tests\_files\pdfs\boxes\[1000 500 -1000 -500].pdf","9/25/2025 7:08:50 PM","724"
"C:\Users\Shadow\Web-PDFTimeSaver\vendor\setasign\fpdi\tests\_files\pdfs\boxes\[1000 500 -1000 -500].sync-conflict-20251012-143453-6SA55L2.pdf","9/25/2025 7:08:50 PM","724"
"C:\Users\Shadow\Web-PDFTimeSaver\vendor\setasign\fpdi\tests\_files\pdfs\boxes\[1000 500 -1000 -500].sync-conflict-20251012-163459-6SA55L2.pdf","9/25/2025 7:08:50 PM","724"
"C:\Users\Shadow\Web-PDFTimeSaver\vendor\setasign\fpdi\tests\_files\pdfs\compressed-xref.sync-conflict-20251012-163508-6SA55L2.pdf","9/25/2025 7:08:50 PM","9234"
"C:\Users\Shadow\Web-PDFTimeSaver\vendor\setasign\fpdi\tests\_files\pdfs\compressed-xref.sync-conflict-20251012-143452-6SA55L2.pdf","9/25/2025 7:08:50 PM","9234"
"C:\Users\Shadow\Web-PDFTimeSaver\vendor\setasign\fpdi\tests\_files\pdfs\compressed-xref.pdf","9/25/2025 7:08:50 PM","9234"
"C:\Users\Shadow\Web-PDFTimeSaver\vendor\setasign\fpdi\tests\_files\pdfs\encrypted\AES256-R6-u=user-o=owner.sync-conflict-20251012-163503-6SA55L2.pdf","9/25/2025 7:08:50 PM","88899"
"C:\Users\Shadow\Web-PDFTimeSaver\vendor\setasign\fpdi\tests\_files\pdfs\encrypted\AES256-R6-u=user-o=owner.sync-conflict-20251012-143454-6SA55L2.pdf","9/25/2025 7:08:50 PM","88899"
"C:\Users\Shadow\Web-PDFTimeSaver\vendor\setasign\fpdi\tests\_files\pdfs\encrypted\AES256-R6-u=user-o=owner.pdf","9/25/2025 7:08:50 PM","88899"
"C:\Users\Shadow\Web-PDFTimeSaver\vendor\setasign\fpdi\tests\_files\pdfs\encrypted\ex37.pdf","9/25/2025 7:08:50 PM","1554"
"C:\Users\Shadow\Web-PDFTimeSaver\vendor\setasign\fpdi\tests\_files\pdfs\encrypted\ex37.sync-conflict-20251012-163508-6SA55L2.pdf","9/25/2025 7:08:50 PM","1554"
"C:\Users\Shadow\Web-PDFTimeSaver\vendor\setasign\fpdi\tests\_files\pdfs\encrypted\ex37.sync-conflict-20251012-143454-6SA55L2.pdf","9/25/2025 7:08:50 PM","1554"
"C:\Users\Shadow\Web-PDFTimeSaver\vendor\setasign\fpdi\tests\_files\pdfs\filters\hex\hex.sync-conflict-20251012-143456-6SA55L2.pdf","9/25/2025 7:08:50 PM","14204"
"C:\Users\Shadow\Web-PDFTimeSaver\vendor\setasign\fpdi\tests\_files\pdfs\filters\hex\hex.pdf","9/25/2025 7:08:50 PM","14204"
"C:\Users\Shadow\Web-PDFTimeSaver\vendor\setasign\fpdi\tests\_files\pdfs\filters\hex\hex.sync-conflict-20251012-163508-6SA55L2.pdf","9/25/2025 7:08:50 PM","14204"
"C:\Users\Shadow\Web-PDFTimeSaver\vendor\setasign\fpdi\tests\_files\pdfs\filters\lzw\999998.sync-conflict-20251012-143454-6SA55L2.pdf","9/25/2025 7:08:50 PM","579804"
"C:\Users\Shadow\Web-PDFTimeSaver\vendor\setasign\fpdi\tests\_files\pdfs\filters\lzw\999998.sync-conflict-20251012-163502-6SA55L2.pdf","9/25/2025 7:08:50 PM","579804"
"C:\Users\Shadow\Web-PDFTimeSaver\vendor\setasign\fpdi\tests\_files\pdfs\filters\lzw\999998.pdf","9/25/2025 7:08:50 PM","579804"
"C:\Users\Shadow\Web-PDFTimeSaver\vendor\setasign\fpdi\tests\_files\pdfs\filters\multiple\flate-and-hex.pdf","9/25/2025 7:08:50 PM","758"
"C:\Users\Shadow\Web-PDFTimeSaver\vendor\setasign\fpdi\tests\_files\pdfs\filters\multiple\flate-and-hex.sync-conflict-20251012-163503-6SA55L2.pdf","9/25/2025 7:08:50 PM","758"
"C:\Users\Shadow\Web-PDFTimeSaver\vendor\setasign\fpdi\tests\_files\pdfs\filters\multiple\flate-and-hex.sync-conflict-20251012-143451-6SA55L2.pdf","9/25/2025 7:08:50 PM","758"
"C:\Users\Shadow\Web-PDFTimeSaver\vendor\setasign\fpdi\tests\_files\pdfs\layers\rect+circle+polygon.sync-conflict-20251012-143454-6SA55L2.pdf","9/25/2025 7:08:50 PM","15901"
"C:\Users\Shadow\Web-PDFTimeSaver\vendor\setasign\fpdi\tests\_files\pdfs\layers\rect+circle+polygon.pdf","9/25/2025 7:08:50 PM","15901"
"C:\Users\Shadow\Web-PDFTimeSaver\vendor\setasign\fpdi\tests\_files\pdfs\layers\rect+circle+polygon.sync-conflict-20251012-163510-6SA55L2.pdf","9/25/2025 7:08:50 PM","15901"
"C:\Users\Shadow\Web-PDFTimeSaver\vendor\setasign\fpdi\tests\_files\pdfs\layers\rect+circle+triangle.pdf","9/25/2025 7:08:50 PM","1644"
"C:\Users\Shadow\Web-PDFTimeSaver\vendor\setasign\fpdi\tests\_files\pdfs\layers\rect+circle+triangle.sync-conflict-20251012-163504-6SA55L2.pdf","9/25/2025 7:08:50 PM","1644"
"C:\Users\Shadow\Web-PDFTimeSaver\vendor\setasign\fpdi\tests\_files\pdfs\layers\rect+circle+triangle.sync-conflict-20251012-143455-6SA55L2.pdf","9/25/2025 7:08:50 PM","1644"
"C:\Users\Shadow\Web-PDFTimeSaver\vendor\setasign\fpdi\tests\_files\pdfs\links\[-100 -100 1000 1000].sync-conflict-20251012-163514-6SA55L2.pdf","9/25/2025 7:08:50 PM","4612"
"C:\Users\Shadow\Web-PDFTimeSaver\vendor\setasign\fpdi\tests\_files\pdfs\links\[-100 -100 1000 1000].pdf","9/25/2025 7:08:50 PM","4612"
"C:\Users\Shadow\Web-PDFTimeSaver\vendor\setasign\fpdi\tests\_files\pdfs\links\[-100 -100 1000 1000].sync-conflict-20251012-143455-6SA55L2.pdf","9/25/2025 7:08:50 PM","4612"
"C:\Users\Shadow\Web-PDFTimeSaver\vendor\setasign\fpdi\tests\_files\pdfs\links\[-1000 -1000 -500 -500].pdf","9/25/2025 7:08:50 PM","4627"
"C:\Users\Shadow\Web-PDFTimeSaver\vendor\setasign\fpdi\tests\_files\pdfs\links\[-1000 -1000 -500 -500].sync-conflict-20251012-143456-6SA55L2.pdf","9/25/2025 7:08:50 PM","4627"
"C:\Users\Shadow\Web-PDFTimeSaver\vendor\setasign\fpdi\tests\_files\pdfs\links\[-1000 -1000 -500 -500].sync-conflict-20251012-163505-6SA55L2.pdf","9/25/2025 7:08:50 PM","4627"
"C:\Users\Shadow\Web-PDFTimeSaver\vendor\setasign\fpdi\tests\_files\pdfs\links\[-200 -100 1000 500].sync-conflict-20251012-163503-6SA55L2.pdf","9/25/2025 7:08:50 PM","4624"
"C:\Users\Shadow\Web-PDFTimeSaver\vendor\setasign\fpdi\tests\_files\pdfs\links\[-200 -100 1000 500].sync-conflict-20251012-143455-6SA55L2.pdf","9/25/2025 7:08:50 PM","4624"
"C:\Users\Shadow\Web-PDFTimeSaver\vendor\setasign\fpdi\tests\_files\pdfs\links\[-200 -100 1000 500].pdf","9/25/2025 7:08:50 PM","4624"
"C:\Users\Shadow\Web-PDFTimeSaver\vendor\setasign\fpdi\tests\_files\pdfs\links\[1000 500 -1000 -500]-R-90.sync-conflict-20251012-163508-6SA55L2.pdf","9/25/2025 7:08:50 PM","4656"
"C:\Users\Shadow\Web-PDFTimeSaver\vendor\setasign\fpdi\tests\_files\pdfs\links\[1000 500 -1000 -500]-R-90.sync-conflict-20251012-143456-6SA55L2.pdf","9/25/2025 7:08:50 PM","4656"
"C:\Users\Shadow\Web-PDFTimeSaver\vendor\setasign\fpdi\tests\_files\pdfs\links\[1000 500 -1000 -500]-R-90.pdf","9/25/2025 7:08:50 PM","4656"
"C:\Users\Shadow\Web-PDFTimeSaver\vendor\setasign\fpdi\tests\_files\pdfs\links\[1000 500 -1000 -500]-R90.pdf","9/25/2025 7:08:50 PM","4653"
"C:\Users\Shadow\Web-PDFTimeSaver\vendor\setasign\fpdi\tests\_files\pdfs\links\[1000 500 -1000 -500]-R90.sync-conflict-20251012-143452-6SA55L2.pdf","9/25/2025 7:08:50 PM","4653"
"C:\Users\Shadow\Web-PDFTimeSaver\vendor\setasign\fpdi\tests\_files\pdfs\links\[1000 500 -1000 -500]-R90.sync-conflict-20251012-163503-6SA55L2.pdf","9/25/2025 7:08:50 PM","4653"
"C:\Users\Shadow\Web-PDFTimeSaver\vendor\setasign\fpdi\tests\_files\pdfs\links\[1000 500 -1000 -500].pdf","9/25/2025 7:08:50 PM","4629"
"C:\Users\Shadow\Web-PDFTimeSaver\vendor\setasign\fpdi\tests\_files\pdfs\links\[1000 500 -1000 -500].sync-conflict-20251012-163505-6SA55L2.pdf","9/25/2025 7:08:50 PM","4629"
"C:\Users\Shadow\Web-PDFTimeSaver\vendor\setasign\fpdi\tests\_files\pdfs\links\[1000 500 -1000 -500].sync-conflict-20251012-143451-6SA55L2.pdf","9/25/2025 7:08:50 PM","4629"
"C:\Users\Shadow\Web-PDFTimeSaver\vendor\setasign\fpdi\tests\_files\pdfs\links\annotations-with-invalid-references.pdf","9/25/2025 7:08:50 PM","779"
"C:\Users\Shadow\Web-PDFTimeSaver\vendor\setasign\fpdi\tests\_files\pdfs\links\annotations-with-invalid-references.sync-conflict-20251012-143453-6SA55L2.pdf","9/25/2025 7:08:50 PM","779"
"C:\Users\Shadow\Web-PDFTimeSaver\vendor\setasign\fpdi\tests\_files\pdfs\links\annotations-with-invalid-references.sync-conflict-20251012-163507-6SA55L2.pdf","9/25/2025 7:08:50 PM","779"
"C:\Users\Shadow\Web-PDFTimeSaver\vendor\setasign\fpdi\tests\_files\pdfs\links\boxes-rotated.pdf","9/25/2025 7:08:50 PM","9621"
"C:\Users\Shadow\Web-PDFTimeSaver\vendor\setasign\fpdi\tests\_files\pdfs\links\boxes-rotated.sync-conflict-20251012-143452-6SA55L2.pdf","9/25/2025 7:08:50 PM","9621"
"C:\Users\Shadow\Web-PDFTimeSaver\vendor\setasign\fpdi\tests\_files\pdfs\links\boxes-rotated.sync-conflict-20251012-163515-6SA55L2.pdf","9/25/2025 7:08:50 PM","9621"
"C:\Users\Shadow\Web-PDFTimeSaver\vendor\setasign\fpdi\tests\_files\pdfs\links\boxes.sync-conflict-20251012-163501-6SA55L2.pdf","9/25/2025 7:08:50 PM","5971"
"C:\Users\Shadow\Web-PDFTimeSaver\vendor\setasign\fpdi\tests\_files\pdfs\links\boxes.sync-conflict-20251012-143452-6SA55L2.pdf","9/25/2025 7:08:50 PM","5971"
"C:\Users\Shadow\Web-PDFTimeSaver\vendor\setasign\fpdi\tests\_files\pdfs\links\boxes.pdf","9/25/2025 7:08:50 PM","5971"
"C:\Users\Shadow\Web-PDFTimeSaver\vendor\setasign\fpdi\tests\_files\pdfs\links\first_file.sync-conflict-20251012-163504-6SA55L2.pdf","9/25/2025 7:08:50 PM","85910"
"C:\Users\Shadow\Web-PDFTimeSaver\vendor\setasign\fpdi\tests\_files\pdfs\links\first_file.sync-conflict-20251012-143450-6SA55L2.pdf","9/25/2025 7:08:50 PM","85910"
"C:\Users\Shadow\Web-PDFTimeSaver\vendor\setasign\fpdi\tests\_files\pdfs\links\first_file.pdf","9/25/2025 7:08:50 PM","85910"
"C:\Users\Shadow\Web-PDFTimeSaver\vendor\setasign\fpdi\tests\_files\pdfs\links\invalid-annots-reference.sync-conflict-20251012-163507-6SA55L2.pdf","9/25/2025 7:08:50 PM","427"
"C:\Users\Shadow\Web-PDFTimeSaver\vendor\setasign\fpdi\tests\_files\pdfs\links\invalid-annots-reference.pdf","9/25/2025 7:08:50 PM","427"
"C:\Users\Shadow\Web-PDFTimeSaver\vendor\setasign\fpdi\tests\_files\pdfs\links\invalid-annots-reference.sync-conflict-20251012-143457-6SA55L2.pdf","9/25/2025 7:08:50 PM","427"
"C:\Users\Shadow\Web-PDFTimeSaver\vendor\setasign\fpdi\tests\_files\pdfs\links\links-with-indirect-references.pdf","9/25/2025 7:08:50 PM","73973"
"C:\Users\Shadow\Web-PDFTimeSaver\vendor\setasign\fpdi\tests\_files\pdfs\links\links-with-indirect-references.sync-conflict-20251012-143451-6SA55L2.pdf","9/25/2025 7:08:50 PM","73973"
"C:\Users\Shadow\Web-PDFTimeSaver\vendor\setasign\fpdi\tests\_files\pdfs\links\links-with-indirect-references.sync-conflict-20251012-163513-6SA55L2.pdf","9/25/2025 7:08:50 PM","73973"
"C:\Users\Shadow\Web-PDFTimeSaver\vendor\setasign\fpdi\tests\_files\pdfs\links\links.sync-conflict-20251012-143451-6SA55L2.pdf","9/25/2025 7:08:50 PM","72523"
"C:\Users\Shadow\Web-PDFTimeSaver\vendor\setasign\fpdi\tests\_files\pdfs\links\links.sync-conflict-20251012-163503-6SA55L2.pdf","9/25/2025 7:08:50 PM","72523"
"C:\Users\Shadow\Web-PDFTimeSaver\vendor\setasign\fpdi\tests\_files\pdfs\links\links.pdf","9/25/2025 7:08:50 PM","72523"
"C:\Users\Shadow\Web-PDFTimeSaver\vendor\setasign\fpdi\tests\_files\pdfs\links\rotated-pages.sync-conflict-20251012-143455-6SA55L2.pdf","9/25/2025 7:08:50 PM","14349"
"C:\Users\Shadow\Web-PDFTimeSaver\vendor\setasign\fpdi\tests\_files\pdfs\links\rotated-pages.sync-conflict-20251012-163511-6SA55L2.pdf","9/25/2025 7:08:50 PM","14349"
"C:\Users\Shadow\Web-PDFTimeSaver\vendor\setasign\fpdi\tests\_files\pdfs\links\rotated-pages.pdf","9/25/2025 7:08:50 PM","14349"
"C:\Users\Shadow\Web-PDFTimeSaver\vendor\setasign\fpdi\tests\_files\pdfs\links\tuto6.sync-conflict-20251012-163513-6SA55L2.pdf","9/25/2025 7:08:50 PM","5742"
"C:\Users\Shadow\Web-PDFTimeSaver\vendor\setasign\fpdi\tests\_files\pdfs\links\tuto6.pdf","9/25/2025 7:08:50 PM","5742"
"C:\Users\Shadow\Web-PDFTimeSaver\vendor\setasign\fpdi\tests\_files\pdfs\links\tuto6.sync-conflict-20251012-143452-6SA55L2.pdf","9/25/2025 7:08:50 PM","5742"
"C:\Users\Shadow\Web-PDFTimeSaver\vendor\setasign\fpdi\tests\_files\pdfs\links\update-links.pdf.sync-conflict-20251012-163504-6SA55L2.php","9/25/2025 7:08:50 PM","1422"
"C:\Users\Shadow\Web-PDFTimeSaver\vendor\setasign\fpdi\tests\_files\pdfs\links\update-links.pdf.sync-conflict-20251012-143454-6SA55L2.php","9/25/2025 7:08:50 PM","1422"
"C:\Users\Shadow\Web-PDFTimeSaver\vendor\setasign\fpdi\tests\_files\pdfs\links\update-links.pdf.php","9/25/2025 7:08:50 PM","1422"
"C:\Users\Shadow\Web-PDFTimeSaver\vendor\setasign\fpdi\tests\_files\pdfs\normal-xref.pdf","9/25/2025 7:08:50 PM","10095"
"C:\Users\Shadow\Web-PDFTimeSaver\vendor\setasign\fpdi\tests\_files\pdfs\normal-xref.sync-conflict-20251012-163501-6SA55L2.pdf","9/25/2025 7:08:50 PM","10095"
"C:\Users\Shadow\Web-PDFTimeSaver\vendor\setasign\fpdi\tests\_files\pdfs\normal-xref.sync-conflict-20251012-143455-6SA55L2.pdf","9/25/2025 7:08:50 PM","10095"
"C:\Users\Shadow\Web-PDFTimeSaver\vendor\setasign\fpdi\tests\_files\pdfs\rotated\-180.sync-conflict-20251012-163514-6SA55L2.pdf","9/25/2025 7:08:50 PM","775"
"C:\Users\Shadow\Web-PDFTimeSaver\vendor\setasign\fpdi\tests\_files\pdfs\rotated\-180.pdf","9/25/2025 7:08:50 PM","775"
"C:\Users\Shadow\Web-PDFTimeSaver\vendor\setasign\fpdi\tests\_files\pdfs\rotated\-180.sync-conflict-20251012-143453-6SA55L2.pdf","9/25/2025 7:08:50 PM","775"
"C:\Users\Shadow\Web-PDFTimeSaver\vendor\setasign\fpdi\tests\_files\pdfs\rotated\-270.sync-conflict-20251012-163509-6SA55L2.pdf","9/25/2025 7:08:50 PM","775"
"C:\Users\Shadow\Web-PDFTimeSaver\vendor\setasign\fpdi\tests\_files\pdfs\rotated\-270.pdf","9/25/2025 7:08:50 PM","775"
"C:\Users\Shadow\Web-PDFTimeSaver\vendor\setasign\fpdi\tests\_files\pdfs\rotated\-270.sync-conflict-20251012-143452-6SA55L2.pdf","9/25/2025 7:08:50 PM","775"
"C:\Users\Shadow\Web-PDFTimeSaver\vendor\setasign\fpdi\tests\_files\pdfs\rotated\-360.sync-conflict-20251012-163500-6SA55L2.pdf","9/25/2025 7:08:50 PM","772"
"C:\Users\Shadow\Web-PDFTimeSaver\vendor\setasign\fpdi\tests\_files\pdfs\rotated\-360.sync-conflict-20251012-143452-6SA55L2.pdf","9/25/2025 7:08:50 PM","772"
"C:\Users\Shadow\Web-PDFTimeSaver\vendor\setasign\fpdi\tests\_files\pdfs\rotated\-360.pdf","9/25/2025 7:08:50 PM","772"
"C:\Users\Shadow\Web-PDFTimeSaver\vendor\setasign\fpdi\tests\_files\pdfs\rotated\-450.sync-conflict-20251012-163507-6SA55L2.pdf","9/25/2025 7:08:50 PM","774"
"C:\Users\Shadow\Web-PDFTimeSaver\vendor\setasign\fpdi\tests\_files\pdfs\rotated\-450.sync-conflict-20251012-143453-6SA55L2.pdf","9/25/2025 7:08:50 PM","774"
"C:\Users\Shadow\Web-PDFTimeSaver\vendor\setasign\fpdi\tests\_files\pdfs\rotated\-450.pdf","9/25/2025 7:08:50 PM","774"
"C:\Users\Shadow\Web-PDFTimeSaver\vendor\setasign\fpdi\tests\_files\pdfs\rotated\-90.pdf","9/25/2025 7:08:50 PM","773"
"C:\Users\Shadow\Web-PDFTimeSaver\vendor\setasign\fpdi\tests\_files\pdfs\rotated\-90.sync-conflict-20251012-163510-6SA55L2.pdf","9/25/2025 7:08:50 PM","773"
"C:\Users\Shadow\Web-PDFTimeSaver\vendor\setasign\fpdi\tests\_files\pdfs\rotated\-90.sync-conflict-20251012-143456-6SA55L2.pdf","9/25/2025 7:08:50 PM","773"
"C:\Users\Shadow\Web-PDFTimeSaver\vendor\setasign\fpdi\tests\_files\pdfs\rotated\180.pdf","9/25/2025 7:08:50 PM","773"
"C:\Users\Shadow\Web-PDFTimeSaver\vendor\setasign\fpdi\tests\_files\pdfs\rotated\180.sync-conflict-20251012-143454-6SA55L2.pdf","9/25/2025 7:08:50 PM","773"
"C:\Users\Shadow\Web-PDFTimeSaver\vendor\setasign\fpdi\tests\_files\pdfs\rotated\180.sync-conflict-20251012-163500-6SA55L2.pdf","9/25/2025 7:08:50 PM","773"
"C:\Users\Shadow\Web-PDFTimeSaver\vendor\setasign\fpdi\tests\_files\pdfs\rotated\270.sync-conflict-20251012-163509-6SA55L2.pdf","9/25/2025 7:08:50 PM","773"
"C:\Users\Shadow\Web-PDFTimeSaver\vendor\setasign\fpdi\tests\_files\pdfs\rotated\270.pdf","9/25/2025 7:08:50 PM","773"
"C:\Users\Shadow\Web-PDFTimeSaver\vendor\setasign\fpdi\tests\_files\pdfs\rotated\270.sync-conflict-20251012-143452-6SA55L2.pdf","9/25/2025 7:08:50 PM","773"
"C:\Users\Shadow\Web-PDFTimeSaver\vendor\setasign\fpdi\tests\_files\pdfs\rotated\360.sync-conflict-20251012-163510-6SA55L2.pdf","9/25/2025 7:08:50 PM","771"
"C:\Users\Shadow\Web-PDFTimeSaver\vendor\setasign\fpdi\tests\_files\pdfs\rotated\360.sync-conflict-20251012-143452-6SA55L2.pdf","9/25/2025 7:08:50 PM","771"
"C:\Users\Shadow\Web-PDFTimeSaver\vendor\setasign\fpdi\tests\_files\pdfs\rotated\360.pdf","9/25/2025 7:08:50 PM","771"
"C:\Users\Shadow\Web-PDFTimeSaver\vendor\setasign\fpdi\tests\_files\pdfs\rotated\450.sync-conflict-20251012-163508-6SA55L2.pdf","9/25/2025 7:08:50 PM","771"
"C:\Users\Shadow\Web-PDFTimeSaver\vendor\setasign\fpdi\tests\_files\pdfs\rotated\450.sync-conflict-20251012-143453-6SA55L2.pdf","9/25/2025 7:08:50 PM","771"
"C:\Users\Shadow\Web-PDFTimeSaver\vendor\setasign\fpdi\tests\_files\pdfs\rotated\450.pdf","9/25/2025 7:08:50 PM","771"
"C:\Users\Shadow\Web-PDFTimeSaver\vendor\setasign\fpdi\tests\_files\pdfs\rotated\90.sync-conflict-20251012-143451-6SA55L2.pdf","9/25/2025 7:08:50 PM","771"
"C:\Users\Shadow\Web-PDFTimeSaver\vendor\setasign\fpdi\tests\_files\pdfs\rotated\90.pdf","9/25/2025 7:08:50 PM","771"
"C:\Users\Shadow\Web-PDFTimeSaver\vendor\setasign\fpdi\tests\_files\pdfs\rotated\90.sync-conflict-20251012-163507-6SA55L2.pdf","9/25/2025 7:08:50 PM","771"
"C:\Users\Shadow\Web-PDFTimeSaver\vendor\setasign\fpdi\tests\_files\pdfs\rotated\all.sync-conflict-20251012-163513-6SA55L2.pdf","9/25/2025 7:08:50 PM","5087"
"C:\Users\Shadow\Web-PDFTimeSaver\vendor\setasign\fpdi\tests\_files\pdfs\rotated\all.pdf","9/25/2025 7:08:50 PM","5087"
"C:\Users\Shadow\Web-PDFTimeSaver\vendor\setasign\fpdi\tests\_files\pdfs\rotated\all.sync-conflict-20251012-143456-6SA55L2.pdf","9/25/2025 7:08:50 PM","5087"
"C:\Users\Shadow\Web-PDFTimeSaver\vendor\setasign\fpdi\tests\_files\pdfs\specials\0 0 R\template_pracovny_prikaz7-ooo-a.sync-conflict-20251012-143457-6SA55L2.pdf","9/25/2025 7:08:50 PM","241970"
"C:\Users\Shadow\Web-PDFTimeSaver\vendor\setasign\fpdi\tests\_files\pdfs\specials\0 0 R\template_pracovny_prikaz7-ooo-a.sync-conflict-20251012-163513-6SA55L2.pdf","9/25/2025 7:08:50 PM","241970"
"C:\Users\Shadow\Web-PDFTimeSaver\vendor\setasign\fpdi\tests\_files\pdfs\specials\0 0 R\template_pracovny_prikaz7-ooo-a.pdf","9/25/2025 7:08:50 PM","241970"
"C:\Users\Shadow\Web-PDFTimeSaver\vendor\setasign\fpdi\tests\_files\pdfs\specials\0 0 R\template_pracovny_prikaz7-ooo-a.sync-conflict-20251012-143451-6SA55L2.txt","9/25/2025 7:08:50 PM","53"
"C:\Users\Shadow\Web-PDFTimeSaver\vendor\setasign\fpdi\tests\_files\pdfs\specials\0 0 R\template_pracovny_prikaz7-ooo-a.txt","9/25/2025 7:08:50 PM","53"
"C:\Users\Shadow\Web-PDFTimeSaver\vendor\setasign\fpdi\tests\_files\pdfs\specials\0 0 R\template_pracovny_prikaz7-ooo-a.sync-conflict-20251012-163509-6SA55L2.txt","9/25/2025 7:08:50 PM","53"
"C:\Users\Shadow\Web-PDFTimeSaver\vendor\setasign\fpdi\tests\_files\pdfs\specials\ContentsArrayWithNoStream.sync-conflict-20251012-163500-6SA55L2.pdf","9/25/2025 7:08:50 PM","580"
"C:\Users\Shadow\Web-PDFTimeSaver\vendor\setasign\fpdi\tests\_files\pdfs\specials\ContentsArrayWithNoStream.sync-conflict-20251012-143456-6SA55L2.pdf","9/25/2025 7:08:50 PM","580"
"C:\Users\Shadow\Web-PDFTimeSaver\vendor\setasign\fpdi\tests\_files\pdfs\specials\ContentsArrayWithNoStream.pdf","9/25/2025 7:08:50 PM","580"
"C:\Users\Shadow\Web-PDFTimeSaver\vendor\setasign\fpdi\tests\_files\pdfs\specials\ContentsArrayWithReferenceToNotExistingObject.sync-conflict-20251012-143456-6SA55L2.pdf","9/25/2025 7:08:50 PM","531"
"C:\Users\Shadow\Web-PDFTimeSaver\vendor\setasign\fpdi\tests\_files\pdfs\specials\ContentsArrayWithReferenceToNotExistingObject.sync-conflict-20251012-163504-6SA55L2.pdf","9/25/2025 7:08:50 PM","531"
"C:\Users\Shadow\Web-PDFTimeSaver\vendor\setasign\fpdi\tests\_files\pdfs\specials\ContentsArrayWithReferenceToNotExistingObject.pdf","9/25/2025 7:08:50 PM","531"
"C:\Users\Shadow\Web-PDFTimeSaver\vendor\setasign\fpdi\tests\_files\pdfs\specials\ContentsWithReferenceToNotExistingObject.sync-conflict-20251012-143454-6SA55L2.pdf","9/25/2025 7:08:50 PM","529"
"C:\Users\Shadow\Web-PDFTimeSaver\vendor\setasign\fpdi\tests\_files\pdfs\specials\ContentsWithReferenceToNotExistingObject.sync-conflict-20251012-163518-6SA55L2.pdf","9/25/2025 7:08:50 PM","529"
"C:\Users\Shadow\Web-PDFTimeSaver\vendor\setasign\fpdi\tests\_files\pdfs\specials\ContentsWithReferenceToNotExistingObject.pdf","9/25/2025 7:08:50 PM","529"
"C:\Users\Shadow\Web-PDFTimeSaver\vendor\setasign\fpdi\tests\_files\pdfs\specials\NoContentsEntry.sync-conflict-20251012-143452-6SA55L2.pdf","9/25/2025 7:08:50 PM","411"
"C:\Users\Shadow\Web-PDFTimeSaver\vendor\setasign\fpdi\tests\_files\pdfs\specials\NoContentsEntry.sync-conflict-20251012-163500-6SA55L2.pdf","9/25/2025 7:08:50 PM","411"
"C:\Users\Shadow\Web-PDFTimeSaver\vendor\setasign\fpdi\tests\_files\pdfs\specials\NoContentsEntry.pdf","9/25/2025 7:08:50 PM","411"
"C:\Users\Shadow\Web-PDFTimeSaver\vendor\setasign\fpdi\tests\_files\pdfs\specials\bytes-before-file-header\Fantastic-Speaker-bytes-before-fileheader.sync-conflict-20251012-163500-6SA55L2.pdf","9/25/2025 7:08:50 PM","569343"
"C:\Users\Shadow\Web-PDFTimeSaver\vendor\setasign\fpdi\tests\_files\pdfs\specials\bytes-before-file-header\Fantastic-Speaker-bytes-before-fileheader.sync-conflict-20251012-143453-6SA55L2.pdf","9/25/2025 7:08:50 PM","569343"
"C:\Users\Shadow\Web-PDFTimeSaver\vendor\setasign\fpdi\tests\_files\pdfs\specials\bytes-before-file-header\Fantastic-Speaker-bytes-before-fileheader.pdf","9/25/2025 7:08:50 PM","569343"
"C:\Users\Shadow\Web-PDFTimeSaver\vendor\setasign\fpdi\tests\_files\pdfs\specials\invalid-type-at-object-offset.sync-conflict-20251012-143451-6SA55L2.pdf","9/25/2025 7:08:50 PM","15000747"
"C:\Users\Shadow\Web-PDFTimeSaver\vendor\setasign\fpdi\tests\_files\pdfs\specials\invalid-type-at-object-offset.pdf","9/25/2025 7:08:50 PM","15000747"
"C:\Users\Shadow\Web-PDFTimeSaver\vendor\setasign\fpdi\tests\_files\pdfs\specials\invalid-type-at-object-offset.sync-conflict-20251012-163505-6SA55L2.pdf","9/25/2025 7:08:50 PM","15000747"
"C:\Users\Shadow\Web-PDFTimeSaver\vendor\setasign\fpdi\tests\_files\pdfs\specials\page-trees\PageTree.pdf","9/25/2025 7:08:50 PM","4279"
"C:\Users\Shadow\Web-PDFTimeSaver\vendor\setasign\fpdi\tests\_files\pdfs\specials\page-trees\PageTree.sync-conflict-20251012-143453-6SA55L2.pdf","9/25/2025 7:08:50 PM","4279"
"C:\Users\Shadow\Web-PDFTimeSaver\vendor\setasign\fpdi\tests\_files\pdfs\specials\page-trees\PageTree.sync-conflict-20251012-163502-6SA55L2.pdf","9/25/2025 7:08:50 PM","4279"
"C:\Users\Shadow\Web-PDFTimeSaver\vendor\setasign\fpdi\tests\_files\pdfs\specials\page-trees\PageTree2.pdf","9/25/2025 7:08:50 PM","16492"
"C:\Users\Shadow\Web-PDFTimeSaver\vendor\setasign\fpdi\tests\_files\pdfs\specials\page-trees\PageTree2.sync-conflict-20251012-163517-6SA55L2.pdf","9/25/2025 7:08:50 PM","16492"
"C:\Users\Shadow\Web-PDFTimeSaver\vendor\setasign\fpdi\tests\_files\pdfs\specials\page-trees\PageTree2.sync-conflict-20251012-143456-6SA55L2.pdf","9/25/2025 7:08:50 PM","16492"
"C:\Users\Shadow\Web-PDFTimeSaver\vendor\setasign\fpdi\tests\_files\pdfs\specials\page-trees\PageTreeWithEmptyKids.sync-conflict-20251012-143452-6SA55L2.pdf","9/25/2025 7:08:50 PM","1987"
"C:\Users\Shadow\Web-PDFTimeSaver\vendor\setasign\fpdi\tests\_files\pdfs\specials\page-trees\PageTreeWithEmptyKids.pdf","9/25/2025 7:08:50 PM","1987"
"C:\Users\Shadow\Web-PDFTimeSaver\vendor\setasign\fpdi\tests\_files\pdfs\specials\page-trees\PageTreeWithEmptyKids.sync-conflict-20251012-163500-6SA55L2.pdf","9/25/2025 7:08:50 PM","1987"
"C:\Users\Shadow\Web-PDFTimeSaver\vendor\setasign\fpdi\tests\_files\pdfs\specials\page-trees\PageTreeWithEmptyKids2.sync-conflict-20251012-163504-6SA55L2.pdf","9/25/2025 7:08:50 PM","1991"
"C:\Users\Shadow\Web-PDFTimeSaver\vendor\setasign\fpdi\tests\_files\pdfs\specials\page-trees\PageTreeWithEmptyKids2.pdf","9/25/2025 7:08:50 PM","1991"
"C:\Users\Shadow\Web-PDFTimeSaver\vendor\setasign\fpdi\tests\_files\pdfs\specials\page-trees\PageTreeWithEmptyKids2.sync-conflict-20251012-143452-6SA55L2.pdf","9/25/2025 7:08:50 PM","1991"
"C:\Users\Shadow\Web-PDFTimeSaver\vendor\setasign\fpdi\tests\_files\pdfs\specials\page-trees\PageTreeWithEmptyKids3.sync-conflict-20251012-163511-6SA55L2.pdf","9/25/2025 7:08:50 PM","1140"
"C:\Users\Shadow\Web-PDFTimeSaver\vendor\setasign\fpdi\tests\_files\pdfs\specials\page-trees\PageTreeWithEmptyKids3.pdf","9/25/2025 7:08:50 PM","1140"
"C:\Users\Shadow\Web-PDFTimeSaver\vendor\setasign\fpdi\tests\_files\pdfs\specials\page-trees\PageTreeWithEmptyKids3.sync-conflict-20251012-143452-6SA55L2.pdf","9/25/2025 7:08:50 PM","1140"
"C:\Users\Shadow\Web-PDFTimeSaver\vendor\setasign\fpdi\tests\_files\pdfs\specials\page-trees\PageTreeWithInvalidTypeAndMisslLeadingCount.sync-conflict-20251012-163509-6SA55L2.pdf","9/25/2025 7:08:50 PM","463"
"C:\Users\Shadow\Web-PDFTimeSaver\vendor\setasign\fpdi\tests\_files\pdfs\specials\page-trees\PageTreeWithInvalidTypeAndMisslLeadingCount.pdf","9/25/2025 7:08:50 PM","463"
"C:\Users\Shadow\Web-PDFTimeSaver\vendor\setasign\fpdi\tests\_files\pdfs\specials\page-trees\PageTreeWithInvalidTypeAndMisslLeadingCount.sync-conflict-20251012-143456-6SA55L2.pdf","9/25/2025 7:08:50 PM","463"
"C:\Users\Shadow\Web-PDFTimeSaver\vendor\setasign\fpdi\tests\_files\pdfs\stamps\ENU\SignHere.sync-conflict-20251012-143455-6SA55L2.pdf","9/25/2025 7:08:50 PM","40726"
"C:\Users\Shadow\Web-PDFTimeSaver\vendor\setasign\fpdi\tests\_files\pdfs\stamps\ENU\SignHere.pdf","9/25/2025 7:08:50 PM","40726"
"C:\Users\Shadow\Web-PDFTimeSaver\vendor\setasign\fpdi\tests\_files\pdfs\stamps\ENU\SignHere.sync-conflict-20251012-163508-6SA55L2.pdf","9/25/2025 7:08:50 PM","40726"
"C:\Users\Shadow\Web-PDFTimeSaver\vendor\setasign\fpdi\tests\_files\pdfs\stamps\ENU\Standard.sync-conflict-20251012-163505-6SA55L2.pdf","9/25/2025 7:08:50 PM","115957"
"C:\Users\Shadow\Web-PDFTimeSaver\vendor\setasign\fpdi\tests\_files\pdfs\stamps\ENU\Standard.sync-conflict-20251012-143451-6SA55L2.pdf","9/25/2025 7:08:50 PM","115957"
"C:\Users\Shadow\Web-PDFTimeSaver\vendor\setasign\fpdi\tests\_files\pdfs\stamps\ENU\Standard.pdf","9/25/2025 7:08:50 PM","115957"
"C:\Users\Shadow\Web-PDFTimeSaver\vendor\setasign\fpdi\tests\_files\pdfs\stamps\ENU\StandardBusiness.sync-conflict-20251012-143455-6SA55L2.pdf","9/25/2025 7:08:50 PM","108763"
"C:\Users\Shadow\Web-PDFTimeSaver\vendor\setasign\fpdi\tests\_files\pdfs\stamps\ENU\StandardBusiness.pdf","9/25/2025 7:08:50 PM","108763"
"C:\Users\Shadow\Web-PDFTimeSaver\vendor\setasign\fpdi\tests\_files\pdfs\stamps\ENU\StandardBusiness.sync-conflict-20251012-163506-6SA55L2.pdf","9/25/2025 7:08:50 PM","108763"
"C:\Users\Shadow\Web-PDFTimeSaver\vendor\setasign\fpdi\tests\_files\pdfs\stamps\INFO.sync-conflict-20251012-163504-6SA55L2.txt","9/25/2025 7:08:50 PM","96"
"C:\Users\Shadow\Web-PDFTimeSaver\vendor\setasign\fpdi\tests\_files\pdfs\stamps\INFO.txt","9/25/2025 7:08:50 PM","96"
"C:\Users\Shadow\Web-PDFTimeSaver\vendor\setasign\fpdi\tests\_files\pdfs\stamps\INFO.sync-conflict-20251012-143456-6SA55L2.txt","9/25/2025 7:08:50 PM","96"
"C:\Users\Shadow\Web-PDFTimeSaver\vendor\setasign\fpdi\tests\_files\pdfs\tektown\Letterhead.sync-conflict-20251012-163510-6SA55L2.pdf","9/25/2025 7:08:50 PM","76143"
"C:\Users\Shadow\Web-PDFTimeSaver\vendor\setasign\fpdi\tests\_files\pdfs\tektown\Letterhead.sync-conflict-20251012-143452-6SA55L2.pdf","9/25/2025 7:08:50 PM","76143"
"C:\Users\Shadow\Web-PDFTimeSaver\vendor\setasign\fpdi\tests\_files\pdfs\tektown\Letterhead.pdf","9/25/2025 7:08:50 PM","76143"
"C:\Users\Shadow\Web-PDFTimeSaver\vendor\setasign\fpdi\tests\_files\pdfs\tektown\Logo.sync-conflict-20251012-163509-6SA55L2.pdf","9/25/2025 7:08:50 PM","19978"
"C:\Users\Shadow\Web-PDFTimeSaver\vendor\setasign\fpdi\tests\_files\pdfs\tektown\Logo.sync-conflict-20251012-143456-6SA55L2.pdf","9/25/2025 7:08:50 PM","19978"
"C:\Users\Shadow\Web-PDFTimeSaver\vendor\setasign\fpdi\tests\_files\pdfs\tektown\Logo.pdf","9/25/2025 7:08:50 PM","19978"
"C:\Users\Shadow\Web-PDFTimeSaver\vendor\setasign\fpdi\tests\_files\pdfs\transparency\ex74.pdf","9/25/2025 7:08:50 PM","28867"
"C:\Users\Shadow\Web-PDFTimeSaver\vendor\setasign\fpdi\tests\_files\pdfs\transparency\ex74.sync-conflict-20251012-163511-6SA55L2.pdf","9/25/2025 7:08:50 PM","28867"
"C:\Users\Shadow\Web-PDFTimeSaver\vendor\setasign\fpdi\tests\_files\pdfs\transparency\ex74.sync-conflict-20251012-143452-6SA55L2.pdf","9/25/2025 7:08:50 PM","28867"
"C:\Users\Shadow\Web-PDFTimeSaver\vendor\setasign\fpdi\tests\bootstrap.sync-conflict-20251012-163513-6SA55L2.php","9/25/2025 7:08:50 PM","581"
"C:\Users\Shadow\Web-PDFTimeSaver\vendor\setasign\fpdi\tests\bootstrap.php","9/25/2025 7:08:50 PM","581"
"C:\Users\Shadow\Web-PDFTimeSaver\vendor\setasign\fpdi\tests\bootstrap.sync-conflict-20251012-143452-6SA55L2.php","9/25/2025 7:08:50 PM","581"
"C:\Users\Shadow\Web-PDFTimeSaver\vendor\setasign\fpdi\tests\functional\FpdfTplTest.sync-conflict-20251012-143456-6SA55L2.php","9/25/2025 7:08:50 PM","15210"
"C:\Users\Shadow\Web-PDFTimeSaver\vendor\setasign\fpdi\tests\functional\FpdfTplTest.sync-conflict-20251012-163513-6SA55L2.php","9/25/2025 7:08:50 PM","15210"
"C:\Users\Shadow\Web-PDFTimeSaver\vendor\setasign\fpdi\tests\functional\FpdfTplTest.php","9/25/2025 7:08:50 PM","15210"
"C:\Users\Shadow\Web-PDFTimeSaver\vendor\setasign\fpdi\tests\functional\FpdiTest.php","9/25/2025 7:08:50 PM","6108"
"C:\Users\Shadow\Web-PDFTimeSaver\vendor\setasign\fpdi\tests\functional\FpdiTest.sync-conflict-20251012-143455-6SA55L2.php","9/25/2025 7:08:50 PM","6108"
"C:\Users\Shadow\Web-PDFTimeSaver\vendor\setasign\fpdi\tests\functional\FpdiTest.sync-conflict-20251012-163504-6SA55L2.php","9/25/2025 7:08:50 PM","6108"
"C:\Users\Shadow\Web-PDFTimeSaver\vendor\setasign\fpdi\tests\functional\FpdiTraitTest.sync-conflict-20251012-163509-6SA55L2.php","9/25/2025 7:08:50 PM","10676"
"C:\Users\Shadow\Web-PDFTimeSaver\vendor\setasign\fpdi\tests\functional\FpdiTraitTest.php","9/25/2025 7:08:50 PM","10676"
"C:\Users\Shadow\Web-PDFTimeSaver\vendor\setasign\fpdi\tests\functional\FpdiTraitTest.sync-conflict-20251012-143455-6SA55L2.php","9/25/2025 7:08:50 PM","10676"
"C:\Users\Shadow\Web-PDFTimeSaver\vendor\setasign\fpdi\tests\functional\FpdiTraitTestClass.sync-conflict-20251012-163510-6SA55L2.php","9/25/2025 7:08:50 PM","1046"
"C:\Users\Shadow\Web-PDFTimeSaver\vendor\setasign\fpdi\tests\functional\FpdiTraitTestClass.php","9/25/2025 7:08:50 PM","1046"
"C:\Users\Shadow\Web-PDFTimeSaver\vendor\setasign\fpdi\tests\functional\FpdiTraitTestClass.sync-conflict-20251012-143455-6SA55L2.php","9/25/2025 7:08:50 PM","1046"
"C:\Users\Shadow\Web-PDFTimeSaver\vendor\setasign\fpdi\tests\functional\LinkHandling\AbstractTest.sync-conflict-20251012-163504-6SA55L2.php","9/25/2025 7:08:50 PM","28532"
"C:\Users\Shadow\Web-PDFTimeSaver\vendor\setasign\fpdi\tests\functional\LinkHandling\AbstractTest.php","9/25/2025 7:08:50 PM","28532"
"C:\Users\Shadow\Web-PDFTimeSaver\vendor\setasign\fpdi\tests\functional\LinkHandling\AbstractTest.sync-conflict-20251012-143456-6SA55L2.php","9/25/2025 7:08:50 PM","28532"
"C:\Users\Shadow\Web-PDFTimeSaver\vendor\setasign\fpdi\tests\functional\LinkHandling\FpdiTest.sync-conflict-20251012-163509-6SA55L2.php","9/25/2025 7:08:50 PM","309"
"C:\Users\Shadow\Web-PDFTimeSaver\vendor\setasign\fpdi\tests\functional\LinkHandling\FpdiTest.sync-conflict-20251012-143450-6SA55L2.php","9/25/2025 7:08:50 PM","309"
"C:\Users\Shadow\Web-PDFTimeSaver\vendor\setasign\fpdi\tests\functional\LinkHandling\FpdiTest.php","9/25/2025 7:08:50 PM","309"
"C:\Users\Shadow\Web-PDFTimeSaver\vendor\setasign\fpdi\tests\functional\LinkHandling\TcpdfTest.sync-conflict-20251012-163510-6SA55L2.php","9/25/2025 7:08:50 PM","2670"
"C:\Users\Shadow\Web-PDFTimeSaver\vendor\setasign\fpdi\tests\functional\LinkHandling\TcpdfTest.sync-conflict-20251012-143451-6SA55L2.php","9/25/2025 7:08:50 PM","2670"
"C:\Users\Shadow\Web-PDFTimeSaver\vendor\setasign\fpdi\tests\functional\LinkHandling\TcpdfTest.php","9/25/2025 7:08:50 PM","2670"
"C:\Users\Shadow\Web-PDFTimeSaver\vendor\setasign\fpdi\tests\functional\LinkHandling\TfpdfTest.sync-conflict-20251012-163505-6SA55L2.php","9/25/2025 7:08:50 PM","316"
"C:\Users\Shadow\Web-PDFTimeSaver\vendor\setasign\fpdi\tests\functional\LinkHandling\TfpdfTest.php","9/25/2025 7:08:50 PM","316"
"C:\Users\Shadow\Web-PDFTimeSaver\vendor\setasign\fpdi\tests\functional\LinkHandling\TfpdfTest.sync-conflict-20251012-143456-6SA55L2.php","9/25/2025 7:08:50 PM","316"
"C:\Users\Shadow\Web-PDFTimeSaver\vendor\setasign\fpdi\tests\functional\PdfParser\CrossReference\CrossReferenceTest.sync-conflict-20251012-163518-6SA55L2.php","9/25/2025 7:08:50 PM","20410"
"C:\Users\Shadow\Web-PDFTimeSaver\vendor\setasign\fpdi\tests\functional\PdfParser\CrossReference\CrossReferenceTest.sync-conflict-20251012-143453-6SA55L2.php","9/25/2025 7:08:50 PM","20410"
"C:\Users\Shadow\Web-PDFTimeSaver\vendor\setasign\fpdi\tests\functional\PdfParser\CrossReference\CrossReferenceTest.php","9/25/2025 7:08:50 PM","20410"
"C:\Users\Shadow\Web-PDFTimeSaver\vendor\setasign\fpdi\tests\functional\PdfParser\CrossReference\FixedReaderTest.php","9/25/2025 7:08:50 PM","7297"
"C:\Users\Shadow\Web-PDFTimeSaver\vendor\setasign\fpdi\tests\functional\PdfParser\CrossReference\FixedReaderTest.sync-conflict-20251012-163506-6SA55L2.php","9/25/2025 7:08:50 PM","7297"
"C:\Users\Shadow\Web-PDFTimeSaver\vendor\setasign\fpdi\tests\functional\PdfParser\CrossReference\FixedReaderTest.sync-conflict-20251012-143454-6SA55L2.php","9/25/2025 7:08:50 PM","7297"
"C:\Users\Shadow\Web-PDFTimeSaver\vendor\setasign\fpdi\tests\functional\PdfParser\CrossReference\LineReaderTest.php","9/25/2025 7:08:50 PM","6390"
"C:\Users\Shadow\Web-PDFTimeSaver\vendor\setasign\fpdi\tests\functional\PdfParser\CrossReference\LineReaderTest.sync-conflict-20251012-163513-6SA55L2.php","9/25/2025 7:08:50 PM","6390"
"C:\Users\Shadow\Web-PDFTimeSaver\vendor\setasign\fpdi\tests\functional\PdfParser\CrossReference\LineReaderTest.sync-conflict-20251012-143452-6SA55L2.php","9/25/2025 7:08:50 PM","6390"
"C:\Users\Shadow\Web-PDFTimeSaver\vendor\setasign\fpdi\tests\functional\PdfParser\Filter\Ascii85Test.sync-conflict-20251012-163510-6SA55L2.php","9/25/2025 7:08:50 PM","3261"
"C:\Users\Shadow\Web-PDFTimeSaver\vendor\setasign\fpdi\tests\functional\PdfParser\Filter\Ascii85Test.sync-conflict-20251012-143453-6SA55L2.php","9/25/2025 7:08:50 PM","3261"
"C:\Users\Shadow\Web-PDFTimeSaver\vendor\setasign\fpdi\tests\functional\PdfParser\Filter\Ascii85Test.php","9/25/2025 7:08:50 PM","3261"
"C:\Users\Shadow\Web-PDFTimeSaver\vendor\setasign\fpdi\tests\functional\PdfParser\Filter\AsciiHexTest.php","9/25/2025 7:08:50 PM","1163"
"C:\Users\Shadow\Web-PDFTimeSaver\vendor\setasign\fpdi\tests\functional\PdfParser\Filter\AsciiHexTest.sync-conflict-20251012-163508-6SA55L2.php","9/25/2025 7:08:50 PM","1163"
"C:\Users\Shadow\Web-PDFTimeSaver\vendor\setasign\fpdi\tests\functional\PdfParser\Filter\AsciiHexTest.sync-conflict-20251012-143455-6SA55L2.php","9/25/2025 7:08:50 PM","1163"
"C:\Users\Shadow\Web-PDFTimeSaver\vendor\setasign\fpdi\tests\functional\PdfParser\Filter\FlateTest.sync-conflict-20251012-143453-6SA55L2.php","9/25/2025 7:08:50 PM","18797"
"C:\Users\Shadow\Web-PDFTimeSaver\vendor\setasign\fpdi\tests\functional\PdfParser\Filter\FlateTest.sync-conflict-20251012-163500-6SA55L2.php","9/25/2025 7:08:50 PM","18797"
"C:\Users\Shadow\Web-PDFTimeSaver\vendor\setasign\fpdi\tests\functional\PdfParser\Filter\FlateTest.php","9/25/2025 7:08:50 PM","18797"
"C:\Users\Shadow\Web-PDFTimeSaver\vendor\setasign\fpdi\tests\functional\PdfParser\Filter\LzwTest.sync-conflict-20251012-143455-6SA55L2.php","9/25/2025 7:08:50 PM","1247"
"C:\Users\Shadow\Web-PDFTimeSaver\vendor\setasign\fpdi\tests\functional\PdfParser\Filter\LzwTest.sync-conflict-20251012-163507-6SA55L2.php","9/25/2025 7:08:50 PM","1247"
"C:\Users\Shadow\Web-PDFTimeSaver\vendor\setasign\fpdi\tests\functional\PdfParser\Filter\LzwTest.php","9/25/2025 7:08:50 PM","1247"
"C:\Users\Shadow\Web-PDFTimeSaver\vendor\setasign\fpdi\tests\functional\PdfParser\Filter\_files\Flate\special-decoded.sync-conflict-20251012-163514-6SA55L2.bin","9/25/2025 7:08:50 PM","62166"
"C:\Users\Shadow\Web-PDFTimeSaver\vendor\setasign\fpdi\tests\functional\PdfParser\Filter\_files\Flate\special-decoded.sync-conflict-20251012-143453-6SA55L2.bin","9/25/2025 7:08:50 PM","62166"
"C:\Users\Shadow\Web-PDFTimeSaver\vendor\setasign\fpdi\tests\functional\PdfParser\Filter\_files\Flate\special-decoded.bin","9/25/2025 7:08:50 PM","62166"
"C:\Users\Shadow\Web-PDFTimeSaver\vendor\setasign\fpdi\tests\functional\PdfParser\Filter\_files\Flate\special.bin","9/25/2025 7:08:50 PM","18546"
"C:\Users\Shadow\Web-PDFTimeSaver\vendor\setasign\fpdi\tests\functional\PdfParser\Filter\_files\Flate\special.sync-conflict-20251012-143453-6SA55L2.bin","9/25/2025 7:08:50 PM","18546"
"C:\Users\Shadow\Web-PDFTimeSaver\vendor\setasign\fpdi\tests\functional\PdfParser\Filter\_files\Flate\special.sync-conflict-20251012-163508-6SA55L2.bin","9/25/2025 7:08:50 PM","18546"
"C:\Users\Shadow\Web-PDFTimeSaver\vendor\setasign\fpdi\tests\functional\PdfParser\PdfParserTest.sync-conflict-20251012-163511-6SA55L2.php","9/25/2025 7:08:50 PM","11737"
"C:\Users\Shadow\Web-PDFTimeSaver\vendor\setasign\fpdi\tests\functional\PdfParser\PdfParserTest.sync-conflict-20251012-143453-6SA55L2.php","9/25/2025 7:08:50 PM","11737"
"C:\Users\Shadow\Web-PDFTimeSaver\vendor\setasign\fpdi\tests\functional\PdfParser\PdfParserTest.php","9/25/2025 7:08:50 PM","11737"
"C:\Users\Shadow\Web-PDFTimeSaver\vendor\setasign\fpdi\tests\functional\PdfParser\TokenizerTest.sync-conflict-20251012-143457-6SA55L2.php","9/25/2025 7:08:50 PM","5096"
"C:\Users\Shadow\Web-PDFTimeSaver\vendor\setasign\fpdi\tests\functional\PdfParser\TokenizerTest.sync-conflict-20251012-163502-6SA55L2.php","9/25/2025 7:08:50 PM","5096"
"C:\Users\Shadow\Web-PDFTimeSaver\vendor\setasign\fpdi\tests\functional\PdfParser\TokenizerTest.php","9/25/2025 7:08:50 PM","5096"
"C:\Users\Shadow\Web-PDFTimeSaver\vendor\setasign\fpdi\tests\functional\PdfParser\Type\PdfArrayTest.sync-conflict-20251012-163503-6SA55L2.php","9/25/2025 7:08:50 PM","3147"
"C:\Users\Shadow\Web-PDFTimeSaver\vendor\setasign\fpdi\tests\functional\PdfParser\Type\PdfArrayTest.sync-conflict-20251012-143450-6SA55L2.php","9/25/2025 7:08:50 PM","3147"
"C:\Users\Shadow\Web-PDFTimeSaver\vendor\setasign\fpdi\tests\functional\PdfParser\Type\PdfArrayTest.php","9/25/2025 7:08:50 PM","3147"
"C:\Users\Shadow\Web-PDFTimeSaver\vendor\setasign\fpdi\tests\functional\PdfParser\Type\PdfBooleanTest.sync-conflict-20251012-163508-6SA55L2.php","9/25/2025 7:08:50 PM","768"
"C:\Users\Shadow\Web-PDFTimeSaver\vendor\setasign\fpdi\tests\functional\PdfParser\Type\PdfBooleanTest.php","9/25/2025 7:08:50 PM","768"
"C:\Users\Shadow\Web-PDFTimeSaver\vendor\setasign\fpdi\tests\functional\PdfParser\Type\PdfBooleanTest.sync-conflict-20251012-143451-6SA55L2.php","9/25/2025 7:08:50 PM","768"
"C:\Users\Shadow\Web-PDFTimeSaver\vendor\setasign\fpdi\tests\functional\PdfParser\Type\PdfDictionaryTest.php","9/25/2025 7:08:50 PM","5681"
"C:\Users\Shadow\Web-PDFTimeSaver\vendor\setasign\fpdi\tests\functional\PdfParser\Type\PdfDictionaryTest.sync-conflict-20251012-143452-6SA55L2.php","9/25/2025 7:08:50 PM","5681"
"C:\Users\Shadow\Web-PDFTimeSaver\vendor\setasign\fpdi\tests\functional\PdfParser\Type\PdfDictionaryTest.sync-conflict-20251012-163506-6SA55L2.php","9/25/2025 7:08:50 PM","5681"
"C:\Users\Shadow\Web-PDFTimeSaver\vendor\setasign\fpdi\tests\functional\PdfParser\Type\PdfHexStringTest.sync-conflict-20251012-143451-6SA55L2.php","9/25/2025 7:08:50 PM","1447"
"C:\Users\Shadow\Web-PDFTimeSaver\vendor\setasign\fpdi\tests\functional\PdfParser\Type\PdfHexStringTest.php","9/25/2025 7:08:50 PM","1447"
"C:\Users\Shadow\Web-PDFTimeSaver\vendor\setasign\fpdi\tests\functional\PdfParser\Type\PdfHexStringTest.sync-conflict-20251012-163515-6SA55L2.php","9/25/2025 7:08:50 PM","1447"
"C:\Users\Shadow\Web-PDFTimeSaver\vendor\setasign\fpdi\tests\functional\PdfParser\Type\PdfIndirectObjectTest.sync-conflict-20251012-163508-6SA55L2.php","9/25/2025 7:08:50 PM","4095"
"C:\Users\Shadow\Web-PDFTimeSaver\vendor\setasign\fpdi\tests\functional\PdfParser\Type\PdfIndirectObjectTest.php","9/25/2025 7:08:50 PM","4095"
"C:\Users\Shadow\Web-PDFTimeSaver\vendor\setasign\fpdi\tests\functional\PdfParser\Type\PdfIndirectObjectTest.sync-conflict-20251012-143454-6SA55L2.php","9/25/2025 7:08:50 PM","4095"
"C:\Users\Shadow\Web-PDFTimeSaver\vendor\setasign\fpdi\tests\functional\PdfParser\Type\PdfNameTest.sync-conflict-20251012-163500-6SA55L2.php","9/25/2025 7:08:50 PM","1475"
"C:\Users\Shadow\Web-PDFTimeSaver\vendor\setasign\fpdi\tests\functional\PdfParser\Type\PdfNameTest.sync-conflict-20251012-143454-6SA55L2.php","9/25/2025 7:08:50 PM","1475"
"C:\Users\Shadow\Web-PDFTimeSaver\vendor\setasign\fpdi\tests\functional\PdfParser\Type\PdfNameTest.php","9/25/2025 7:08:50 PM","1475"
"C:\Users\Shadow\Web-PDFTimeSaver\vendor\setasign\fpdi\tests\functional\PdfParser\Type\PdfStreamTest.sync-conflict-20251012-163506-6SA55L2.php","9/25/2025 7:08:50 PM","14888"
"C:\Users\Shadow\Web-PDFTimeSaver\vendor\setasign\fpdi\tests\functional\PdfParser\Type\PdfStreamTest.sync-conflict-20251012-143455-6SA55L2.php","9/25/2025 7:08:50 PM","14888"
"C:\Users\Shadow\Web-PDFTimeSaver\vendor\setasign\fpdi\tests\functional\PdfParser\Type\PdfStreamTest.php","9/25/2025 7:08:50 PM","14888"
"C:\Users\Shadow\Web-PDFTimeSaver\vendor\setasign\fpdi\tests\functional\PdfParser\Type\PdfStringTest.sync-conflict-20251012-163517-6SA55L2.php","9/25/2025 7:08:50 PM","4117"
"C:\Users\Shadow\Web-PDFTimeSaver\vendor\setasign\fpdi\tests\functional\PdfParser\Type\PdfStringTest.sync-conflict-20251012-143456-6SA55L2.php","9/25/2025 7:08:50 PM","4117"
"C:\Users\Shadow\Web-PDFTimeSaver\vendor\setasign\fpdi\tests\functional\PdfParser\Type\PdfStringTest.php","9/25/2025 7:08:50 PM","4117"
"C:\Users\Shadow\Web-PDFTimeSaver\vendor\setasign\fpdi\tests\functional\PdfParser\Type\data\streams\Boombastic-Box.pdf\11-0-R.sync-conflict-20251012-163511-6SA55L2.dump","9/25/2025 7:08:50 PM","5528"
"C:\Users\Shadow\Web-PDFTimeSaver\vendor\setasign\fpdi\tests\functional\PdfParser\Type\data\streams\Boombastic-Box.pdf\11-0-R.sync-conflict-20251012-143452-6SA55L2.dump","9/25/2025 7:08:50 PM","5528"
"C:\Users\Shadow\Web-PDFTimeSaver\vendor\setasign\fpdi\tests\functional\PdfParser\Type\data\streams\Boombastic-Box.pdf\11-0-R.dump","9/25/2025 7:08:50 PM","5528"
"C:\Users\Shadow\Web-PDFTimeSaver\vendor\setasign\fpdi\tests\functional\PdfReader\PageTest.php","9/25/2025 7:08:50 PM","5522"
"C:\Users\Shadow\Web-PDFTimeSaver\vendor\setasign\fpdi\tests\functional\PdfReader\PageTest.sync-conflict-20251012-143454-6SA55L2.php","9/25/2025 7:08:50 PM","5522"
"C:\Users\Shadow\Web-PDFTimeSaver\vendor\setasign\fpdi\tests\functional\PdfReader\PageTest.sync-conflict-20251012-163506-6SA55L2.php","9/25/2025 7:08:50 PM","5522"
"C:\Users\Shadow\Web-PDFTimeSaver\vendor\setasign\fpdi\tests\functional\PdfReader\PdfReaderTest.php","9/25/2025 7:08:50 PM","46993"
"C:\Users\Shadow\Web-PDFTimeSaver\vendor\setasign\fpdi\tests\functional\PdfReader\PdfReaderTest.sync-conflict-20251012-163505-6SA55L2.php","9/25/2025 7:08:50 PM","46993"
"C:\Users\Shadow\Web-PDFTimeSaver\vendor\setasign\fpdi\tests\functional\PdfReader\PdfReaderTest.sync-conflict-20251012-143454-6SA55L2.php","9/25/2025 7:08:50 PM","46993"
"C:\Users\Shadow\Web-PDFTimeSaver\vendor\setasign\fpdi\tests\functional\PdfTypeDumper.sync-conflict-20251012-143451-6SA55L2.php","9/25/2025 7:08:50 PM","1358"
"C:\Users\Shadow\Web-PDFTimeSaver\vendor\setasign\fpdi\tests\functional\PdfTypeDumper.php","9/25/2025 7:08:50 PM","1358"
"C:\Users\Shadow\Web-PDFTimeSaver\vendor\setasign\fpdi\tests\functional\PdfTypeDumper.sync-conflict-20251012-163506-6SA55L2.php","9/25/2025 7:08:50 PM","1358"
"C:\Users\Shadow\Web-PDFTimeSaver\vendor\setasign\fpdi\tests\functional\ReleaseCycledReferencesTest.sync-conflict-20251012-163509-6SA55L2.php","9/25/2025 7:08:50 PM","819"
"C:\Users\Shadow\Web-PDFTimeSaver\vendor\setasign\fpdi\tests\functional\ReleaseCycledReferencesTest.sync-conflict-20251012-143456-6SA55L2.php","9/25/2025 7:08:50 PM","819"
"C:\Users\Shadow\Web-PDFTimeSaver\vendor\setasign\fpdi\tests\functional\ReleaseCycledReferencesTest.php","9/25/2025 7:08:50 PM","819"
"C:\Users\Shadow\Web-PDFTimeSaver\vendor\setasign\fpdi\tests\functional\Tcpdf\FpdiTest.sync-conflict-20251012-143451-6SA55L2.php","9/25/2025 7:08:50 PM","6196"
"C:\Users\Shadow\Web-PDFTimeSaver\vendor\setasign\fpdi\tests\functional\Tcpdf\FpdiTest.sync-conflict-20251012-163500-6SA55L2.php","9/25/2025 7:08:50 PM","6196"
"C:\Users\Shadow\Web-PDFTimeSaver\vendor\setasign\fpdi\tests\functional\Tcpdf\FpdiTest.php","9/25/2025 7:08:50 PM","6196"
"C:\Users\Shadow\Web-PDFTimeSaver\vendor\setasign\fpdi\tests\functional\Tfpdf\FpdiTest.sync-conflict-20251012-163503-6SA55L2.php","9/25/2025 7:08:50 PM","5730"
"C:\Users\Shadow\Web-PDFTimeSaver\vendor\setasign\fpdi\tests\functional\Tfpdf\FpdiTest.sync-conflict-20251012-143454-6SA55L2.php","9/25/2025 7:08:50 PM","5730"
"C:\Users\Shadow\Web-PDFTimeSaver\vendor\setasign\fpdi\tests\functional\Tfpdf\FpdiTest.php","9/25/2025 7:08:50 PM","5730"
"C:\Users\Shadow\Web-PDFTimeSaver\vendor\setasign\fpdi\tests\unit\FpdfTplTest.sync-conflict-20251012-163504-6SA55L2.php","9/25/2025 7:08:50 PM","621"
"C:\Users\Shadow\Web-PDFTimeSaver\vendor\setasign\fpdi\tests\unit\FpdfTplTest.sync-conflict-20251012-143452-6SA55L2.php","9/25/2025 7:08:50 PM","621"
"C:\Users\Shadow\Web-PDFTimeSaver\vendor\setasign\fpdi\tests\unit\FpdfTplTest.php","9/25/2025 7:08:50 PM","621"
"C:\Users\Shadow\Web-PDFTimeSaver\vendor\setasign\fpdi\tests\unit\FpdiTest.sync-conflict-20251012-163505-6SA55L2.php","9/25/2025 7:08:50 PM","223"
"C:\Users\Shadow\Web-PDFTimeSaver\vendor\setasign\fpdi\tests\unit\FpdiTest.sync-conflict-20251012-143451-6SA55L2.php","9/25/2025 7:08:50 PM","223"
"C:\Users\Shadow\Web-PDFTimeSaver\vendor\setasign\fpdi\tests\unit\FpdiTest.php","9/25/2025 7:08:50 PM","223"
"C:\Users\Shadow\Web-PDFTimeSaver\vendor\setasign\fpdi\tests\unit\FpdiTraitTest.sync-conflict-20251012-163500-6SA55L2.php","9/25/2025 7:08:50 PM","1687"
"C:\Users\Shadow\Web-PDFTimeSaver\vendor\setasign\fpdi\tests\unit\FpdiTraitTest.sync-conflict-20251012-143455-6SA55L2.php","9/25/2025 7:08:50 PM","1687"
"C:\Users\Shadow\Web-PDFTimeSaver\vendor\setasign\fpdi\tests\unit\FpdiTraitTest.php","9/25/2025 7:08:50 PM","1687"
"C:\Users\Shadow\Web-PDFTimeSaver\vendor\setasign\fpdi\tests\unit\PdfParser\CrossReference\CrossReferenceTest.sync-conflict-20251012-163513-6SA55L2.php","9/25/2025 7:08:50 PM","2055"
"C:\Users\Shadow\Web-PDFTimeSaver\vendor\setasign\fpdi\tests\unit\PdfParser\CrossReference\CrossReferenceTest.sync-conflict-20251012-143456-6SA55L2.php","9/25/2025 7:08:50 PM","2055"
"C:\Users\Shadow\Web-PDFTimeSaver\vendor\setasign\fpdi\tests\unit\PdfParser\CrossReference\CrossReferenceTest.php","9/25/2025 7:08:50 PM","2055"
"C:\Users\Shadow\Web-PDFTimeSaver\vendor\setasign\fpdi\tests\unit\PdfParser\DummyFaultyStreamWrapper.php","9/25/2025 7:08:50 PM","816"
"C:\Users\Shadow\Web-PDFTimeSaver\vendor\setasign\fpdi\tests\unit\PdfParser\DummyFaultyStreamWrapper.sync-conflict-20251012-143451-6SA55L2.php","9/25/2025 7:08:50 PM","816"
"C:\Users\Shadow\Web-PDFTimeSaver\vendor\setasign\fpdi\tests\unit\PdfParser\DummyFaultyStreamWrapper.sync-conflict-20251012-163507-6SA55L2.php","9/25/2025 7:08:50 PM","816"
"C:\Users\Shadow\Web-PDFTimeSaver\vendor\setasign\fpdi\tests\unit\PdfParser\PdfParserTest.sync-conflict-20251012-163510-6SA55L2.php","9/25/2025 7:08:50 PM","2589"
"C:\Users\Shadow\Web-PDFTimeSaver\vendor\setasign\fpdi\tests\unit\PdfParser\PdfParserTest.sync-conflict-20251012-143452-6SA55L2.php","9/25/2025 7:08:50 PM","2589"
"C:\Users\Shadow\Web-PDFTimeSaver\vendor\setasign\fpdi\tests\unit\PdfParser\PdfParserTest.php","9/25/2025 7:08:50 PM","2589"
"C:\Users\Shadow\Web-PDFTimeSaver\vendor\setasign\fpdi\tests\unit\PdfParser\StreamReaderTest.php","9/25/2025 7:08:50 PM","14085"
"C:\Users\Shadow\Web-PDFTimeSaver\vendor\setasign\fpdi\tests\unit\PdfParser\StreamReaderTest.sync-conflict-20251012-143451-6SA55L2.php","9/25/2025 7:08:50 PM","14085"
"C:\Users\Shadow\Web-PDFTimeSaver\vendor\setasign\fpdi\tests\unit\PdfParser\StreamReaderTest.sync-conflict-20251012-163504-6SA55L2.php","9/25/2025 7:08:50 PM","14085"
"C:\Users\Shadow\Web-PDFTimeSaver\vendor\setasign\fpdi\tests\unit\PdfParser\Type\PdfArrayTest.sync-conflict-20251012-163504-6SA55L2.php","9/25/2025 7:08:50 PM","1773"
"C:\Users\Shadow\Web-PDFTimeSaver\vendor\setasign\fpdi\tests\unit\PdfParser\Type\PdfArrayTest.sync-conflict-20251012-143454-6SA55L2.php","9/25/2025 7:08:50 PM","1773"
"C:\Users\Shadow\Web-PDFTimeSaver\vendor\setasign\fpdi\tests\unit\PdfParser\Type\PdfArrayTest.php","9/25/2025 7:08:50 PM","1773"
"C:\Users\Shadow\Web-PDFTimeSaver\vendor\setasign\fpdi\tests\unit\PdfParser\Type\PdfBooleanTest.sync-conflict-20251012-163509-6SA55L2.php","9/25/2025 7:08:50 PM","1230"
"C:\Users\Shadow\Web-PDFTimeSaver\vendor\setasign\fpdi\tests\unit\PdfParser\Type\PdfBooleanTest.sync-conflict-20251012-143454-6SA55L2.php","9/25/2025 7:08:50 PM","1230"
"C:\Users\Shadow\Web-PDFTimeSaver\vendor\setasign\fpdi\tests\unit\PdfParser\Type\PdfBooleanTest.php","9/25/2025 7:08:50 PM","1230"
"C:\Users\Shadow\Web-PDFTimeSaver\vendor\setasign\fpdi\tests\unit\PdfParser\Type\PdfDictionaryTest.sync-conflict-20251012-163514-6SA55L2.php","9/25/2025 7:08:50 PM","1986"
"C:\Users\Shadow\Web-PDFTimeSaver\vendor\setasign\fpdi\tests\unit\PdfParser\Type\PdfDictionaryTest.sync-conflict-20251012-143453-6SA55L2.php","9/25/2025 7:08:50 PM","1986"
"C:\Users\Shadow\Web-PDFTimeSaver\vendor\setasign\fpdi\tests\unit\PdfParser\Type\PdfDictionaryTest.php","9/25/2025 7:08:50 PM","1986"
"C:\Users\Shadow\Web-PDFTimeSaver\vendor\setasign\fpdi\tests\unit\PdfParser\Type\PdfHexStringTest.sync-conflict-20251012-163505-6SA55L2.php","9/25/2025 7:08:50 PM","1112"
"C:\Users\Shadow\Web-PDFTimeSaver\vendor\setasign\fpdi\tests\unit\PdfParser\Type\PdfHexStringTest.sync-conflict-20251012-143452-6SA55L2.php","9/25/2025 7:08:50 PM","1112"
"C:\Users\Shadow\Web-PDFTimeSaver\vendor\setasign\fpdi\tests\unit\PdfParser\Type\PdfHexStringTest.php","9/25/2025 7:08:50 PM","1112"
"C:\Users\Shadow\Web-PDFTimeSaver\vendor\setasign\fpdi\tests\unit\PdfParser\Type\PdfIndirectObjectReferenceTest.sync-conflict-20251012-163514-6SA55L2.php","9/25/2025 7:08:50 PM","1294"
"C:\Users\Shadow\Web-PDFTimeSaver\vendor\setasign\fpdi\tests\unit\PdfParser\Type\PdfIndirectObjectReferenceTest.sync-conflict-20251012-143452-6SA55L2.php","9/25/2025 7:08:50 PM","1294"
"C:\Users\Shadow\Web-PDFTimeSaver\vendor\setasign\fpdi\tests\unit\PdfParser\Type\PdfIndirectObjectReferenceTest.php","9/25/2025 7:08:50 PM","1294"
"C:\Users\Shadow\Web-PDFTimeSaver\vendor\setasign\fpdi\tests\unit\PdfParser\Type\PdfNameTest.php","9/25/2025 7:08:50 PM","1725"
"C:\Users\Shadow\Web-PDFTimeSaver\vendor\setasign\fpdi\tests\unit\PdfParser\Type\PdfNameTest.sync-conflict-20251012-143454-6SA55L2.php","9/25/2025 7:08:50 PM","1725"
"C:\Users\Shadow\Web-PDFTimeSaver\vendor\setasign\fpdi\tests\unit\PdfParser\Type\PdfNameTest.sync-conflict-20251012-163515-6SA55L2.php","9/25/2025 7:08:50 PM","1725"
"C:\Users\Shadow\Web-PDFTimeSaver\vendor\setasign\fpdi\tests\unit\PdfParser\Type\PdfIndirectObjectTest.php","9/25/2025 7:08:50 PM","1556"
"C:\Users\Shadow\Web-PDFTimeSaver\vendor\setasign\fpdi\tests\unit\PdfParser\Type\PdfIndirectObjectTest.sync-conflict-20251012-143453-6SA55L2.php","9/25/2025 7:08:50 PM","1556"
"C:\Users\Shadow\Web-PDFTimeSaver\vendor\setasign\fpdi\tests\unit\PdfParser\Type\PdfIndirectObjectTest.sync-conflict-20251012-163500-6SA55L2.php","9/25/2025 7:08:50 PM","1556"
"C:\Users\Shadow\Web-PDFTimeSaver\vendor\setasign\fpdi\tests\unit\PdfParser\Type\PdfNumericTest.sync-conflict-20251012-163501-6SA55L2.php","9/25/2025 7:08:50 PM","2388"
"C:\Users\Shadow\Web-PDFTimeSaver\vendor\setasign\fpdi\tests\unit\PdfParser\Type\PdfNumericTest.sync-conflict-20251012-143452-6SA55L2.php","9/25/2025 7:08:50 PM","2388"
"C:\Users\Shadow\Web-PDFTimeSaver\vendor\setasign\fpdi\tests\unit\PdfParser\Type\PdfNumericTest.php","9/25/2025 7:08:50 PM","2388"
"C:\Users\Shadow\Web-PDFTimeSaver\vendor\setasign\fpdi\tests\unit\PdfParser\Type\PdfStreamTest.sync-conflict-20251012-163501-6SA55L2.php","9/25/2025 7:08:50 PM","1354"
"C:\Users\Shadow\Web-PDFTimeSaver\vendor\setasign\fpdi\tests\unit\PdfParser\Type\PdfStreamTest.sync-conflict-20251012-143452-6SA55L2.php","9/25/2025 7:08:50 PM","1354"
"C:\Users\Shadow\Web-PDFTimeSaver\vendor\setasign\fpdi\tests\unit\PdfParser\Type\PdfStreamTest.php","9/25/2025 7:08:50 PM","1354"
"C:\Users\Shadow\Web-PDFTimeSaver\vendor\setasign\fpdi\tests\unit\PdfParser\Type\PdfStringTest.sync-conflict-20251012-163509-6SA55L2.php","9/25/2025 7:08:50 PM","4646"
"C:\Users\Shadow\Web-PDFTimeSaver\vendor\setasign\fpdi\tests\unit\PdfParser\Type\PdfStringTest.sync-conflict-20251012-143451-6SA55L2.php","9/25/2025 7:08:50 PM","4646"
"C:\Users\Shadow\Web-PDFTimeSaver\vendor\setasign\fpdi\tests\unit\PdfParser\Type\PdfStringTest.php","9/25/2025 7:08:50 PM","4646"
"C:\Users\Shadow\Web-PDFTimeSaver\vendor\setasign\fpdi\tests\unit\PdfParser\Type\PdfTokenTest.sync-conflict-20251012-143455-6SA55L2.php","9/25/2025 7:08:50 PM","1123"
"C:\Users\Shadow\Web-PDFTimeSaver\vendor\setasign\fpdi\tests\unit\PdfParser\Type\PdfTokenTest.php","9/25/2025 7:08:50 PM","1123"
"C:\Users\Shadow\Web-PDFTimeSaver\vendor\setasign\fpdi\tests\unit\PdfParser\Type\PdfTokenTest.sync-conflict-20251012-163506-6SA55L2.php","9/25/2025 7:08:50 PM","1123"
"C:\Users\Shadow\Web-PDFTimeSaver\vendor\setasign\fpdi\tests\unit\PdfParser\Type\PdfTypeTest.sync-conflict-20251012-143453-6SA55L2.php","9/25/2025 7:08:50 PM","4508"
"C:\Users\Shadow\Web-PDFTimeSaver\vendor\setasign\fpdi\tests\unit\PdfParser\Type\PdfTypeTest.php","9/25/2025 7:08:50 PM","4508"
"C:\Users\Shadow\Web-PDFTimeSaver\vendor\setasign\fpdi\tests\unit\PdfParser\Type\PdfTypeTest.sync-conflict-20251012-163513-6SA55L2.php","9/25/2025 7:08:50 PM","4508"
"C:\Users\Shadow\Web-PDFTimeSaver\vendor\setasign\fpdi\tests\unit\PdfParser\_files\streamReader.sync-conflict-20251012-143453-6SA55L2.txt","9/25/2025 7:08:50 PM","31"
"C:\Users\Shadow\Web-PDFTimeSaver\vendor\setasign\fpdi\tests\unit\PdfParser\_files\streamReader.sync-conflict-20251012-163511-6SA55L2.txt","9/25/2025 7:08:50 PM","31"
"C:\Users\Shadow\Web-PDFTimeSaver\vendor\setasign\fpdi\tests\unit\PdfParser\_files\streamReader.txt","9/25/2025 7:08:50 PM","31"
"C:\Users\Shadow\Web-PDFTimeSaver\vendor\setasign\fpdi\tests\unit\PdfReader\DataStructure\RectangleTest.php","9/25/2025 7:08:50 PM","4792"
"C:\Users\Shadow\Web-PDFTimeSaver\vendor\setasign\fpdi\tests\unit\PdfReader\DataStructure\RectangleTest.sync-conflict-20251012-163505-6SA55L2.php","9/25/2025 7:08:50 PM","4792"
"C:\Users\Shadow\Web-PDFTimeSaver\vendor\setasign\fpdi\tests\unit\PdfReader\DataStructure\RectangleTest.sync-conflict-20251012-143451-6SA55L2.php","9/25/2025 7:08:50 PM","4792"
"C:\Users\Shadow\Web-PDFTimeSaver\vendor\setasign\fpdi\tests\unit\PdfReader\PageBoundariesTest.sync-conflict-20251012-163511-6SA55L2.php","9/25/2025 7:08:50 PM","726"
"C:\Users\Shadow\Web-PDFTimeSaver\vendor\setasign\fpdi\tests\unit\PdfReader\PageBoundariesTest.php","9/25/2025 7:08:50 PM","726"
"C:\Users\Shadow\Web-PDFTimeSaver\vendor\setasign\fpdi\tests\unit\PdfReader\PageBoundariesTest.sync-conflict-20251012-143453-6SA55L2.php","9/25/2025 7:08:50 PM","726"
"C:\Users\Shadow\Web-PDFTimeSaver\vendor\setasign\fpdi\tests\unit\PdfReader\PageTest.php","9/25/2025 7:08:50 PM","8341"
"C:\Users\Shadow\Web-PDFTimeSaver\vendor\setasign\fpdi\tests\unit\PdfReader\PageTest.sync-conflict-20251012-163507-6SA55L2.php","9/25/2025 7:08:50 PM","8341"
"C:\Users\Shadow\Web-PDFTimeSaver\vendor\setasign\fpdi\tests\unit\PdfReader\PageTest.sync-conflict-20251012-143454-6SA55L2.php","9/25/2025 7:08:50 PM","8341"
"C:\Users\Shadow\Web-PDFTimeSaver\vendor\setasign\fpdi\tests\unit\PdfReader\PdfReaderTest.sync-conflict-20251012-163505-6SA55L2.php","9/25/2025 7:08:50 PM","3756"
"C:\Users\Shadow\Web-PDFTimeSaver\vendor\setasign\fpdi\tests\unit\PdfReader\PdfReaderTest.sync-conflict-20251012-143453-6SA55L2.php","9/25/2025 7:08:50 PM","3756"
"C:\Users\Shadow\Web-PDFTimeSaver\vendor\setasign\fpdi\tests\unit\PdfReader\PdfReaderTest.php","9/25/2025 7:08:50 PM","3756"
"C:\Users\Shadow\Web-PDFTimeSaver\vendor\setasign\fpdi\tests\unit\Tcpdf\FpdiTest.sync-conflict-20251012-163515-6SA55L2.php","9/25/2025 7:08:50 PM","227"
"C:\Users\Shadow\Web-PDFTimeSaver\vendor\setasign\fpdi\tests\unit\Tcpdf\FpdiTest.sync-conflict-20251012-143452-6SA55L2.php","9/25/2025 7:08:50 PM","227"
"C:\Users\Shadow\Web-PDFTimeSaver\vendor\setasign\fpdi\tests\unit\Tcpdf\FpdiTest.php","9/25/2025 7:08:50 PM","227"
"C:\Users\Shadow\Web-PDFTimeSaver\vendor\setasign\fpdi\tests\unit\Tfpdf\FpdiTest.php","9/25/2025 7:08:50 PM","227"
"C:\Users\Shadow\Web-PDFTimeSaver\vendor\setasign\fpdi\tests\unit\Tfpdf\FpdiTest.sync-conflict-20251012-143452-6SA55L2.php","9/25/2025 7:08:50 PM","227"
"C:\Users\Shadow\Web-PDFTimeSaver\vendor\setasign\fpdi\tests\unit\Tfpdf\FpdiTest.sync-conflict-20251012-163518-6SA55L2.php","9/25/2025 7:08:50 PM","227"
"C:\Users\Shadow\Web-PDFTimeSaver\vendor\setasign\fpdi\tests\visual\Alpha\AlphaPdf.sync-conflict-20251012-143453-6SA55L2.php","9/25/2025 7:08:50 PM","2099"
"C:\Users\Shadow\Web-PDFTimeSaver\vendor\setasign\fpdi\tests\visual\Alpha\AlphaPdf.php","9/25/2025 7:08:50 PM","2099"
"C:\Users\Shadow\Web-PDFTimeSaver\vendor\setasign\fpdi\tests\visual\Alpha\AlphaPdf.sync-conflict-20251012-163509-6SA55L2.php","9/25/2025 7:08:50 PM","2099"
"C:\Users\Shadow\Web-PDFTimeSaver\vendor\setasign\fpdi\tests\visual\Alpha\AlphaTest.sync-conflict-20251012-143453-6SA55L2.php","9/25/2025 7:08:50 PM","1274"
"C:\Users\Shadow\Web-PDFTimeSaver\vendor\setasign\fpdi\tests\visual\Alpha\AlphaTest.php","9/25/2025 7:08:50 PM","1274"
"C:\Users\Shadow\Web-PDFTimeSaver\vendor\setasign\fpdi\tests\visual\Alpha\AlphaTest.sync-conflict-20251012-163511-6SA55L2.php","9/25/2025 7:08:50 PM","1274"
"C:\Users\Shadow\Web-PDFTimeSaver\vendor\setasign\fpdi\tests\visual\Alpha\AlphaTest\0\original\result.sync-conflict-20251012-163510-6SA55L2.pdf","9/25/2025 7:08:50 PM","29721"
"C:\Users\Shadow\Web-PDFTimeSaver\vendor\setasign\fpdi\tests\visual\Alpha\AlphaTest\0\original\result.pdf","9/25/2025 7:08:50 PM","29721"
"C:\Users\Shadow\Web-PDFTimeSaver\vendor\setasign\fpdi\tests\visual\Alpha\AlphaTest\0\original\result.sync-conflict-20251012-143454-6SA55L2.pdf","9/25/2025 7:08:50 PM","29721"
"C:\Users\Shadow\Web-PDFTimeSaver\vendor\setasign\fpdi\tests\visual\ConcatTest.sync-conflict-20251012-163515-6SA55L2.php","9/25/2025 7:08:50 PM","5436"
"C:\Users\Shadow\Web-PDFTimeSaver\vendor\setasign\fpdi\tests\visual\ConcatTest.php","9/25/2025 7:08:50 PM","5436"
"C:\Users\Shadow\Web-PDFTimeSaver\vendor\setasign\fpdi\tests\visual\ConcatTest.sync-conflict-20251012-143456-6SA55L2.php","9/25/2025 7:08:50 PM","5436"
"C:\Users\Shadow\Web-PDFTimeSaver\vendor\setasign\fpdi\tests\visual\ConcatTest\0\original\result.sync-conflict-20251012-163510-6SA55L2.pdf","9/25/2025 7:08:50 PM","82366"
"C:\Users\Shadow\Web-PDFTimeSaver\vendor\setasign\fpdi\tests\visual\ConcatTest\0\original\result.sync-conflict-20251012-143451-6SA55L2.pdf","9/25/2025 7:08:50 PM","82366"
"C:\Users\Shadow\Web-PDFTimeSaver\vendor\setasign\fpdi\tests\visual\ConcatTest\0\original\result.pdf","9/25/2025 7:08:50 PM","82366"
"C:\Users\Shadow\Web-PDFTimeSaver\vendor\setasign\fpdi\tests\visual\ConcatTest\boxes\All2\original\result.sync-conflict-20251012-163513-6SA55L2.pdf","9/25/2025 7:08:50 PM","5490"
"C:\Users\Shadow\Web-PDFTimeSaver\vendor\setasign\fpdi\tests\visual\ConcatTest\boxes\All2\original\result.sync-conflict-20251012-143454-6SA55L2.pdf","9/25/2025 7:08:50 PM","5490"
"C:\Users\Shadow\Web-PDFTimeSaver\vendor\setasign\fpdi\tests\visual\ConcatTest\boxes\All2\original\result.pdf","9/25/2025 7:08:50 PM","5490"
"C:\Users\Shadow\Web-PDFTimeSaver\vendor\setasign\fpdi\tests\visual\ConcatTest\boxes\[-1000 -1000 -500 -500]\original\result.pdf","9/25/2025 7:08:50 PM","1245"
"C:\Users\Shadow\Web-PDFTimeSaver\vendor\setasign\fpdi\tests\visual\ConcatTest\boxes\[-1000 -1000 -500 -500]\original\result.sync-conflict-20251012-143452-6SA55L2.pdf","9/25/2025 7:08:50 PM","1245"
"C:\Users\Shadow\Web-PDFTimeSaver\vendor\setasign\fpdi\tests\visual\ConcatTest\boxes\[-1000 -1000 -500 -500]\original\result.sync-conflict-20251012-163509-6SA55L2.pdf","9/25/2025 7:08:50 PM","1245"
"C:\Users\Shadow\Web-PDFTimeSaver\vendor\setasign\fpdi\tests\visual\ConcatTest\boxes\[1000 500 -1000 -500]-R90\original\result.pdf","9/25/2025 7:08:50 PM","1256"
"C:\Users\Shadow\Web-PDFTimeSaver\vendor\setasign\fpdi\tests\visual\ConcatTest\boxes\[1000 500 -1000 -500]-R90\original\result.sync-conflict-20251012-143456-6SA55L2.pdf","9/25/2025 7:08:50 PM","1256"
"C:\Users\Shadow\Web-PDFTimeSaver\vendor\setasign\fpdi\tests\visual\ConcatTest\boxes\[1000 500 -1000 -500]-R90\original\result.sync-conflict-20251012-163506-6SA55L2.pdf","9/25/2025 7:08:50 PM","1256"
"C:\Users\Shadow\Web-PDFTimeSaver\vendor\setasign\fpdi\tests\visual\ConcatTest\boxes\[1000 500 -1000 -500]\original\result.pdf","9/25/2025 7:08:50 PM","1250"
"C:\Users\Shadow\Web-PDFTimeSaver\vendor\setasign\fpdi\tests\visual\ConcatTest\boxes\[1000 500 -1000 -500]\original\result.sync-conflict-20251012-143451-6SA55L2.pdf","9/25/2025 7:08:50 PM","1250"
"C:\Users\Shadow\Web-PDFTimeSaver\vendor\setasign\fpdi\tests\visual\ConcatTest\boxes\[1000 500 -1000 -500]\original\result.sync-conflict-20251012-163502-6SA55L2.pdf","9/25/2025 7:08:50 PM","1250"
"C:\Users\Shadow\Web-PDFTimeSaver\vendor\setasign\fpdi\tests\visual\ConcatTest\flate-and-hex\original\result.sync-conflict-20251012-143453-6SA55L2.pdf","9/25/2025 7:08:50 PM","1214"
"C:\Users\Shadow\Web-PDFTimeSaver\vendor\setasign\fpdi\tests\visual\ConcatTest\flate-and-hex\original\result.sync-conflict-20251012-163513-6SA55L2.pdf","9/25/2025 7:08:50 PM","1214"
"C:\Users\Shadow\Web-PDFTimeSaver\vendor\setasign\fpdi\tests\visual\ConcatTest\flate-and-hex\original\result.pdf","9/25/2025 7:08:50 PM","1214"
"C:\Users\Shadow\Web-PDFTimeSaver\vendor\setasign\fpdi\tests\visual\ConcatTest\rotated\original\result.sync-conflict-20251012-143453-6SA55L2.pdf","9/25/2025 7:08:50 PM","16547"
"C:\Users\Shadow\Web-PDFTimeSaver\vendor\setasign\fpdi\tests\visual\ConcatTest\rotated\original\result.sync-conflict-20251012-163508-6SA55L2.pdf","9/25/2025 7:08:50 PM","16547"
"C:\Users\Shadow\Web-PDFTimeSaver\vendor\setasign\fpdi\tests\visual\ConcatTest\rotated\original\result.pdf","9/25/2025 7:08:50 PM","16547"
"C:\Users\Shadow\Web-PDFTimeSaver\vendor\setasign\fpdi\tests\visual\ConcatTest\specials\0 0 R\original\result.pdf","9/25/2025 7:08:50 PM","3182"
"C:\Users\Shadow\Web-PDFTimeSaver\vendor\setasign\fpdi\tests\visual\ConcatTest\specials\0 0 R\original\result.sync-conflict-20251012-143456-6SA55L2.pdf","9/25/2025 7:08:50 PM","3182"
"C:\Users\Shadow\Web-PDFTimeSaver\vendor\setasign\fpdi\tests\visual\ConcatTest\specials\0 0 R\original\result.sync-conflict-20251012-163505-6SA55L2.pdf","9/25/2025 7:08:50 PM","3182"
"C:\Users\Shadow\Web-PDFTimeSaver\vendor\setasign\fpdi\tests\visual\FpdfTplTest.php","9/25/2025 7:08:50 PM","8434"
"C:\Users\Shadow\Web-PDFTimeSaver\vendor\setasign\fpdi\tests\visual\FpdfTplTest.sync-conflict-20251012-163505-6SA55L2.php","9/25/2025 7:08:50 PM","8434"
"C:\Users\Shadow\Web-PDFTimeSaver\vendor\setasign\fpdi\tests\visual\FpdfTplTest.sync-conflict-20251012-143452-6SA55L2.php","9/25/2025 7:08:50 PM","8434"
"C:\Users\Shadow\Web-PDFTimeSaver\vendor\setasign\fpdi\tests\visual\FpdfTplTest\adjustPageSize\original\result.sync-conflict-20251012-163502-6SA55L2.pdf","9/25/2025 7:08:50 PM","1027"
"C:\Users\Shadow\Web-PDFTimeSaver\vendor\setasign\fpdi\tests\visual\FpdfTplTest\adjustPageSize\original\result.sync-conflict-20251012-143452-6SA55L2.pdf","9/25/2025 7:08:50 PM","1027"
"C:\Users\Shadow\Web-PDFTimeSaver\vendor\setasign\fpdi\tests\visual\FpdfTplTest\adjustPageSize\original\result.pdf","9/25/2025 7:08:50 PM","1027"
"C:\Users\Shadow\Web-PDFTimeSaver\vendor\setasign\fpdi\tests\visual\FpdfTplTest\colorHandlingA\original\result.sync-conflict-20251012-143456-6SA55L2.pdf","9/25/2025 7:08:50 PM","2416"
"C:\Users\Shadow\Web-PDFTimeSaver\vendor\setasign\fpdi\tests\visual\FpdfTplTest\colorHandlingA\original\result.pdf","9/25/2025 7:08:50 PM","2416"
"C:\Users\Shadow\Web-PDFTimeSaver\vendor\setasign\fpdi\tests\visual\FpdfTplTest\colorHandlingA\original\result.sync-conflict-20251012-163505-6SA55L2.pdf","9/25/2025 7:08:50 PM","2416"
"C:\Users\Shadow\Web-PDFTimeSaver\vendor\setasign\fpdi\tests\visual\FpdfTplTest\colorHandlingB\original\result.pdf","9/25/2025 7:08:50 PM","1718"
"C:\Users\Shadow\Web-PDFTimeSaver\vendor\setasign\fpdi\tests\visual\FpdfTplTest\colorHandlingB\original\result.sync-conflict-20251012-163510-6SA55L2.pdf","9/25/2025 7:08:50 PM","1718"
"C:\Users\Shadow\Web-PDFTimeSaver\vendor\setasign\fpdi\tests\visual\FpdfTplTest\colorHandlingB\original\result.sync-conflict-20251012-143451-6SA55L2.pdf","9/25/2025 7:08:50 PM","1718"
"C:\Users\Shadow\Web-PDFTimeSaver\vendor\setasign\fpdi\tests\visual\FpdfTplTest\fontHandlingA\original\result.pdf","9/25/2025 7:08:50 PM","1663"
"C:\Users\Shadow\Web-PDFTimeSaver\vendor\setasign\fpdi\tests\visual\FpdfTplTest\fontHandlingA\original\result.sync-conflict-20251012-143455-6SA55L2.pdf","9/25/2025 7:08:50 PM","1663"
"C:\Users\Shadow\Web-PDFTimeSaver\vendor\setasign\fpdi\tests\visual\FpdfTplTest\fontHandlingA\original\result.sync-conflict-20251012-163505-6SA55L2.pdf","9/25/2025 7:08:50 PM","1663"
"C:\Users\Shadow\Web-PDFTimeSaver\vendor\setasign\fpdi\tests\visual\FpdfTplTest\fontHandlingB\original\result.sync-conflict-20251012-163509-6SA55L2.pdf","9/25/2025 7:08:50 PM","1664"
"C:\Users\Shadow\Web-PDFTimeSaver\vendor\setasign\fpdi\tests\visual\FpdfTplTest\fontHandlingB\original\result.pdf","9/25/2025 7:08:50 PM","1664"
"C:\Users\Shadow\Web-PDFTimeSaver\vendor\setasign\fpdi\tests\visual\FpdfTplTest\fontHandlingB\original\result.sync-conflict-20251012-143453-6SA55L2.pdf","9/25/2025 7:08:50 PM","1664"
"C:\Users\Shadow\Web-PDFTimeSaver\vendor\setasign\fpdi\tests\visual\FpdfTplTest\templateInTemplate\original\result.pdf","9/25/2025 7:08:50 PM","2124"
"C:\Users\Shadow\Web-PDFTimeSaver\vendor\setasign\fpdi\tests\visual\FpdfTplTest\templateInTemplate\original\result.sync-conflict-20251012-143451-6SA55L2.pdf","9/25/2025 7:08:50 PM","2124"
"C:\Users\Shadow\Web-PDFTimeSaver\vendor\setasign\fpdi\tests\visual\FpdfTplTest\templateInTemplate\original\result.sync-conflict-20251012-163515-6SA55L2.pdf","9/25/2025 7:08:50 PM","2124"
"C:\Users\Shadow\Web-PDFTimeSaver\vendor\setasign\fpdi\tests\visual\FpdfTplTest\templateInTemplateMm\original\result.sync-conflict-20251012-163510-6SA55L2.pdf","9/25/2025 7:08:50 PM","2161"
"C:\Users\Shadow\Web-PDFTimeSaver\vendor\setasign\fpdi\tests\visual\FpdfTplTest\templateInTemplateMm\original\result.sync-conflict-20251012-143451-6SA55L2.pdf","9/25/2025 7:08:50 PM","2161"
"C:\Users\Shadow\Web-PDFTimeSaver\vendor\setasign\fpdi\tests\visual\FpdfTplTest\templateInTemplateMm\original\result.pdf","9/25/2025 7:08:50 PM","2161"
"C:\Users\Shadow\Web-PDFTimeSaver\vendor\setasign\fpdi\tests\visual\FpdfTplTest\underlineHandling\original\result.sync-conflict-20251012-163504-6SA55L2.pdf","9/25/2025 7:08:50 PM","1713"
"C:\Users\Shadow\Web-PDFTimeSaver\vendor\setasign\fpdi\tests\visual\FpdfTplTest\underlineHandling\original\result.pdf","9/25/2025 7:08:50 PM","1713"
"C:\Users\Shadow\Web-PDFTimeSaver\vendor\setasign\fpdi\tests\visual\FpdfTplTest\underlineHandling\original\result.sync-conflict-20251012-143456-6SA55L2.pdf","9/25/2025 7:08:50 PM","1713"
"C:\Users\Shadow\Web-PDFTimeSaver\vendor\setasign\fpdi\tests\visual\FpdiTest.php","9/25/2025 7:08:50 PM","5470"
"C:\Users\Shadow\Web-PDFTimeSaver\vendor\setasign\fpdi\tests\visual\FpdiTest.sync-conflict-20251012-143453-6SA55L2.php","9/25/2025 7:08:50 PM","5470"
"C:\Users\Shadow\Web-PDFTimeSaver\vendor\setasign\fpdi\tests\visual\FpdiTest.sync-conflict-20251012-163502-6SA55L2.php","9/25/2025 7:08:50 PM","5470"
"C:\Users\Shadow\Web-PDFTimeSaver\vendor\setasign\fpdi\tests\visual\FpdiTest\importedPageInTemplateMm1\original\result.pdf","9/25/2025 7:08:50 PM","107682"
"C:\Users\Shadow\Web-PDFTimeSaver\vendor\setasign\fpdi\tests\visual\FpdiTest\importedPageInTemplateMm1\original\result.sync-conflict-20251012-143453-6SA55L2.pdf","9/25/2025 7:08:50 PM","107682"
"C:\Users\Shadow\Web-PDFTimeSaver\vendor\setasign\fpdi\tests\visual\FpdiTest\importedPageInTemplateMm1\original\result.sync-conflict-20251012-163514-6SA55L2.pdf","9/25/2025 7:08:50 PM","107682"
"C:\Users\Shadow\Web-PDFTimeSaver\vendor\setasign\fpdi\tests\visual\FpdiTest\importedPageInTemplateMm2\original\result.sync-conflict-20251012-143452-6SA55L2.pdf","9/25/2025 7:08:50 PM","108013"
"C:\Users\Shadow\Web-PDFTimeSaver\vendor\setasign\fpdi\tests\visual\FpdiTest\importedPageInTemplateMm2\original\result.pdf","9/25/2025 7:08:50 PM","108013"
"C:\Users\Shadow\Web-PDFTimeSaver\vendor\setasign\fpdi\tests\visual\FpdiTest\importedPageInTemplateMm2\original\result.sync-conflict-20251012-163501-6SA55L2.pdf","9/25/2025 7:08:50 PM","108013"
"C:\Users\Shadow\Web-PDFTimeSaver\vendor\setasign\fpdi\tests\visual\FpdiTest\importedPageInTemplatePt1\original\result.sync-conflict-20251012-163513-6SA55L2.pdf","9/25/2025 7:08:50 PM","107677"
"C:\Users\Shadow\Web-PDFTimeSaver\vendor\setasign\fpdi\tests\visual\FpdiTest\importedPageInTemplatePt1\original\result.pdf","9/25/2025 7:08:50 PM","107677"
"C:\Users\Shadow\Web-PDFTimeSaver\vendor\setasign\fpdi\tests\visual\FpdiTest\importedPageInTemplatePt1\original\result.sync-conflict-20251012-143454-6SA55L2.pdf","9/25/2025 7:08:50 PM","107677"
"C:\Users\Shadow\Web-PDFTimeSaver\vendor\setasign\fpdi\tests\visual\FpdiTest\importedPageInTemplatePt2\original\result.pdf","9/25/2025 7:08:50 PM","107970"
"C:\Users\Shadow\Web-PDFTimeSaver\vendor\setasign\fpdi\tests\visual\FpdiTest\importedPageInTemplatePt2\original\result.sync-conflict-20251012-143454-6SA55L2.pdf","9/25/2025 7:08:50 PM","107970"
"C:\Users\Shadow\Web-PDFTimeSaver\vendor\setasign\fpdi\tests\visual\FpdiTest\importedPageInTemplatePt2\original\result.sync-conflict-20251012-163513-6SA55L2.pdf","9/25/2025 7:08:50 PM","107970"
"C:\Users\Shadow\Web-PDFTimeSaver\vendor\setasign\fpdi\tests\visual\Tcpdf\ConcatTest.php","9/25/2025 7:08:50 PM","1400"
"C:\Users\Shadow\Web-PDFTimeSaver\vendor\setasign\fpdi\tests\visual\Tcpdf\ConcatTest.sync-conflict-20251012-163508-6SA55L2.php","9/25/2025 7:08:50 PM","1400"
"C:\Users\Shadow\Web-PDFTimeSaver\vendor\setasign\fpdi\tests\visual\Tcpdf\ConcatTest.sync-conflict-20251012-143457-6SA55L2.php","9/25/2025 7:08:50 PM","1400"
"C:\Users\Shadow\Web-PDFTimeSaver\vendor\setasign\fpdi\tests\visual\Tfpdf\ConcatTest.sync-conflict-20251012-143451-6SA55L2.php","9/25/2025 7:08:50 PM","1326"
"C:\Users\Shadow\Web-PDFTimeSaver\vendor\setasign\fpdi\tests\visual\Tfpdf\ConcatTest.sync-conflict-20251012-163515-6SA55L2.php","9/25/2025 7:08:50 PM","1326"
"C:\Users\Shadow\Web-PDFTimeSaver\vendor\setasign\fpdi\tests\visual\Tfpdf\ConcatTest.php","9/25/2025 7:08:50 PM","1326"
"C:\Users\Shadow\Web-PDFTimeSaver\vendor\setasign\fpdi\tests\visual\Tfpdf\FpdfTplTest.sync-conflict-20251012-143454-6SA55L2.php","9/25/2025 7:08:50 PM","390"
"C:\Users\Shadow\Web-PDFTimeSaver\vendor\setasign\fpdi\tests\visual\Tfpdf\FpdfTplTest.php","9/25/2025 7:08:50 PM","390"
"C:\Users\Shadow\Web-PDFTimeSaver\vendor\setasign\fpdi\tests\visual\Tfpdf\FpdfTplTest.sync-conflict-20251012-163500-6SA55L2.php","9/25/2025 7:08:50 PM","390"
"C:\Users\Shadow\Web-PDFTimeSaver\vendor\setasign\fpdi\tests\visual\Tfpdf\FpdfTplTest\adjustPageSize\original\result.pdf","9/25/2025 7:08:50 PM","1027"
"C:\Users\Shadow\Web-PDFTimeSaver\vendor\setasign\fpdi\tests\visual\Tfpdf\FpdfTplTest\adjustPageSize\original\result.sync-conflict-20251012-163518-6SA55L2.pdf","9/25/2025 7:08:50 PM","1027"
"C:\Users\Shadow\Web-PDFTimeSaver\vendor\setasign\fpdi\tests\visual\Tfpdf\FpdfTplTest\adjustPageSize\original\result.sync-conflict-20251012-143454-6SA55L2.pdf","9/25/2025 7:08:50 PM","1027"
"C:\Users\Shadow\Web-PDFTimeSaver\vendor\setasign\fpdi\tests\visual\Tfpdf\FpdfTplTest\colorHandlingA\original\result.sync-conflict-20251012-163505-6SA55L2.pdf","9/25/2025 7:08:50 PM","1944"
"C:\Users\Shadow\Web-PDFTimeSaver\vendor\setasign\fpdi\tests\visual\Tfpdf\FpdfTplTest\colorHandlingA\original\result.sync-conflict-20251012-143455-6SA55L2.pdf","9/25/2025 7:08:50 PM","1944"
"C:\Users\Shadow\Web-PDFTimeSaver\vendor\setasign\fpdi\tests\visual\Tfpdf\FpdfTplTest\colorHandlingA\original\result.pdf","9/25/2025 7:08:50 PM","1944"
"C:\Users\Shadow\Web-PDFTimeSaver\vendor\setasign\fpdi\tests\visual\Tfpdf\FpdfTplTest\colorHandlingB\original\result.sync-conflict-20251012-163507-6SA55L2.pdf","9/25/2025 7:08:50 PM","1245"
"C:\Users\Shadow\Web-PDFTimeSaver\vendor\setasign\fpdi\tests\visual\Tfpdf\FpdfTplTest\colorHandlingB\original\result.sync-conflict-20251012-143453-6SA55L2.pdf","9/25/2025 7:08:50 PM","1245"
"C:\Users\Shadow\Web-PDFTimeSaver\vendor\setasign\fpdi\tests\visual\Tfpdf\FpdfTplTest\colorHandlingB\original\result.pdf","9/25/2025 7:08:50 PM","1245"
"C:\Users\Shadow\Web-PDFTimeSaver\vendor\setasign\fpdi\tests\visual\Tfpdf\FpdfTplTest\fontHandlingA\original\result.sync-conflict-20251012-163503-6SA55L2.pdf","9/25/2025 7:08:50 PM","1663"
"C:\Users\Shadow\Web-PDFTimeSaver\vendor\setasign\fpdi\tests\visual\Tfpdf\FpdfTplTest\fontHandlingA\original\result.pdf","9/25/2025 7:08:50 PM","1663"
"C:\Users\Shadow\Web-PDFTimeSaver\vendor\setasign\fpdi\tests\visual\Tfpdf\FpdfTplTest\fontHandlingA\original\result.sync-conflict-20251012-143453-6SA55L2.pdf","9/25/2025 7:08:50 PM","1663"
"C:\Users\Shadow\Web-PDFTimeSaver\vendor\setasign\fpdi\tests\visual\Tfpdf\FpdfTplTest\fontHandlingB\original\result.sync-conflict-20251012-143452-6SA55L2.pdf","9/25/2025 7:08:50 PM","1664"
"C:\Users\Shadow\Web-PDFTimeSaver\vendor\setasign\fpdi\tests\visual\Tfpdf\FpdfTplTest\fontHandlingB\original\result.sync-conflict-20251012-163509-6SA55L2.pdf","9/25/2025 7:08:50 PM","1664"
"C:\Users\Shadow\Web-PDFTimeSaver\vendor\setasign\fpdi\tests\visual\Tfpdf\FpdfTplTest\fontHandlingB\original\result.pdf","9/25/2025 7:08:50 PM","1664"
"C:\Users\Shadow\Web-PDFTimeSaver\vendor\setasign\fpdi\tests\visual\Tfpdf\FpdfTplTest\templateInTemplate\original\result.sync-conflict-20251012-143456-6SA55L2.pdf","9/25/2025 7:08:50 PM","2124"
"C:\Users\Shadow\Web-PDFTimeSaver\vendor\setasign\fpdi\tests\visual\Tfpdf\FpdfTplTest\templateInTemplate\original\result.pdf","9/25/2025 7:08:50 PM","2124"
"C:\Users\Shadow\Web-PDFTimeSaver\vendor\setasign\fpdi\tests\visual\Tfpdf\FpdfTplTest\templateInTemplate\original\result.sync-conflict-20251012-163514-6SA55L2.pdf","9/25/2025 7:08:50 PM","2124"
"C:\Users\Shadow\Web-PDFTimeSaver\vendor\setasign\fpdi\tests\visual\Tfpdf\FpdfTplTest\templateInTemplateMm\original\result.pdf","9/25/2025 7:08:50 PM","1689"
"C:\Users\Shadow\Web-PDFTimeSaver\vendor\setasign\fpdi\tests\visual\Tfpdf\FpdfTplTest\templateInTemplateMm\original\result.sync-conflict-20251012-163511-6SA55L2.pdf","9/25/2025 7:08:50 PM","1689"
"C:\Users\Shadow\Web-PDFTimeSaver\vendor\setasign\fpdi\tests\visual\Tfpdf\FpdfTplTest\templateInTemplateMm\original\result.sync-conflict-20251012-143456-6SA55L2.pdf","9/25/2025 7:08:50 PM","1689"
"C:\Users\Shadow\Web-PDFTimeSaver\vendor\setasign\fpdi\tests\visual\Tfpdf\FpdfTplTest\underlineHandling\original\result.pdf","9/25/2025 7:08:50 PM","1713"
"C:\Users\Shadow\Web-PDFTimeSaver\vendor\setasign\fpdi\tests\visual\Tfpdf\FpdfTplTest\underlineHandling\original\result.sync-conflict-20251012-143455-6SA55L2.pdf","9/25/2025 7:08:50 PM","1713"
"C:\Users\Shadow\Web-PDFTimeSaver\vendor\setasign\fpdi\tests\visual\Tfpdf\FpdfTplTest\underlineHandling\original\result.sync-conflict-20251012-163502-6SA55L2.pdf","9/25/2025 7:08:50 PM","1713"
"C:\Users\Shadow\Web-PDFTimeSaver\vendor\setasign\fpdi\tests\visual\Tfpdf\FpdiTest.php","9/25/2025 7:08:50 PM","357"
"C:\Users\Shadow\Web-PDFTimeSaver\vendor\setasign\fpdi\tests\visual\Tfpdf\FpdiTest.sync-conflict-20251012-163510-6SA55L2.php","9/25/2025 7:08:50 PM","357"
"C:\Users\Shadow\Web-PDFTimeSaver\vendor\setasign\fpdi\tests\visual\Tfpdf\FpdiTest.sync-conflict-20251012-143451-6SA55L2.php","9/25/2025 7:08:50 PM","357"
"C:\Users\Shadow\Web-PDFTimeSaver\vendor\setasign\fpdi\tests\visual\Tfpdf\FpdiTest\importedPageInTemplateMm1\original\result.pdf","9/25/2025 7:08:50 PM","107683"
"C:\Users\Shadow\Web-PDFTimeSaver\vendor\setasign\fpdi\tests\visual\Tfpdf\FpdiTest\importedPageInTemplateMm1\original\result.sync-conflict-20251012-163514-6SA55L2.pdf","9/25/2025 7:08:50 PM","107683"
"C:\Users\Shadow\Web-PDFTimeSaver\vendor\setasign\fpdi\tests\visual\Tfpdf\FpdiTest\importedPageInTemplateMm1\original\result.sync-conflict-20251012-143450-6SA55L2.pdf","9/25/2025 7:08:50 PM","107683"
"C:\Users\Shadow\Web-PDFTimeSaver\vendor\setasign\fpdi\tests\visual\Tfpdf\FpdiTest\importedPageInTemplateMm2\original\result.pdf","9/25/2025 7:08:50 PM","108014"
"C:\Users\Shadow\Web-PDFTimeSaver\vendor\setasign\fpdi\tests\visual\Tfpdf\FpdiTest\importedPageInTemplateMm2\original\result.sync-conflict-20251012-163513-6SA55L2.pdf","9/25/2025 7:08:50 PM","108014"
"C:\Users\Shadow\Web-PDFTimeSaver\vendor\setasign\fpdi\tests\visual\Tfpdf\FpdiTest\importedPageInTemplateMm2\original\result.sync-conflict-20251012-143456-6SA55L2.pdf","9/25/2025 7:08:50 PM","108014"
"C:\Users\Shadow\Web-PDFTimeSaver\vendor\setasign\fpdi\tests\visual\Tfpdf\FpdiTest\importedPageInTemplatePt1\original\result.pdf","9/25/2025 7:08:50 PM","107678"
"C:\Users\Shadow\Web-PDFTimeSaver\vendor\setasign\fpdi\tests\visual\Tfpdf\FpdiTest\importedPageInTemplatePt1\original\result.sync-conflict-20251012-163509-6SA55L2.pdf","9/25/2025 7:08:50 PM","107678"
"C:\Users\Shadow\Web-PDFTimeSaver\vendor\setasign\fpdi\tests\visual\Tfpdf\FpdiTest\importedPageInTemplatePt1\original\result.sync-conflict-20251012-143454-6SA55L2.pdf","9/25/2025 7:08:50 PM","107678"
"C:\Users\Shadow\Web-PDFTimeSaver\vendor\setasign\fpdi\tests\visual\Tfpdf\FpdiTest\importedPageInTemplatePt2\original\result.sync-conflict-20251012-143455-6SA55L2.pdf","9/25/2025 7:08:50 PM","107971"
"C:\Users\Shadow\Web-PDFTimeSaver\vendor\setasign\fpdi\tests\visual\Tfpdf\FpdiTest\importedPageInTemplatePt2\original\result.sync-conflict-20251012-163510-6SA55L2.pdf","9/25/2025 7:08:50 PM","107971"
"C:\Users\Shadow\Web-PDFTimeSaver\vendor\setasign\fpdi\tests\visual\Tfpdf\FpdiTest\importedPageInTemplatePt2\original\result.pdf","9/25/2025 7:08:50 PM","107971"
"C:\Users\Shadow\Web-PDFTimeSaver\vendor\setasign\fpdi\tests\visual\VisualTestCase.sync-conflict-20251012-143451-6SA55L2.php","9/25/2025 7:08:50 PM","4878"
"C:\Users\Shadow\Web-PDFTimeSaver\vendor\setasign\fpdi\tests\visual\VisualTestCase.php","9/25/2025 7:08:50 PM","4878"
"C:\Users\Shadow\Web-PDFTimeSaver\vendor\setasign\fpdi\tests\visual\VisualTestCase.sync-conflict-20251012-163506-6SA55L2.php","9/25/2025 7:08:50 PM","4878"
"C:\Users\Shadow\Web-PDFTimeSaver\vendor\composer\InstalledVersions.sync-conflict-20251012-163508-6SA55L2.php","9/25/2025 7:08:51 PM","17395"
"C:\Users\Shadow\Web-PDFTimeSaver\vendor\composer\InstalledVersions.sync-conflict-20251012-143451-6SA55L2.php","9/25/2025 7:08:51 PM","17395"
"C:\Users\Shadow\Web-PDFTimeSaver\vendor\composer\InstalledVersions.php","9/25/2025 7:08:51 PM","17395"
"C:\Users\Shadow\Web-PDFTimeSaver\vendor\autoload.sync-conflict-20251012-163502-6SA55L2.php","9/25/2025 7:08:56 PM","748"
"C:\Users\Shadow\Web-PDFTimeSaver\vendor\autoload.php","9/25/2025 7:08:56 PM","748"
"C:\Users\Shadow\Web-PDFTimeSaver\vendor\autoload.sync-conflict-20251012-143455-6SA55L2.php","9/25/2025 7:08:56 PM","748"
"C:\Users\Shadow\Web-PDFTimeSaver\uploads\fl100.sync-conflict-20251012-143452-6SA55L2.pdf","9/27/2025 2:08:20 AM","192902"
"C:\Users\Shadow\Web-PDFTimeSaver\uploads\fl100.sync-conflict-20251012-163518-6SA55L2.pdf","9/27/2025 2:08:20 AM","192902"
"C:\Users\Shadow\Web-PDFTimeSaver\uploads\fl100.pdf","9/27/2025 2:08:20 AM","192902"
"C:\Users\Shadow\Web-PDFTimeSaver\uploads\t_fl100_gc120.pdf","9/27/2025 2:08:20 AM","192902"
"C:\Users\Shadow\Web-PDFTimeSaver\uploads\68d7baede2abc_test_form.sync-conflict-20251012-163502-6SA55L2.pdf","9/27/2025 3:22:37 AM","12"
"C:\Users\Shadow\Web-PDFTimeSaver\uploads\68d7baede2abc_test_form.sync-conflict-20251012-143453-6SA55L2.pdf","9/27/2025 3:22:37 AM","12"
"C:\Users\Shadow\Web-PDFTimeSaver\uploads\68d7baede2abc_test_form.pdf","9/27/2025 3:22:37 AM","12"
"C:\Users\Shadow\Web-PDFTimeSaver\vendor\setasign\fpdf\FAQ.sync-conflict-20251012-143456-6SA55L2.htm","9/27/2025 3:32:38 AM","11397"
"C:\Users\Shadow\Web-PDFTimeSaver\vendor\setasign\fpdf\FAQ.sync-conflict-20251012-163515-6SA55L2.htm","9/27/2025 3:32:38 AM","11397"
"C:\Users\Shadow\Web-PDFTimeSaver\vendor\setasign\fpdf\FAQ.htm","9/27/2025 3:32:38 AM","11397"
"C:\Users\Shadow\Web-PDFTimeSaver\vendor\setasign\fpdf\README.sync-conflict-20251012-163501-6SA55L2.md","9/27/2025 3:32:38 AM","682"
"C:\Users\Shadow\Web-PDFTimeSaver\vendor\setasign\fpdf\README.sync-conflict-20251012-143451-6SA55L2.md","9/27/2025 3:32:38 AM","682"
"C:\Users\Shadow\Web-PDFTimeSaver\vendor\setasign\fpdf\README.md","9/27/2025 3:32:38 AM","682"
"C:\Users\Shadow\Web-PDFTimeSaver\vendor\setasign\fpdf\changelog.htm","9/27/2025 3:32:38 AM","9312"
"C:\Users\Shadow\Web-PDFTimeSaver\vendor\setasign\fpdf\changelog.sync-conflict-20251012-163500-6SA55L2.htm","9/27/2025 3:32:38 AM","9312"
"C:\Users\Shadow\Web-PDFTimeSaver\vendor\setasign\fpdf\changelog.sync-conflict-20251012-143454-6SA55L2.htm","9/27/2025 3:32:38 AM","9312"
"C:\Users\Shadow\Web-PDFTimeSaver\vendor\setasign\fpdf\composer.json","9/27/2025 3:32:38 AM","607"
"C:\Users\Shadow\Web-PDFTimeSaver\vendor\setasign\fpdf\composer.sync-conflict-20251012-143451-6SA55L2.json","9/27/2025 3:32:38 AM","607"
"C:\Users\Shadow\Web-PDFTimeSaver\vendor\setasign\fpdf\composer.sync-conflict-20251012-163511-6SA55L2.json","9/27/2025 3:32:38 AM","607"
"C:\Users\Shadow\Web-PDFTimeSaver\vendor\setasign\fpdf\doc\__construct.sync-conflict-20251012-163504-6SA55L2.htm","9/27/2025 3:32:38 AM","2018"
"C:\Users\Shadow\Web-PDFTimeSaver\vendor\setasign\fpdf\doc\__construct.sync-conflict-20251012-143456-6SA55L2.htm","9/27/2025 3:32:38 AM","2018"
"C:\Users\Shadow\Web-PDFTimeSaver\vendor\setasign\fpdf\doc\__construct.htm","9/27/2025 3:32:38 AM","2018"
"C:\Users\Shadow\Web-PDFTimeSaver\vendor\setasign\fpdf\doc\acceptpagebreak.sync-conflict-20251012-163500-6SA55L2.htm","9/27/2025 3:32:38 AM","1749"
"C:\Users\Shadow\Web-PDFTimeSaver\vendor\setasign\fpdf\doc\acceptpagebreak.htm","9/27/2025 3:32:38 AM","1749"
"C:\Users\Shadow\Web-PDFTimeSaver\vendor\setasign\fpdf\doc\acceptpagebreak.sync-conflict-20251012-143455-6SA55L2.htm","9/27/2025 3:32:38 AM","1749"
"C:\Users\Shadow\Web-PDFTimeSaver\vendor\setasign\fpdf\doc\addfont.sync-conflict-20251012-163506-6SA55L2.htm","9/27/2025 3:32:38 AM","1802"
"C:\Users\Shadow\Web-PDFTimeSaver\vendor\setasign\fpdf\doc\addfont.htm","9/27/2025 3:32:38 AM","1802"
"C:\Users\Shadow\Web-PDFTimeSaver\vendor\setasign\fpdf\doc\addfont.sync-conflict-20251012-143451-6SA55L2.htm","9/27/2025 3:32:38 AM","1802"
"C:\Users\Shadow\Web-PDFTimeSaver\vendor\setasign\fpdf\doc\addlink.sync-conflict-20251012-163503-6SA55L2.htm","9/27/2025 3:32:38 AM","897"
"C:\Users\Shadow\Web-PDFTimeSaver\vendor\setasign\fpdf\doc\addlink.htm","9/27/2025 3:32:38 AM","897"
"C:\Users\Shadow\Web-PDFTimeSaver\vendor\setasign\fpdf\doc\addlink.sync-conflict-20251012-143455-6SA55L2.htm","9/27/2025 3:32:38 AM","897"
"C:\Users\Shadow\Web-PDFTimeSaver\vendor\setasign\fpdf\doc\addpage.sync-conflict-20251012-163511-6SA55L2.htm","9/27/2025 3:32:38 AM","2200"
"C:\Users\Shadow\Web-PDFTimeSaver\vendor\setasign\fpdf\doc\addpage.htm","9/27/2025 3:32:38 AM","2200"
"C:\Users\Shadow\Web-PDFTimeSaver\vendor\setasign\fpdf\doc\addpage.sync-conflict-20251012-143453-6SA55L2.htm","9/27/2025 3:32:38 AM","2200"
"C:\Users\Shadow\Web-PDFTimeSaver\vendor\setasign\fpdf\doc\aliasnbpages.sync-conflict-20251012-163514-6SA55L2.htm","9/27/2025 3:32:38 AM","1216"
"C:\Users\Shadow\Web-PDFTimeSaver\vendor\setasign\fpdf\doc\aliasnbpages.htm","9/27/2025 3:32:38 AM","1216"
"C:\Users\Shadow\Web-PDFTimeSaver\vendor\setasign\fpdf\doc\aliasnbpages.sync-conflict-20251012-143456-6SA55L2.htm","9/27/2025 3:32:38 AM","1216"
"C:\Users\Shadow\Web-PDFTimeSaver\vendor\setasign\fpdf\doc\cell.sync-conflict-20251012-163503-6SA55L2.htm","9/27/2025 3:32:38 AM","3447"
"C:\Users\Shadow\Web-PDFTimeSaver\vendor\setasign\fpdf\doc\cell.htm","9/27/2025 3:32:38 AM","3447"
"C:\Users\Shadow\Web-PDFTimeSaver\vendor\setasign\fpdf\doc\cell.sync-conflict-20251012-143451-6SA55L2.htm","9/27/2025 3:32:38 AM","3447"
"C:\Users\Shadow\Web-PDFTimeSaver\vendor\setasign\fpdf\doc\close.sync-conflict-20251012-143454-6SA55L2.htm","9/27/2025 3:32:38 AM","711"
"C:\Users\Shadow\Web-PDFTimeSaver\vendor\setasign\fpdf\doc\close.htm","9/27/2025 3:32:38 AM","711"
"C:\Users\Shadow\Web-PDFTimeSaver\vendor\setasign\fpdf\doc\close.sync-conflict-20251012-163503-6SA55L2.htm","9/27/2025 3:32:38 AM","711"
"C:\Users\Shadow\Web-PDFTimeSaver\vendor\setasign\fpdf\doc\error.htm","9/27/2025 3:32:38 AM","846"
"C:\Users\Shadow\Web-PDFTimeSaver\vendor\setasign\fpdf\doc\error.sync-conflict-20251012-163503-6SA55L2.htm","9/27/2025 3:32:38 AM","846"
"C:\Users\Shadow\Web-PDFTimeSaver\vendor\setasign\fpdf\doc\error.sync-conflict-20251012-143451-6SA55L2.htm","9/27/2025 3:32:38 AM","846"
"C:\Users\Shadow\Web-PDFTimeSaver\vendor\setasign\fpdf\doc\footer.htm","9/27/2025 3:32:38 AM","1121"
"C:\Users\Shadow\Web-PDFTimeSaver\vendor\setasign\fpdf\doc\footer.sync-conflict-20251012-163507-6SA55L2.htm","9/27/2025 3:32:38 AM","1121"
"C:\Users\Shadow\Web-PDFTimeSaver\vendor\setasign\fpdf\doc\footer.sync-conflict-20251012-143454-6SA55L2.htm","9/27/2025 3:32:38 AM","1121"
"C:\Users\Shadow\Web-PDFTimeSaver\vendor\setasign\fpdf\doc\getpageheight.sync-conflict-20251012-163508-6SA55L2.htm","9/27/2025 3:32:38 AM","566"
"C:\Users\Shadow\Web-PDFTimeSaver\vendor\setasign\fpdf\doc\getpageheight.htm","9/27/2025 3:32:38 AM","566"
"C:\Users\Shadow\Web-PDFTimeSaver\vendor\setasign\fpdf\doc\getpageheight.sync-conflict-20251012-143456-6SA55L2.htm","9/27/2025 3:32:38 AM","566"
"C:\Users\Shadow\Web-PDFTimeSaver\vendor\setasign\fpdf\doc\getpagewidth.htm","9/27/2025 3:32:38 AM","564"
"C:\Users\Shadow\Web-PDFTimeSaver\vendor\setasign\fpdf\doc\getpagewidth.sync-conflict-20251012-163515-6SA55L2.htm","9/27/2025 3:32:38 AM","564"
"C:\Users\Shadow\Web-PDFTimeSaver\vendor\setasign\fpdf\doc\getpagewidth.sync-conflict-20251012-143454-6SA55L2.htm","9/27/2025 3:32:38 AM","564"
"C:\Users\Shadow\Web-PDFTimeSaver\vendor\setasign\fpdf\doc\getstringwidth.htm","9/27/2025 3:32:38 AM","687"
"C:\Users\Shadow\Web-PDFTimeSaver\vendor\setasign\fpdf\doc\getstringwidth.sync-conflict-20251012-163501-6SA55L2.htm","9/27/2025 3:32:38 AM","687"
"C:\Users\Shadow\Web-PDFTimeSaver\vendor\setasign\fpdf\doc\getstringwidth.sync-conflict-20251012-143451-6SA55L2.htm","9/27/2025 3:32:38 AM","687"
"C:\Users\Shadow\Web-PDFTimeSaver\vendor\setasign\fpdf\doc\getx.sync-conflict-20251012-163511-6SA55L2.htm","9/27/2025 3:32:38 AM","596"
"C:\Users\Shadow\Web-PDFTimeSaver\vendor\setasign\fpdf\doc\getx.htm","9/27/2025 3:32:38 AM","596"
"C:\Users\Shadow\Web-PDFTimeSaver\vendor\setasign\fpdf\doc\getx.sync-conflict-20251012-143453-6SA55L2.htm","9/27/2025 3:32:38 AM","596"
"C:\Users\Shadow\Web-PDFTimeSaver\vendor\setasign\fpdf\doc\gety.sync-conflict-20251012-143455-6SA55L2.htm","9/27/2025 3:32:38 AM","596"
"C:\Users\Shadow\Web-PDFTimeSaver\vendor\setasign\fpdf\doc\gety.sync-conflict-20251012-163507-6SA55L2.htm","9/27/2025 3:32:38 AM","596"
"C:\Users\Shadow\Web-PDFTimeSaver\vendor\setasign\fpdf\doc\gety.htm","9/27/2025 3:32:38 AM","596"
"C:\Users\Shadow\Web-PDFTimeSaver\vendor\setasign\fpdf\doc\header.htm","9/27/2025 3:32:38 AM","1111"
"C:\Users\Shadow\Web-PDFTimeSaver\vendor\setasign\fpdf\doc\header.sync-conflict-20251012-163500-6SA55L2.htm","9/27/2025 3:32:38 AM","1111"
"C:\Users\Shadow\Web-PDFTimeSaver\vendor\setasign\fpdf\doc\header.sync-conflict-20251012-143456-6SA55L2.htm","9/27/2025 3:32:38 AM","1111"
"C:\Users\Shadow\Web-PDFTimeSaver\vendor\setasign\fpdf\doc\image.sync-conflict-20251012-163504-6SA55L2.htm","9/27/2025 3:32:38 AM","3690"
"C:\Users\Shadow\Web-PDFTimeSaver\vendor\setasign\fpdf\doc\image.htm","9/27/2025 3:32:38 AM","3690"
"C:\Users\Shadow\Web-PDFTimeSaver\vendor\setasign\fpdf\doc\image.sync-conflict-20251012-143452-6SA55L2.htm","9/27/2025 3:32:38 AM","3690"
"C:\Users\Shadow\Web-PDFTimeSaver\vendor\setasign\fpdf\doc\index.sync-conflict-20251012-143455-6SA55L2.htm","9/27/2025 3:32:38 AM","3410"
"C:\Users\Shadow\Web-PDFTimeSaver\vendor\setasign\fpdf\doc\index.sync-conflict-20251012-163501-6SA55L2.htm","9/27/2025 3:32:38 AM","3410"
"C:\Users\Shadow\Web-PDFTimeSaver\vendor\setasign\fpdf\doc\index.htm","9/27/2025 3:32:38 AM","3410"
"C:\Users\Shadow\Web-PDFTimeSaver\vendor\setasign\fpdf\doc\line.sync-conflict-20251012-143455-6SA55L2.htm","9/27/2025 3:32:38 AM","948"
"C:\Users\Shadow\Web-PDFTimeSaver\vendor\setasign\fpdf\doc\line.sync-conflict-20251012-163510-6SA55L2.htm","9/27/2025 3:32:38 AM","948"
"C:\Users\Shadow\Web-PDFTimeSaver\vendor\setasign\fpdf\doc\line.htm","9/27/2025 3:32:38 AM","948"
"C:\Users\Shadow\Web-PDFTimeSaver\vendor\setasign\fpdf\doc\link.htm","9/27/2025 3:32:38 AM","1304"
"C:\Users\Shadow\Web-PDFTimeSaver\vendor\setasign\fpdf\doc\link.sync-conflict-20251012-163508-6SA55L2.htm","9/27/2025 3:32:38 AM","1304"
"C:\Users\Shadow\Web-PDFTimeSaver\vendor\setasign\fpdf\doc\link.sync-conflict-20251012-143451-6SA55L2.htm","9/27/2025 3:32:38 AM","1304"
"C:\Users\Shadow\Web-PDFTimeSaver\vendor\setasign\fpdf\doc\ln.sync-conflict-20251012-163515-6SA55L2.htm","9/27/2025 3:32:38 AM","808"
"C:\Users\Shadow\Web-PDFTimeSaver\vendor\setasign\fpdf\doc\ln.htm","9/27/2025 3:32:38 AM","808"
"C:\Users\Shadow\Web-PDFTimeSaver\vendor\setasign\fpdf\doc\ln.sync-conflict-20251012-143451-6SA55L2.htm","9/27/2025 3:32:38 AM","808"
"C:\Users\Shadow\Web-PDFTimeSaver\vendor\setasign\fpdf\doc\multicell.htm","9/27/2025 3:32:38 AM","2468"
"C:\Users\Shadow\Web-PDFTimeSaver\vendor\setasign\fpdf\doc\multicell.sync-conflict-20251012-143454-6SA55L2.htm","9/27/2025 3:32:38 AM","2468"
"C:\Users\Shadow\Web-PDFTimeSaver\vendor\setasign\fpdf\doc\multicell.sync-conflict-20251012-163510-6SA55L2.htm","9/27/2025 3:32:38 AM","2468"
"C:\Users\Shadow\Web-PDFTimeSaver\vendor\setasign\fpdf\doc\output.sync-conflict-20251012-143455-6SA55L2.htm","9/27/2025 3:32:38 AM","1817"
"C:\Users\Shadow\Web-PDFTimeSaver\vendor\setasign\fpdf\doc\output.htm","9/27/2025 3:32:38 AM","1817"
"C:\Users\Shadow\Web-PDFTimeSaver\vendor\setasign\fpdf\doc\output.sync-conflict-20251012-163501-6SA55L2.htm","9/27/2025 3:32:38 AM","1817"
"C:\Users\Shadow\Web-PDFTimeSaver\vendor\setasign\fpdf\doc\pageno.sync-conflict-20251012-143452-6SA55L2.htm","9/27/2025 3:32:38 AM","543"
"C:\Users\Shadow\Web-PDFTimeSaver\vendor\setasign\fpdf\doc\pageno.htm","9/27/2025 3:32:38 AM","543"
"C:\Users\Shadow\Web-PDFTimeSaver\vendor\setasign\fpdf\doc\pageno.sync-conflict-20251012-163508-6SA55L2.htm","9/27/2025 3:32:38 AM","543"
"C:\Users\Shadow\Web-PDFTimeSaver\vendor\setasign\fpdf\doc\rect.sync-conflict-20251012-143453-6SA55L2.htm","9/27/2025 3:32:38 AM","1300"
"C:\Users\Shadow\Web-PDFTimeSaver\vendor\setasign\fpdf\doc\rect.htm","9/27/2025 3:32:38 AM","1300"
"C:\Users\Shadow\Web-PDFTimeSaver\vendor\setasign\fpdf\doc\rect.sync-conflict-20251012-163504-6SA55L2.htm","9/27/2025 3:32:38 AM","1300"
"C:\Users\Shadow\Web-PDFTimeSaver\vendor\setasign\fpdf\doc\setauthor.sync-conflict-20251012-143456-6SA55L2.htm","9/27/2025 3:32:38 AM","1010"
"C:\Users\Shadow\Web-PDFTimeSaver\vendor\setasign\fpdf\doc\setauthor.sync-conflict-20251012-163518-6SA55L2.htm","9/27/2025 3:32:38 AM","1010"
"C:\Users\Shadow\Web-PDFTimeSaver\vendor\setasign\fpdf\doc\setauthor.htm","9/27/2025 3:32:38 AM","1010"
"C:\Users\Shadow\Web-PDFTimeSaver\vendor\setasign\fpdf\doc\setautopagebreak.sync-conflict-20251012-143457-6SA55L2.htm","9/27/2025 3:32:38 AM","1090"
"C:\Users\Shadow\Web-PDFTimeSaver\vendor\setasign\fpdf\doc\setautopagebreak.sync-conflict-20251012-163502-6SA55L2.htm","9/27/2025 3:32:38 AM","1090"
"C:\Users\Shadow\Web-PDFTimeSaver\vendor\setasign\fpdf\doc\setautopagebreak.htm","9/27/2025 3:32:38 AM","1090"
"C:\Users\Shadow\Web-PDFTimeSaver\vendor\setasign\fpdf\doc\setcompression.sync-conflict-20251012-143455-6SA55L2.htm","9/27/2025 3:32:38 AM","989"
"C:\Users\Shadow\Web-PDFTimeSaver\vendor\setasign\fpdf\doc\setcompression.htm","9/27/2025 3:32:38 AM","989"
"C:\Users\Shadow\Web-PDFTimeSaver\vendor\setasign\fpdf\doc\setcompression.sync-conflict-20251012-163502-6SA55L2.htm","9/27/2025 3:32:38 AM","989"
"C:\Users\Shadow\Web-PDFTimeSaver\vendor\setasign\fpdf\doc\setcreator.sync-conflict-20251012-143451-6SA55L2.htm","9/27/2025 3:32:38 AM","1086"
"C:\Users\Shadow\Web-PDFTimeSaver\vendor\setasign\fpdf\doc\setcreator.sync-conflict-20251012-163502-6SA55L2.htm","9/27/2025 3:32:38 AM","1086"
"C:\Users\Shadow\Web-PDFTimeSaver\vendor\setasign\fpdf\doc\setcreator.htm","9/27/2025 3:32:38 AM","1086"
"C:\Users\Shadow\Web-PDFTimeSaver\vendor\setasign\fpdf\doc\setdisplaymode.sync-conflict-20251012-143456-6SA55L2.htm","9/27/2025 3:32:38 AM","1759"
"C:\Users\Shadow\Web-PDFTimeSaver\vendor\setasign\fpdf\doc\setdisplaymode.htm","9/27/2025 3:32:38 AM","1759"
"C:\Users\Shadow\Web-PDFTimeSaver\vendor\setasign\fpdf\doc\setdisplaymode.sync-conflict-20251012-163504-6SA55L2.htm","9/27/2025 3:32:38 AM","1759"
"C:\Users\Shadow\Web-PDFTimeSaver\vendor\setasign\fpdf\doc\setdrawcolor.sync-conflict-20251012-163510-6SA55L2.htm","9/27/2025 3:32:38 AM","1342"
"C:\Users\Shadow\Web-PDFTimeSaver\vendor\setasign\fpdf\doc\setdrawcolor.htm","9/27/2025 3:32:38 AM","1342"
"C:\Users\Shadow\Web-PDFTimeSaver\vendor\setasign\fpdf\doc\setdrawcolor.sync-conflict-20251012-143454-6SA55L2.htm","9/27/2025 3:32:38 AM","1342"
"C:\Users\Shadow\Web-PDFTimeSaver\vendor\setasign\fpdf\doc\setfillcolor.sync-conflict-20251012-143451-6SA55L2.htm","9/27/2025 3:32:38 AM","1317"
"C:\Users\Shadow\Web-PDFTimeSaver\vendor\setasign\fpdf\doc\setfillcolor.sync-conflict-20251012-163507-6SA55L2.htm","9/27/2025 3:32:38 AM","1317"
"C:\Users\Shadow\Web-PDFTimeSaver\vendor\setasign\fpdf\doc\setfillcolor.htm","9/27/2025 3:32:38 AM","1317"
"C:\Users\Shadow\Web-PDFTimeSaver\vendor\setasign\fpdf\doc\setfont.sync-conflict-20251012-143455-6SA55L2.htm","9/27/2025 3:32:38 AM","3358"
"C:\Users\Shadow\Web-PDFTimeSaver\vendor\setasign\fpdf\doc\setfont.sync-conflict-20251012-163504-6SA55L2.htm","9/27/2025 3:32:38 AM","3358"
"C:\Users\Shadow\Web-PDFTimeSaver\vendor\setasign\fpdf\doc\setfont.htm","9/27/2025 3:32:38 AM","3358"
"C:\Users\Shadow\Web-PDFTimeSaver\vendor\setasign\fpdf\doc\setfontsize.sync-conflict-20251012-143456-6SA55L2.htm","9/27/2025 3:32:38 AM","671"
"C:\Users\Shadow\Web-PDFTimeSaver\vendor\setasign\fpdf\doc\setfontsize.htm","9/27/2025 3:32:38 AM","671"
"C:\Users\Shadow\Web-PDFTimeSaver\vendor\setasign\fpdf\doc\setfontsize.sync-conflict-20251012-163505-6SA55L2.htm","9/27/2025 3:32:38 AM","671"
"C:\Users\Shadow\Web-PDFTimeSaver\vendor\setasign\fpdf\doc\setkeywords.sync-conflict-20251012-163513-6SA55L2.htm","9/27/2025 3:32:38 AM","1064"
"C:\Users\Shadow\Web-PDFTimeSaver\vendor\setasign\fpdf\doc\setkeywords.htm","9/27/2025 3:32:38 AM","1064"
"C:\Users\Shadow\Web-PDFTimeSaver\vendor\setasign\fpdf\doc\setkeywords.sync-conflict-20251012-143455-6SA55L2.htm","9/27/2025 3:32:38 AM","1064"
"C:\Users\Shadow\Web-PDFTimeSaver\vendor\setasign\fpdf\doc\setleftmargin.htm","9/27/2025 3:32:38 AM","954"
"C:\Users\Shadow\Web-PDFTimeSaver\vendor\setasign\fpdf\doc\setleftmargin.sync-conflict-20251012-163503-6SA55L2.htm","9/27/2025 3:32:38 AM","954"
"C:\Users\Shadow\Web-PDFTimeSaver\vendor\setasign\fpdf\doc\setleftmargin.sync-conflict-20251012-143451-6SA55L2.htm","9/27/2025 3:32:38 AM","954"
"C:\Users\Shadow\Web-PDFTimeSaver\vendor\setasign\fpdf\doc\setlinewidth.sync-conflict-20251012-143457-6SA55L2.htm","9/27/2025 3:32:38 AM","886"
"C:\Users\Shadow\Web-PDFTimeSaver\vendor\setasign\fpdf\doc\setlinewidth.sync-conflict-20251012-163517-6SA55L2.htm","9/27/2025 3:32:38 AM","886"
"C:\Users\Shadow\Web-PDFTimeSaver\vendor\setasign\fpdf\doc\setlinewidth.htm","9/27/2025 3:32:38 AM","886"
"C:\Users\Shadow\Web-PDFTimeSaver\vendor\setasign\fpdf\doc\setlink.sync-conflict-20251012-143453-6SA55L2.htm","9/27/2025 3:32:38 AM","1031"
"C:\Users\Shadow\Web-PDFTimeSaver\vendor\setasign\fpdf\doc\setlink.sync-conflict-20251012-163500-6SA55L2.htm","9/27/2025 3:32:38 AM","1031"
"C:\Users\Shadow\Web-PDFTimeSaver\vendor\setasign\fpdf\doc\setlink.htm","9/27/2025 3:32:38 AM","1031"
"C:\Users\Shadow\Web-PDFTimeSaver\vendor\setasign\fpdf\doc\setmargins.sync-conflict-20251012-143456-6SA55L2.htm","9/27/2025 3:32:38 AM","1069"
"C:\Users\Shadow\Web-PDFTimeSaver\vendor\setasign\fpdf\doc\setmargins.sync-conflict-20251012-163514-6SA55L2.htm","9/27/2025 3:32:38 AM","1069"
"C:\Users\Shadow\Web-PDFTimeSaver\vendor\setasign\fpdf\doc\setmargins.htm","9/27/2025 3:32:38 AM","1069"
"C:\Users\Shadow\Web-PDFTimeSaver\vendor\setasign\fpdf\doc\setrightmargin.sync-conflict-20251012-143453-6SA55L2.htm","9/27/2025 3:32:38 AM","873"
"C:\Users\Shadow\Web-PDFTimeSaver\vendor\setasign\fpdf\doc\setrightmargin.sync-conflict-20251012-163518-6SA55L2.htm","9/27/2025 3:32:38 AM","873"
"C:\Users\Shadow\Web-PDFTimeSaver\vendor\setasign\fpdf\doc\setrightmargin.htm","9/27/2025 3:32:38 AM","873"
"C:\Users\Shadow\Web-PDFTimeSaver\vendor\setasign\fpdf\doc\setsubject.sync-conflict-20251012-143451-6SA55L2.htm","9/27/2025 3:32:38 AM","1003"
"C:\Users\Shadow\Web-PDFTimeSaver\vendor\setasign\fpdf\doc\setsubject.sync-conflict-20251012-163508-6SA55L2.htm","9/27/2025 3:32:38 AM","1003"
"C:\Users\Shadow\Web-PDFTimeSaver\vendor\setasign\fpdf\doc\setsubject.htm","9/27/2025 3:32:38 AM","1003"
"C:\Users\Shadow\Web-PDFTimeSaver\vendor\setasign\fpdf\doc\settextcolor.sync-conflict-20251012-143455-6SA55L2.htm","9/27/2025 3:32:38 AM","1257"
"C:\Users\Shadow\Web-PDFTimeSaver\vendor\setasign\fpdf\doc\settextcolor.sync-conflict-20251012-163518-6SA55L2.htm","9/27/2025 3:32:38 AM","1257"
"C:\Users\Shadow\Web-PDFTimeSaver\vendor\setasign\fpdf\doc\settextcolor.htm","9/27/2025 3:32:38 AM","1257"
"C:\Users\Shadow\Web-PDFTimeSaver\vendor\setasign\fpdf\doc\settitle.sync-conflict-20251012-143453-6SA55L2.htm","9/27/2025 3:32:38 AM","993"
"C:\Users\Shadow\Web-PDFTimeSaver\vendor\setasign\fpdf\doc\settitle.sync-conflict-20251012-163511-6SA55L2.htm","9/27/2025 3:32:38 AM","993"
"C:\Users\Shadow\Web-PDFTimeSaver\vendor\setasign\fpdf\doc\settitle.htm","9/27/2025 3:32:38 AM","993"
"C:\Users\Shadow\Web-PDFTimeSaver\vendor\setasign\fpdf\doc\settopmargin.sync-conflict-20251012-143453-6SA55L2.htm","9/27/2025 3:32:38 AM","869"
"C:\Users\Shadow\Web-PDFTimeSaver\vendor\setasign\fpdf\doc\settopmargin.sync-conflict-20251012-163514-6SA55L2.htm","9/27/2025 3:32:38 AM","869"
"C:\Users\Shadow\Web-PDFTimeSaver\vendor\setasign\fpdf\doc\settopmargin.htm","9/27/2025 3:32:38 AM","869"
"C:\Users\Shadow\Web-PDFTimeSaver\vendor\setasign\fpdf\doc\setx.sync-conflict-20251012-143451-6SA55L2.htm","9/27/2025 3:32:38 AM","818"
"C:\Users\Shadow\Web-PDFTimeSaver\vendor\setasign\fpdf\doc\setx.sync-conflict-20251012-163504-6SA55L2.htm","9/27/2025 3:32:38 AM","818"
"C:\Users\Shadow\Web-PDFTimeSaver\vendor\setasign\fpdf\doc\setx.htm","9/27/2025 3:32:38 AM","818"
"C:\Users\Shadow\Web-PDFTimeSaver\vendor\setasign\fpdf\doc\setxy.sync-conflict-20251012-143456-6SA55L2.htm","9/27/2025 3:32:38 AM","883"
"C:\Users\Shadow\Web-PDFTimeSaver\vendor\setasign\fpdf\doc\setxy.sync-conflict-20251012-163518-6SA55L2.htm","9/27/2025 3:32:38 AM","883"
"C:\Users\Shadow\Web-PDFTimeSaver\vendor\setasign\fpdf\doc\setxy.htm","9/27/2025 3:32:38 AM","883"
"C:\Users\Shadow\Web-PDFTimeSaver\vendor\setasign\fpdf\doc\sety.sync-conflict-20251012-143455-6SA55L2.htm","9/27/2025 3:32:38 AM","986"
"C:\Users\Shadow\Web-PDFTimeSaver\vendor\setasign\fpdf\doc\sety.sync-conflict-20251012-163510-6SA55L2.htm","9/27/2025 3:32:38 AM","986"
"C:\Users\Shadow\Web-PDFTimeSaver\vendor\setasign\fpdf\doc\sety.htm","9/27/2025 3:32:38 AM","986"
"C:\Users\Shadow\Web-PDFTimeSaver\vendor\setasign\fpdf\doc\text.sync-conflict-20251012-143454-6SA55L2.htm","9/27/2025 3:32:38 AM","1177"
"C:\Users\Shadow\Web-PDFTimeSaver\vendor\setasign\fpdf\doc\text.sync-conflict-20251012-163506-6SA55L2.htm","9/27/2025 3:32:38 AM","1177"
"C:\Users\Shadow\Web-PDFTimeSaver\vendor\setasign\fpdf\doc\text.htm","9/27/2025 3:32:38 AM","1177"
"C:\Users\Shadow\Web-PDFTimeSaver\vendor\setasign\fpdf\doc\write.sync-conflict-20251012-163508-6SA55L2.htm","9/27/2025 3:32:38 AM","1579"
"C:\Users\Shadow\Web-PDFTimeSaver\vendor\setasign\fpdf\doc\write.sync-conflict-20251012-143451-6SA55L2.htm","9/27/2025 3:32:38 AM","1579"
"C:\Users\Shadow\Web-PDFTimeSaver\vendor\setasign\fpdf\doc\write.htm","9/27/2025 3:32:38 AM","1579"
"C:\Users\Shadow\Web-PDFTimeSaver\vendor\setasign\fpdf\font\courier.sync-conflict-20251012-143451-6SA55L2.php","9/27/2025 3:32:38 AM","442"
"C:\Users\Shadow\Web-PDFTimeSaver\vendor\setasign\fpdf\font\courier.sync-conflict-20251012-163517-6SA55L2.php","9/27/2025 3:32:38 AM","442"
"C:\Users\Shadow\Web-PDFTimeSaver\vendor\setasign\fpdf\font\courier.php","9/27/2025 3:32:38 AM","442"
"C:\Users\Shadow\Web-PDFTimeSaver\vendor\setasign\fpdf\font\courierb.sync-conflict-20251012-143454-6SA55L2.php","9/27/2025 3:32:38 AM","447"
"C:\Users\Shadow\Web-PDFTimeSaver\vendor\setasign\fpdf\font\courierb.sync-conflict-20251012-163459-6SA55L2.php","9/27/2025 3:32:38 AM","447"
"C:\Users\Shadow\Web-PDFTimeSaver\vendor\setasign\fpdf\font\courierb.php","9/27/2025 3:32:38 AM","447"
"C:\Users\Shadow\Web-PDFTimeSaver\vendor\setasign\fpdf\font\courierbi.sync-conflict-20251012-143455-6SA55L2.php","9/27/2025 3:32:38 AM","454"
"C:\Users\Shadow\Web-PDFTimeSaver\vendor\setasign\fpdf\font\courierbi.sync-conflict-20251012-163506-6SA55L2.php","9/27/2025 3:32:38 AM","454"
"C:\Users\Shadow\Web-PDFTimeSaver\vendor\setasign\fpdf\font\courierbi.php","9/27/2025 3:32:38 AM","454"
"C:\Users\Shadow\Web-PDFTimeSaver\vendor\setasign\fpdf\font\courieri.php","9/27/2025 3:32:38 AM","450"
"C:\Users\Shadow\Web-PDFTimeSaver\vendor\setasign\fpdf\font\courieri.sync-conflict-20251012-143455-6SA55L2.php","9/27/2025 3:32:38 AM","450"
"C:\Users\Shadow\Web-PDFTimeSaver\vendor\setasign\fpdf\font\courieri.sync-conflict-20251012-163508-6SA55L2.php","9/27/2025 3:32:38 AM","450"
"C:\Users\Shadow\Web-PDFTimeSaver\vendor\setasign\fpdf\font\helvetica.sync-conflict-20251012-163500-6SA55L2.php","9/27/2025 3:32:38 AM","3525"
"C:\Users\Shadow\Web-PDFTimeSaver\vendor\setasign\fpdf\font\helvetica.php","9/27/2025 3:32:38 AM","3525"
"C:\Users\Shadow\Web-PDFTimeSaver\vendor\setasign\fpdf\font\helvetica.sync-conflict-20251012-143451-6SA55L2.php","9/27/2025 3:32:38 AM","3525"
"C:\Users\Shadow\Web-PDFTimeSaver\vendor\setasign\fpdf\font\helveticab.sync-conflict-20251012-143453-6SA55L2.php","9/27/2025 3:32:38 AM","3529"
"C:\Users\Shadow\Web-PDFTimeSaver\vendor\setasign\fpdf\font\helveticab.php","9/27/2025 3:32:38 AM","3529"
"C:\Users\Shadow\Web-PDFTimeSaver\vendor\setasign\fpdf\font\helveticab.sync-conflict-20251012-163503-6SA55L2.php","9/27/2025 3:32:38 AM","3529"
"C:\Users\Shadow\Web-PDFTimeSaver\vendor\setasign\fpdf\font\helveticabi.sync-conflict-20251012-163500-6SA55L2.php","9/27/2025 3:32:38 AM","3536"
"C:\Users\Shadow\Web-PDFTimeSaver\vendor\setasign\fpdf\font\helveticabi.sync-conflict-20251012-143453-6SA55L2.php","9/27/2025 3:32:38 AM","3536"
"C:\Users\Shadow\Web-PDFTimeSaver\vendor\setasign\fpdf\font\helveticabi.php","9/27/2025 3:32:38 AM","3536"
"C:\Users\Shadow\Web-PDFTimeSaver\vendor\setasign\fpdf\font\helveticai.sync-conflict-20251012-163500-6SA55L2.php","9/27/2025 3:32:38 AM","3533"
"C:\Users\Shadow\Web-PDFTimeSaver\vendor\setasign\fpdf\font\helveticai.php","9/27/2025 3:32:38 AM","3533"
"C:\Users\Shadow\Web-PDFTimeSaver\vendor\setasign\fpdf\font\helveticai.sync-conflict-20251012-143452-6SA55L2.php","9/27/2025 3:32:38 AM","3533"
"C:\Users\Shadow\Web-PDFTimeSaver\vendor\setasign\fpdf\font\symbol.sync-conflict-20251012-143455-6SA55L2.php","9/27/2025 3:32:38 AM","4484"
"C:\Users\Shadow\Web-PDFTimeSaver\vendor\setasign\fpdf\font\symbol.sync-conflict-20251012-163511-6SA55L2.php","9/27/2025 3:32:38 AM","4484"
"C:\Users\Shadow\Web-PDFTimeSaver\vendor\setasign\fpdf\font\symbol.php","9/27/2025 3:32:38 AM","4484"
"C:\Users\Shadow\Web-PDFTimeSaver\vendor\setasign\fpdf\font\times.sync-conflict-20251012-143456-6SA55L2.php","9/27/2025 3:32:38 AM","3523"
"C:\Users\Shadow\Web-PDFTimeSaver\vendor\setasign\fpdf\font\times.php","9/27/2025 3:32:38 AM","3523"
"C:\Users\Shadow\Web-PDFTimeSaver\vendor\setasign\fpdf\font\times.sync-conflict-20251012-163510-6SA55L2.php","9/27/2025 3:32:38 AM","3523"
"C:\Users\Shadow\Web-PDFTimeSaver\vendor\setasign\fpdf\font\timesb.php","9/27/2025 3:32:38 AM","3527"
"C:\Users\Shadow\Web-PDFTimeSaver\vendor\setasign\fpdf\font\timesb.sync-conflict-20251012-143456-6SA55L2.php","9/27/2025 3:32:38 AM","3527"
"C:\Users\Shadow\Web-PDFTimeSaver\vendor\setasign\fpdf\font\timesb.sync-conflict-20251012-163511-6SA55L2.php","9/27/2025 3:32:38 AM","3527"
"C:\Users\Shadow\Web-PDFTimeSaver\vendor\setasign\fpdf\font\timesbi.php","9/27/2025 3:32:38 AM","3529"
"C:\Users\Shadow\Web-PDFTimeSaver\vendor\setasign\fpdf\font\timesbi.sync-conflict-20251012-163517-6SA55L2.php","9/27/2025 3:32:38 AM","3529"
"C:\Users\Shadow\Web-PDFTimeSaver\vendor\setasign\fpdf\font\timesbi.sync-conflict-20251012-143456-6SA55L2.php","9/27/2025 3:32:38 AM","3529"
"C:\Users\Shadow\Web-PDFTimeSaver\vendor\setasign\fpdf\font\timesi.sync-conflict-20251012-163511-6SA55L2.php","9/27/2025 3:32:38 AM","3522"
"C:\Users\Shadow\Web-PDFTimeSaver\vendor\setasign\fpdf\font\timesi.php","9/27/2025 3:32:38 AM","3522"
"C:\Users\Shadow\Web-PDFTimeSaver\vendor\setasign\fpdf\font\timesi.sync-conflict-20251012-143452-6SA55L2.php","9/27/2025 3:32:38 AM","3522"
"C:\Users\Shadow\Web-PDFTimeSaver\vendor\setasign\fpdf\font\zapfdingbats.sync-conflict-20251012-143456-6SA55L2.php","9/27/2025 3:32:38 AM","3538"
"C:\Users\Shadow\Web-PDFTimeSaver\vendor\setasign\fpdf\font\zapfdingbats.sync-conflict-20251012-163518-6SA55L2.php","9/27/2025 3:32:38 AM","3538"
"C:\Users\Shadow\Web-PDFTimeSaver\vendor\setasign\fpdf\font\zapfdingbats.php","9/27/2025 3:32:38 AM","3538"
"C:\Users\Shadow\Web-PDFTimeSaver\vendor\setasign\fpdf\fpdf.sync-conflict-20251012-163515-6SA55L2.css","9/27/2025 3:32:38 AM","1339"
"C:\Users\Shadow\Web-PDFTimeSaver\vendor\setasign\fpdf\fpdf.sync-conflict-20251012-143451-6SA55L2.css","9/27/2025 3:32:38 AM","1339"
"C:\Users\Shadow\Web-PDFTimeSaver\vendor\setasign\fpdf\fpdf.css","9/27/2025 3:32:38 AM","1339"
"C:\Users\Shadow\Web-PDFTimeSaver\vendor\setasign\fpdf\fpdf.sync-conflict-20251012-163517-6SA55L2.php","9/27/2025 3:32:38 AM","49946"
"C:\Users\Shadow\Web-PDFTimeSaver\vendor\setasign\fpdf\fpdf.php","9/27/2025 3:32:38 AM","49946"
"C:\Users\Shadow\Web-PDFTimeSaver\vendor\setasign\fpdf\fpdf.sync-conflict-20251012-143454-6SA55L2.php","9/27/2025 3:32:38 AM","49946"
"C:\Users\Shadow\Web-PDFTimeSaver\vendor\setasign\fpdf\install.txt","9/27/2025 3:32:38 AM","562"
"C:\Users\Shadow\Web-PDFTimeSaver\vendor\setasign\fpdf\install.sync-conflict-20251012-143450-6SA55L2.txt","9/27/2025 3:32:38 AM","562"
"C:\Users\Shadow\Web-PDFTimeSaver\vendor\setasign\fpdf\install.sync-conflict-20251012-163507-6SA55L2.txt","9/27/2025 3:32:38 AM","562"
"C:\Users\Shadow\Web-PDFTimeSaver\vendor\setasign\fpdf\license.sync-conflict-20251012-163508-6SA55L2.txt","9/27/2025 3:32:38 AM","331"
"C:\Users\Shadow\Web-PDFTimeSaver\vendor\setasign\fpdf\license.txt","9/27/2025 3:32:38 AM","331"
"C:\Users\Shadow\Web-PDFTimeSaver\vendor\setasign\fpdf\license.sync-conflict-20251012-143453-6SA55L2.txt","9/27/2025 3:32:38 AM","331"
"C:\Users\Shadow\Web-PDFTimeSaver\vendor\setasign\fpdf\makefont\cp1250.sync-conflict-20251012-163509-6SA55L2.map","9/27/2025 3:32:38 AM","4797"
"C:\Users\Shadow\Web-PDFTimeSaver\vendor\setasign\fpdf\makefont\cp1250.sync-conflict-20251012-143454-6SA55L2.map","9/27/2025 3:32:38 AM","4797"
"C:\Users\Shadow\Web-PDFTimeSaver\vendor\setasign\fpdf\makefont\cp1250.map","9/27/2025 3:32:38 AM","4797"
"C:\Users\Shadow\Web-PDFTimeSaver\vendor\setasign\fpdf\makefont\cp1251.sync-conflict-20251012-163502-6SA55L2.map","9/27/2025 3:32:38 AM","5031"
"C:\Users\Shadow\Web-PDFTimeSaver\vendor\setasign\fpdf\makefont\cp1251.map","9/27/2025 3:32:38 AM","5031"
"C:\Users\Shadow\Web-PDFTimeSaver\vendor\setasign\fpdf\makefont\cp1251.sync-conflict-20251012-143456-6SA55L2.map","9/27/2025 3:32:38 AM","5031"
"C:\Users\Shadow\Web-PDFTimeSaver\vendor\setasign\fpdf\makefont\cp1252.sync-conflict-20251012-163505-6SA55L2.map","9/27/2025 3:32:38 AM","4792"
"C:\Users\Shadow\Web-PDFTimeSaver\vendor\setasign\fpdf\makefont\cp1252.map","9/27/2025 3:32:38 AM","4792"
"C:\Users\Shadow\Web-PDFTimeSaver\vendor\setasign\fpdf\makefont\cp1252.sync-conflict-20251012-143455-6SA55L2.map","9/27/2025 3:32:38 AM","4792"
"C:\Users\Shadow\Web-PDFTimeSaver\vendor\setasign\fpdf\makefont\cp1253.sync-conflict-20251012-163504-6SA55L2.map","9/27/2025 3:32:38 AM","4494"
"C:\Users\Shadow\Web-PDFTimeSaver\vendor\setasign\fpdf\makefont\cp1253.sync-conflict-20251012-143455-6SA55L2.map","9/27/2025 3:32:38 AM","4494"
"C:\Users\Shadow\Web-PDFTimeSaver\vendor\setasign\fpdf\makefont\cp1253.map","9/27/2025 3:32:38 AM","4494"
"C:\Users\Shadow\Web-PDFTimeSaver\vendor\setasign\fpdf\makefont\cp1254.sync-conflict-20251012-163510-6SA55L2.map","9/27/2025 3:32:38 AM","4772"
"C:\Users\Shadow\Web-PDFTimeSaver\vendor\setasign\fpdf\makefont\cp1254.sync-conflict-20251012-143456-6SA55L2.map","9/27/2025 3:32:38 AM","4772"
"C:\Users\Shadow\Web-PDFTimeSaver\vendor\setasign\fpdf\makefont\cp1254.map","9/27/2025 3:32:38 AM","4772"
"C:\Users\Shadow\Web-PDFTimeSaver\vendor\setasign\fpdf\makefont\cp1255.sync-conflict-20251012-143452-6SA55L2.map","9/27/2025 3:32:38 AM","4531"
"C:\Users\Shadow\Web-PDFTimeSaver\vendor\setasign\fpdf\makefont\cp1255.map","9/27/2025 3:32:38 AM","4531"
"C:\Users\Shadow\Web-PDFTimeSaver\vendor\setasign\fpdf\makefont\cp1255.sync-conflict-20251012-163504-6SA55L2.map","9/27/2025 3:32:38 AM","4531"
"C:\Users\Shadow\Web-PDFTimeSaver\vendor\setasign\fpdf\makefont\cp1257.sync-conflict-20251012-143452-6SA55L2.map","9/27/2025 3:32:38 AM","4678"
"C:\Users\Shadow\Web-PDFTimeSaver\vendor\setasign\fpdf\makefont\cp1257.map","9/27/2025 3:32:38 AM","4678"
"C:\Users\Shadow\Web-PDFTimeSaver\vendor\setasign\fpdf\makefont\cp1257.sync-conflict-20251012-163514-6SA55L2.map","9/27/2025 3:32:38 AM","4678"
"C:\Users\Shadow\Web-PDFTimeSaver\vendor\setasign\fpdf\makefont\cp1258.sync-conflict-20251012-163500-6SA55L2.map","9/27/2025 3:32:38 AM","4740"
"C:\Users\Shadow\Web-PDFTimeSaver\vendor\setasign\fpdf\makefont\cp1258.sync-conflict-20251012-143454-6SA55L2.map","9/27/2025 3:32:38 AM","4740"
"C:\Users\Shadow\Web-PDFTimeSaver\vendor\setasign\fpdf\makefont\cp1258.map","9/27/2025 3:32:38 AM","4740"
"C:\Users\Shadow\Web-PDFTimeSaver\vendor\setasign\fpdf\makefont\cp874.sync-conflict-20251012-163505-6SA55L2.map","9/27/2025 3:32:38 AM","4488"
"C:\Users\Shadow\Web-PDFTimeSaver\vendor\setasign\fpdf\makefont\cp874.map","9/27/2025 3:32:38 AM","4488"
"C:\Users\Shadow\Web-PDFTimeSaver\vendor\setasign\fpdf\makefont\cp874.sync-conflict-20251012-143453-6SA55L2.map","9/27/2025 3:32:38 AM","4488"
"C:\Users\Shadow\Web-PDFTimeSaver\vendor\setasign\fpdf\makefont\iso-8859-1.sync-conflict-20251012-163504-6SA55L2.map","9/27/2025 3:32:38 AM","4861"
"C:\Users\Shadow\Web-PDFTimeSaver\vendor\setasign\fpdf\makefont\iso-8859-1.map","9/27/2025 3:32:38 AM","4861"
"C:\Users\Shadow\Web-PDFTimeSaver\vendor\setasign\fpdf\makefont\iso-8859-1.sync-conflict-20251012-143455-6SA55L2.map","9/27/2025 3:32:38 AM","4861"
"C:\Users\Shadow\Web-PDFTimeSaver\vendor\setasign\fpdf\makefont\iso-8859-11.sync-conflict-20251012-143456-6SA55L2.map","9/27/2025 3:32:38 AM","4937"
"C:\Users\Shadow\Web-PDFTimeSaver\vendor\setasign\fpdf\makefont\iso-8859-11.map","9/27/2025 3:32:38 AM","4937"
"C:\Users\Shadow\Web-PDFTimeSaver\vendor\setasign\fpdf\makefont\iso-8859-11.sync-conflict-20251012-163503-6SA55L2.map","9/27/2025 3:32:38 AM","4937"
"C:\Users\Shadow\Web-PDFTimeSaver\vendor\setasign\fpdf\makefont\iso-8859-15.map","9/27/2025 3:32:38 AM","4835"
"C:\Users\Shadow\Web-PDFTimeSaver\vendor\setasign\fpdf\makefont\iso-8859-15.sync-conflict-20251012-163501-6SA55L2.map","9/27/2025 3:32:38 AM","4835"
"C:\Users\Shadow\Web-PDFTimeSaver\vendor\setasign\fpdf\makefont\iso-8859-15.sync-conflict-20251012-143454-6SA55L2.map","9/27/2025 3:32:38 AM","4835"
"C:\Users\Shadow\Web-PDFTimeSaver\vendor\setasign\fpdf\makefont\iso-8859-16.sync-conflict-20251012-163502-6SA55L2.map","9/27/2025 3:32:38 AM","4881"
"C:\Users\Shadow\Web-PDFTimeSaver\vendor\setasign\fpdf\makefont\iso-8859-16.map","9/27/2025 3:32:38 AM","4881"
"C:\Users\Shadow\Web-PDFTimeSaver\vendor\setasign\fpdf\makefont\iso-8859-16.sync-conflict-20251012-143454-6SA55L2.map","9/27/2025 3:32:38 AM","4881"
"C:\Users\Shadow\Web-PDFTimeSaver\vendor\setasign\fpdf\makefont\iso-8859-2.sync-conflict-20251012-143451-6SA55L2.map","9/27/2025 3:32:38 AM","4825"
"C:\Users\Shadow\Web-PDFTimeSaver\vendor\setasign\fpdf\makefont\iso-8859-2.sync-conflict-20251012-163508-6SA55L2.map","9/27/2025 3:32:38 AM","4825"
"C:\Users\Shadow\Web-PDFTimeSaver\vendor\setasign\fpdf\makefont\iso-8859-2.map","9/27/2025 3:32:38 AM","4825"
"C:\Users\Shadow\Web-PDFTimeSaver\vendor\setasign\fpdf\makefont\iso-8859-4.map","9/27/2025 3:32:38 AM","4844"
"C:\Users\Shadow\Web-PDFTimeSaver\vendor\setasign\fpdf\makefont\iso-8859-4.sync-conflict-20251012-163506-6SA55L2.map","9/27/2025 3:32:38 AM","4844"
"C:\Users\Shadow\Web-PDFTimeSaver\vendor\setasign\fpdf\makefont\iso-8859-4.sync-conflict-20251012-143455-6SA55L2.map","9/27/2025 3:32:38 AM","4844"
"C:\Users\Shadow\Web-PDFTimeSaver\vendor\setasign\fpdf\makefont\iso-8859-5.sync-conflict-20251012-163509-6SA55L2.map","9/27/2025 3:32:38 AM","4975"
"C:\Users\Shadow\Web-PDFTimeSaver\vendor\setasign\fpdf\makefont\iso-8859-5.sync-conflict-20251012-143454-6SA55L2.map","9/27/2025 3:32:38 AM","4975"
"C:\Users\Shadow\Web-PDFTimeSaver\vendor\setasign\fpdf\makefont\iso-8859-5.map","9/27/2025 3:32:38 AM","4975"
"C:\Users\Shadow\Web-PDFTimeSaver\vendor\setasign\fpdf\makefont\iso-8859-7.sync-conflict-20251012-163514-6SA55L2.map","9/27/2025 3:32:38 AM","4680"
"C:\Users\Shadow\Web-PDFTimeSaver\vendor\setasign\fpdf\makefont\iso-8859-7.sync-conflict-20251012-143454-6SA55L2.map","9/27/2025 3:32:38 AM","4680"
"C:\Users\Shadow\Web-PDFTimeSaver\vendor\setasign\fpdf\makefont\iso-8859-7.map","9/27/2025 3:32:38 AM","4680"
"C:\Users\Shadow\Web-PDFTimeSaver\vendor\setasign\fpdf\makefont\iso-8859-9.sync-conflict-20251012-163513-6SA55L2.map","9/27/2025 3:32:38 AM","4879"
"C:\Users\Shadow\Web-PDFTimeSaver\vendor\setasign\fpdf\makefont\iso-8859-9.sync-conflict-20251012-143452-6SA55L2.map","9/27/2025 3:32:38 AM","4879"
"C:\Users\Shadow\Web-PDFTimeSaver\vendor\setasign\fpdf\makefont\iso-8859-9.map","9/27/2025 3:32:38 AM","4879"
"C:\Users\Shadow\Web-PDFTimeSaver\vendor\setasign\fpdf\makefont\koi8-r.sync-conflict-20251012-163507-6SA55L2.map","9/27/2025 3:32:38 AM","4995"
"C:\Users\Shadow\Web-PDFTimeSaver\vendor\setasign\fpdf\makefont\koi8-r.sync-conflict-20251012-143456-6SA55L2.map","9/27/2025 3:32:38 AM","4995"
"C:\Users\Shadow\Web-PDFTimeSaver\vendor\setasign\fpdf\makefont\koi8-r.map","9/27/2025 3:32:38 AM","4995"
"C:\Users\Shadow\Web-PDFTimeSaver\vendor\setasign\fpdf\makefont\koi8-u.sync-conflict-20251012-163510-6SA55L2.map","9/27/2025 3:32:38 AM","4995"
"C:\Users\Shadow\Web-PDFTimeSaver\vendor\setasign\fpdf\makefont\koi8-u.sync-conflict-20251012-143454-6SA55L2.map","9/27/2025 3:32:38 AM","4995"
"C:\Users\Shadow\Web-PDFTimeSaver\vendor\setasign\fpdf\makefont\koi8-u.map","9/27/2025 3:32:38 AM","4995"
"C:\Users\Shadow\Web-PDFTimeSaver\vendor\setasign\fpdf\makefont\makefont.php","9/27/2025 3:32:38 AM","10873"
"C:\Users\Shadow\Web-PDFTimeSaver\vendor\setasign\fpdf\makefont\makefont.sync-conflict-20251012-143451-6SA55L2.php","9/27/2025 3:32:38 AM","10873"
"C:\Users\Shadow\Web-PDFTimeSaver\vendor\setasign\fpdf\makefont\makefont.sync-conflict-20251012-163501-6SA55L2.php","9/27/2025 3:32:38 AM","10873"
"C:\Users\Shadow\Web-PDFTimeSaver\vendor\setasign\fpdf\makefont\ttfparser.sync-conflict-20251012-143455-6SA55L2.php","9/27/2025 3:32:38 AM","18260"
"C:\Users\Shadow\Web-PDFTimeSaver\vendor\setasign\fpdf\makefont\ttfparser.php","9/27/2025 3:32:38 AM","18260"
"C:\Users\Shadow\Web-PDFTimeSaver\vendor\setasign\fpdf\makefont\ttfparser.sync-conflict-20251012-163515-6SA55L2.php","9/27/2025 3:32:38 AM","18260"
"C:\Users\Shadow\Web-PDFTimeSaver\vendor\setasign\fpdf\tutorial\20k_c1.sync-conflict-20251012-143453-6SA55L2.txt","9/27/2025 3:32:38 AM","5512"
"C:\Users\Shadow\Web-PDFTimeSaver\vendor\setasign\fpdf\tutorial\20k_c1.txt","9/27/2025 3:32:38 AM","5512"
"C:\Users\Shadow\Web-PDFTimeSaver\vendor\setasign\fpdf\tutorial\20k_c1.sync-conflict-20251012-163502-6SA55L2.txt","9/27/2025 3:32:38 AM","5512"
"C:\Users\Shadow\Web-PDFTimeSaver\vendor\setasign\fpdf\tutorial\20k_c2.sync-conflict-20251012-163508-6SA55L2.txt","9/27/2025 3:32:38 AM","7307"
"C:\Users\Shadow\Web-PDFTimeSaver\vendor\setasign\fpdf\tutorial\20k_c2.sync-conflict-20251012-143453-6SA55L2.txt","9/27/2025 3:32:38 AM","7307"
"C:\Users\Shadow\Web-PDFTimeSaver\vendor\setasign\fpdf\tutorial\20k_c2.txt","9/27/2025 3:32:38 AM","7307"
"C:\Users\Shadow\Web-PDFTimeSaver\vendor\setasign\fpdf\tutorial\calligra.sync-conflict-20251012-163513-6SA55L2.php","9/27/2025 3:32:38 AM","3699"
"C:\Users\Shadow\Web-PDFTimeSaver\vendor\setasign\fpdf\tutorial\calligra.sync-conflict-20251012-143453-6SA55L2.php","9/27/2025 3:32:38 AM","3699"
"C:\Users\Shadow\Web-PDFTimeSaver\vendor\setasign\fpdf\tutorial\calligra.php","9/27/2025 3:32:38 AM","3699"
"C:\Users\Shadow\Web-PDFTimeSaver\vendor\setasign\fpdf\tutorial\calligra.ttf","9/27/2025 3:32:38 AM","40120"
"C:\Users\Shadow\Web-PDFTimeSaver\vendor\setasign\fpdf\tutorial\calligra.sync-conflict-20251012-163514-6SA55L2.ttf","9/27/2025 3:32:38 AM","40120"
"C:\Users\Shadow\Web-PDFTimeSaver\vendor\setasign\fpdf\tutorial\calligra.sync-conflict-20251012-143455-6SA55L2.ttf","9/27/2025 3:32:38 AM","40120"
"C:\Users\Shadow\Web-PDFTimeSaver\vendor\setasign\fpdf\tutorial\calligra.sync-conflict-20251012-143454-6SA55L2.z","9/27/2025 3:32:38 AM","22477"
"C:\Users\Shadow\Web-PDFTimeSaver\vendor\setasign\fpdf\tutorial\calligra.sync-conflict-20251012-163515-6SA55L2.z","9/27/2025 3:32:38 AM","22477"
"C:\Users\Shadow\Web-PDFTimeSaver\vendor\setasign\fpdf\tutorial\calligra.z","9/27/2025 3:32:38 AM","22477"
"C:\Users\Shadow\Web-PDFTimeSaver\vendor\setasign\fpdf\tutorial\countries.sync-conflict-20251012-163514-6SA55L2.txt","9/27/2025 3:32:38 AM","442"
"C:\Users\Shadow\Web-PDFTimeSaver\vendor\setasign\fpdf\tutorial\countries.txt","9/27/2025 3:32:38 AM","442"
"C:\Users\Shadow\Web-PDFTimeSaver\vendor\setasign\fpdf\tutorial\countries.sync-conflict-20251012-143455-6SA55L2.txt","9/27/2025 3:32:38 AM","442"
"C:\Users\Shadow\Web-PDFTimeSaver\vendor\setasign\fpdf\tutorial\index.htm","9/27/2025 3:32:38 AM","842"
"C:\Users\Shadow\Web-PDFTimeSaver\vendor\setasign\fpdf\tutorial\index.sync-conflict-20251012-143457-6SA55L2.htm","9/27/2025 3:32:38 AM","842"
"C:\Users\Shadow\Web-PDFTimeSaver\vendor\setasign\fpdf\tutorial\index.sync-conflict-20251012-163517-6SA55L2.htm","9/27/2025 3:32:38 AM","842"
"C:\Users\Shadow\Web-PDFTimeSaver\vendor\setasign\fpdf\tutorial\logo.png","9/27/2025 3:32:38 AM","2373"
"C:\Users\Shadow\Web-PDFTimeSaver\vendor\setasign\fpdf\tutorial\logo.sync-conflict-20251012-143455-6SA55L2.png","9/27/2025 3:32:38 AM","2373"
"C:\Users\Shadow\Web-PDFTimeSaver\vendor\setasign\fpdf\tutorial\logo.sync-conflict-20251012-163504-6SA55L2.png","9/27/2025 3:32:38 AM","2373"
"C:\Users\Shadow\Web-PDFTimeSaver\vendor\setasign\fpdf\tutorial\makefont.sync-conflict-20251012-163500-6SA55L2.php","9/27/2025 3:32:38 AM","141"
"C:\Users\Shadow\Web-PDFTimeSaver\vendor\setasign\fpdf\tutorial\makefont.sync-conflict-20251012-143454-6SA55L2.php","9/27/2025 3:32:38 AM","141"
"C:\Users\Shadow\Web-PDFTimeSaver\vendor\setasign\fpdf\tutorial\makefont.php","9/27/2025 3:32:38 AM","141"
"C:\Users\Shadow\Web-PDFTimeSaver\vendor\setasign\fpdf\tutorial\tuto1.sync-conflict-20251012-143453-6SA55L2.htm","9/27/2025 3:32:38 AM","4787"
"C:\Users\Shadow\Web-PDFTimeSaver\vendor\setasign\fpdf\tutorial\tuto1.htm","9/27/2025 3:32:38 AM","4787"
"C:\Users\Shadow\Web-PDFTimeSaver\vendor\setasign\fpdf\tutorial\tuto1.sync-conflict-20251012-163500-6SA55L2.htm","9/27/2025 3:32:38 AM","4787"
"C:\Users\Shadow\Web-PDFTimeSaver\vendor\setasign\fpdf\tutorial\tuto1.sync-conflict-20251012-143453-6SA55L2.php","9/27/2025 3:32:38 AM","160"
"C:\Users\Shadow\Web-PDFTimeSaver\vendor\setasign\fpdf\tutorial\tuto1.php","9/27/2025 3:32:38 AM","160"
"C:\Users\Shadow\Web-PDFTimeSaver\vendor\setasign\fpdf\tutorial\tuto1.sync-conflict-20251012-163510-6SA55L2.php","9/27/2025 3:32:38 AM","160"
"C:\Users\Shadow\Web-PDFTimeSaver\vendor\setasign\fpdf\tutorial\tuto2.htm","9/27/2025 3:32:38 AM","5628"
"C:\Users\Shadow\Web-PDFTimeSaver\vendor\setasign\fpdf\tutorial\tuto2.sync-conflict-20251012-143455-6SA55L2.htm","9/27/2025 3:32:38 AM","5628"
"C:\Users\Shadow\Web-PDFTimeSaver\vendor\setasign\fpdf\tutorial\tuto2.sync-conflict-20251012-163504-6SA55L2.htm","9/27/2025 3:32:38 AM","5628"
"C:\Users\Shadow\Web-PDFTimeSaver\vendor\setasign\fpdf\tutorial\tuto2.sync-conflict-20251012-143456-6SA55L2.php","9/27/2025 3:32:38 AM","783"
"C:\Users\Shadow\Web-PDFTimeSaver\vendor\setasign\fpdf\tutorial\tuto2.php","9/27/2025 3:32:38 AM","783"
"C:\Users\Shadow\Web-PDFTimeSaver\vendor\setasign\fpdf\tutorial\tuto2.sync-conflict-20251012-163504-6SA55L2.php","9/27/2025 3:32:38 AM","783"
"C:\Users\Shadow\Web-PDFTimeSaver\vendor\setasign\fpdf\tutorial\tuto3.sync-conflict-20251012-163510-6SA55L2.htm","9/27/2025 3:32:38 AM","8965"
"C:\Users\Shadow\Web-PDFTimeSaver\vendor\setasign\fpdf\tutorial\tuto3.sync-conflict-20251012-143455-6SA55L2.htm","9/27/2025 3:32:38 AM","8965"
"C:\Users\Shadow\Web-PDFTimeSaver\vendor\setasign\fpdf\tutorial\tuto3.htm","9/27/2025 3:32:38 AM","8965"
"C:\Users\Shadow\Web-PDFTimeSaver\vendor\setasign\fpdf\tutorial\tuto3.sync-conflict-20251012-143453-6SA55L2.php","9/27/2025 3:32:38 AM","1770"
"C:\Users\Shadow\Web-PDFTimeSaver\vendor\setasign\fpdf\tutorial\tuto3.sync-conflict-20251012-163503-6SA55L2.php","9/27/2025 3:32:38 AM","1770"
"C:\Users\Shadow\Web-PDFTimeSaver\vendor\setasign\fpdf\tutorial\tuto3.php","9/27/2025 3:32:38 AM","1770"
"C:\Users\Shadow\Web-PDFTimeSaver\vendor\setasign\fpdf\tutorial\tuto4.htm","9/27/2025 3:32:38 AM","9804"
"C:\Users\Shadow\Web-PDFTimeSaver\vendor\setasign\fpdf\tutorial\tuto4.sync-conflict-20251012-143456-6SA55L2.htm","9/27/2025 3:32:38 AM","9804"
"C:\Users\Shadow\Web-PDFTimeSaver\vendor\setasign\fpdf\tutorial\tuto4.sync-conflict-20251012-163515-6SA55L2.htm","9/27/2025 3:32:38 AM","9804"
"C:\Users\Shadow\Web-PDFTimeSaver\vendor\setasign\fpdf\tutorial\tuto4.php","9/27/2025 3:32:38 AM","2239"
"C:\Users\Shadow\Web-PDFTimeSaver\vendor\setasign\fpdf\tutorial\tuto4.sync-conflict-20251012-163501-6SA55L2.php","9/27/2025 3:32:38 AM","2239"
"C:\Users\Shadow\Web-PDFTimeSaver\vendor\setasign\fpdf\tutorial\tuto4.sync-conflict-20251012-143455-6SA55L2.php","9/27/2025 3:32:38 AM","2239"
"C:\Users\Shadow\Web-PDFTimeSaver\vendor\setasign\fpdf\tutorial\tuto5.htm","9/27/2025 3:32:38 AM","12328"
"C:\Users\Shadow\Web-PDFTimeSaver\vendor\setasign\fpdf\tutorial\tuto5.sync-conflict-20251012-143453-6SA55L2.htm","9/27/2025 3:32:38 AM","12328"
"C:\Users\Shadow\Web-PDFTimeSaver\vendor\setasign\fpdf\tutorial\tuto5.sync-conflict-20251012-163506-6SA55L2.htm","9/27/2025 3:32:38 AM","12328"
"C:\Users\Shadow\Web-PDFTimeSaver\vendor\setasign\fpdf\tutorial\tuto5.sync-conflict-20251012-163507-6SA55L2.php","9/27/2025 3:32:38 AM","2321"
"C:\Users\Shadow\Web-PDFTimeSaver\vendor\setasign\fpdf\tutorial\tuto5.php","9/27/2025 3:32:38 AM","2321"
"C:\Users\Shadow\Web-PDFTimeSaver\vendor\setasign\fpdf\tutorial\tuto5.sync-conflict-20251012-143456-6SA55L2.php","9/27/2025 3:32:38 AM","2321"
"C:\Users\Shadow\Web-PDFTimeSaver\vendor\setasign\fpdf\tutorial\tuto6.htm","9/27/2025 3:32:38 AM","11883"
"C:\Users\Shadow\Web-PDFTimeSaver\vendor\setasign\fpdf\tutorial\tuto6.sync-conflict-20251012-163510-6SA55L2.htm","9/27/2025 3:32:38 AM","11883"
"C:\Users\Shadow\Web-PDFTimeSaver\vendor\setasign\fpdf\tutorial\tuto6.sync-conflict-20251012-143452-6SA55L2.htm","9/27/2025 3:32:38 AM","11883"
"C:\Users\Shadow\Web-PDFTimeSaver\vendor\setasign\fpdf\tutorial\tuto6.php","9/27/2025 3:32:38 AM","2454"
"C:\Users\Shadow\Web-PDFTimeSaver\vendor\setasign\fpdf\tutorial\tuto6.sync-conflict-20251012-143452-6SA55L2.php","9/27/2025 3:32:38 AM","2454"
"C:\Users\Shadow\Web-PDFTimeSaver\vendor\setasign\fpdf\tutorial\tuto6.sync-conflict-20251012-163501-6SA55L2.php","9/27/2025 3:32:38 AM","2454"
"C:\Users\Shadow\Web-PDFTimeSaver\vendor\setasign\fpdf\tutorial\tuto7.htm","9/27/2025 3:32:38 AM","8616"
"C:\Users\Shadow\Web-PDFTimeSaver\vendor\setasign\fpdf\tutorial\tuto7.sync-conflict-20251012-163515-6SA55L2.htm","9/27/2025 3:32:38 AM","8616"
"C:\Users\Shadow\Web-PDFTimeSaver\vendor\setasign\fpdf\tutorial\tuto7.sync-conflict-20251012-143456-6SA55L2.htm","9/27/2025 3:32:38 AM","8616"
"C:\Users\Shadow\Web-PDFTimeSaver\vendor\setasign\fpdf\tutorial\tuto7.sync-conflict-20251012-163502-6SA55L2.php","9/27/2025 3:32:38 AM","259"
"C:\Users\Shadow\Web-PDFTimeSaver\vendor\setasign\fpdf\tutorial\tuto7.sync-conflict-20251012-143452-6SA55L2.php","9/27/2025 3:32:38 AM","259"
"C:\Users\Shadow\Web-PDFTimeSaver\vendor\setasign\fpdf\tutorial\tuto7.php","9/27/2025 3:32:38 AM","259"
"C:\Users\Shadow\Web-PDFTimeSaver\vendor\composer\autoload_classmap.sync-conflict-20251012-143455-6SA55L2.php","9/27/2025 3:32:38 AM","276"
"C:\Users\Shadow\Web-PDFTimeSaver\vendor\composer\autoload_classmap.sync-conflict-20251012-163515-6SA55L2.php","9/27/2025 3:32:38 AM","276"
"C:\Users\Shadow\Web-PDFTimeSaver\specs\Screenshot_20250929_004914_Shadow PC.sync-conflict-20251012-143452-6SA55L2.jpg","9/28/2025 10:55:02 PM","383954"
"C:\Users\Shadow\Web-PDFTimeSaver\specs\Screenshot_20250929_004914_Shadow PC.jpg","9/28/2025 10:55:02 PM","383954"
"C:\Users\Shadow\Web-PDFTimeSaver\specs\Screenshot_20250929_004914_Shadow PC.sync-conflict-20251012-163503-6SA55L2.jpg","9/28/2025 10:55:02 PM","383954"
"C:\Users\Shadow\Web-PDFTimeSaver\specs\Screenshot_20250929_003544_Shadow PC.sync-conflict-20251012-143456-6SA55L2.jpg","9/28/2025 10:55:07 PM","356934"
"C:\Users\Shadow\Web-PDFTimeSaver\specs\Screenshot_20250929_003544_Shadow PC.jpg","9/28/2025 10:55:07 PM","356934"
"C:\Users\Shadow\Web-PDFTimeSaver\specs\Screenshot_20250929_003544_Shadow PC.sync-conflict-20251012-163514-6SA55L2.jpg","9/28/2025 10:55:07 PM","356934"
"C:\Users\Shadow\Web-PDFTimeSaver\specs\Screenshot_20250929_005051_Shadow PC.sync-conflict-20251012-163513-6SA55L2.jpg","9/28/2025 10:55:12 PM","559850"
"C:\Users\Shadow\Web-PDFTimeSaver\specs\Screenshot_20250929_005051_Shadow PC.jpg","9/28/2025 10:55:12 PM","559850"
"C:\Users\Shadow\Web-PDFTimeSaver\specs\Screenshot_20250929_005051_Shadow PC.sync-conflict-20251012-143451-6SA55L2.jpg","9/28/2025 10:55:12 PM","559850"
"C:\Users\Shadow\Web-PDFTimeSaver\specs\Screenshot_20250929_005141_Shadow PC.jpg","9/28/2025 10:55:17 PM","560383"
"C:\Users\Shadow\Web-PDFTimeSaver\specs\Screenshot_20250929_005141_Shadow PC.sync-conflict-20251012-163503-6SA55L2.jpg","9/28/2025 10:55:17 PM","560383"
"C:\Users\Shadow\Web-PDFTimeSaver\specs\Screenshot_20250929_005141_Shadow PC.sync-conflict-20251012-143457-6SA55L2.jpg","9/28/2025 10:55:17 PM","560383"
"C:\Users\Shadow\Web-PDFTimeSaver\specs\Screenshot_20250929_005012_Shadow PC.sync-conflict-20251012-143452-6SA55L2.jpg","9/28/2025 10:55:22 PM","325864"
"C:\Users\Shadow\Web-PDFTimeSaver\specs\Screenshot_20250929_005012_Shadow PC.jpg","9/28/2025 10:55:22 PM","325864"
"C:\Users\Shadow\Web-PDFTimeSaver\specs\Screenshot_20250929_005012_Shadow PC.sync-conflict-20251012-163504-6SA55L2.jpg","9/28/2025 10:55:22 PM","325864"
"C:\Users\Shadow\Web-PDFTimeSaver\specs\Screenshot_20250929_004829_Shadow PC.sync-conflict-20251012-163510-6SA55L2.jpg","9/28/2025 10:55:26 PM","358640"
"C:\Users\Shadow\Web-PDFTimeSaver\specs\Screenshot_20250929_004829_Shadow PC.jpg","9/28/2025 10:55:26 PM","358640"
"C:\Users\Shadow\Web-PDFTimeSaver\specs\Screenshot_20250929_004829_Shadow PC.sync-conflict-20251012-143455-6SA55L2.jpg","9/28/2025 10:55:26 PM","358640"
"C:\Users\Shadow\Web-PDFTimeSaver\specs\Screenshot_20250929_005112_Shadow PC.jpg","9/28/2025 10:55:34 PM","537196"
"C:\Users\Shadow\Web-PDFTimeSaver\specs\Screenshot_20250929_005112_Shadow PC.sync-conflict-20251012-163503-6SA55L2.jpg","9/28/2025 10:55:34 PM","537196"
"C:\Users\Shadow\Web-PDFTimeSaver\specs\Screenshot_20250929_005112_Shadow PC.sync-conflict-20251012-143456-6SA55L2.jpg","9/28/2025 10:55:34 PM","537196"
"C:\Users\Shadow\Web-PDFTimeSaver\specs\mvp-data-model.sync-conflict-20251012-163517-6SA55L2.json","9/28/2025 11:09:29 PM","6275"
"C:\Users\Shadow\Web-PDFTimeSaver\specs\mvp-data-model.json","9/28/2025 11:09:29 PM","6275"
"C:\Users\Shadow\Web-PDFTimeSaver\specs\mvp-data-model.sync-conflict-20251012-143453-6SA55L2.json","9/28/2025 11:09:29 PM","6275"
"C:\Users\Shadow\Web-PDFTimeSaver\tests\pdf_export_test.php","9/28/2025 11:35:45 PM","1274"
"C:\Users\Shadow\Web-PDFTimeSaver\output\mvp_20250929_084058_t_fl105_gc120.pdf","9/28/2025 11:40:58 PM","1703"
"C:\Users\Shadow\Web-PDFTimeSaver\output\mvp_20250929_084058_t_fl105_gc120.sync-conflict-20251012-163513-6SA55L2.pdf","9/28/2025 11:40:58 PM","1703"
"C:\Users\Shadow\Web-PDFTimeSaver\output\mvp_20250929_084058_t_fl105_gc120.sync-conflict-20251012-143454-6SA55L2.pdf","9/28/2025 11:40:58 PM","1703"
"C:\Users\Shadow\Web-PDFTimeSaver\vendor\symfony\polyfill-mbstring\LICENSE","9/28/2025 11:41:50 PM","1087"
"C:\Users\Shadow\Web-PDFTimeSaver\vendor\symfony\polyfill-mbstring\LICENSE.sync-conflict-20251012-143453-6SA55L2","9/28/2025 11:41:50 PM","1087"
"C:\Users\Shadow\Web-PDFTimeSaver\vendor\symfony\polyfill-mbstring\LICENSE.sync-conflict-20251012-163513-6SA55L2","9/28/2025 11:41:50 PM","1087"
"C:\Users\Shadow\Web-PDFTimeSaver\vendor\symfony\polyfill-mbstring\Mbstring.php","9/28/2025 11:41:50 PM","37216"
"C:\Users\Shadow\Web-PDFTimeSaver\vendor\symfony\polyfill-mbstring\Mbstring.sync-conflict-20251012-143451-6SA55L2.php","9/28/2025 11:41:50 PM","37216"
"C:\Users\Shadow\Web-PDFTimeSaver\vendor\symfony\polyfill-mbstring\Mbstring.sync-conflict-20251012-163513-6SA55L2.php","9/28/2025 11:41:50 PM","37216"
"C:\Users\Shadow\Web-PDFTimeSaver\vendor\symfony\polyfill-mbstring\README.sync-conflict-20251012-163502-6SA55L2.md","9/28/2025 11:41:50 PM","383"
"C:\Users\Shadow\Web-PDFTimeSaver\vendor\symfony\polyfill-mbstring\README.sync-conflict-20251012-143455-6SA55L2.md","9/28/2025 11:41:50 PM","383"
"C:\Users\Shadow\Web-PDFTimeSaver\vendor\symfony\polyfill-mbstring\README.md","9/28/2025 11:41:50 PM","383"
"C:\Users\Shadow\Web-PDFTimeSaver\vendor\symfony\polyfill-mbstring\Resources\unidata\caseFolding.sync-conflict-20251012-143453-6SA55L2.php","9/28/2025 11:41:50 PM","2520"
"C:\Users\Shadow\Web-PDFTimeSaver\vendor\symfony\polyfill-mbstring\Resources\unidata\caseFolding.php","9/28/2025 11:41:50 PM","2520"
"C:\Users\Shadow\Web-PDFTimeSaver\vendor\symfony\polyfill-mbstring\Resources\unidata\caseFolding.sync-conflict-20251012-163502-6SA55L2.php","9/28/2025 11:41:50 PM","2520"
"C:\Users\Shadow\Web-PDFTimeSaver\vendor\symfony\polyfill-mbstring\Resources\unidata\lowerCase.sync-conflict-20251012-163515-6SA55L2.php","9/28/2025 11:41:50 PM","25936"
"C:\Users\Shadow\Web-PDFTimeSaver\vendor\symfony\polyfill-mbstring\Resources\unidata\lowerCase.php","9/28/2025 11:41:50 PM","25936"
"C:\Users\Shadow\Web-PDFTimeSaver\vendor\symfony\polyfill-mbstring\Resources\unidata\lowerCase.sync-conflict-20251012-143455-6SA55L2.php","9/28/2025 11:41:50 PM","25936"
"C:\Users\Shadow\Web-PDFTimeSaver\vendor\symfony\polyfill-mbstring\Resources\unidata\titleCaseRegexp.sync-conflict-20251012-163506-6SA55L2.php","9/28/2025 11:41:50 PM","6206"
"C:\Users\Shadow\Web-PDFTimeSaver\vendor\symfony\polyfill-mbstring\Resources\unidata\titleCaseRegexp.php","9/28/2025 11:41:50 PM","6206"
"C:\Users\Shadow\Web-PDFTimeSaver\vendor\symfony\polyfill-mbstring\Resources\unidata\titleCaseRegexp.sync-conflict-20251012-143454-6SA55L2.php","9/28/2025 11:41:50 PM","6206"
"C:\Users\Shadow\Web-PDFTimeSaver\vendor\symfony\polyfill-mbstring\Resources\unidata\upperCase.php","9/28/2025 11:41:50 PM","27811"
"C:\Users\Shadow\Web-PDFTimeSaver\vendor\symfony\polyfill-mbstring\Resources\unidata\upperCase.sync-conflict-20251012-163511-6SA55L2.php","9/28/2025 11:41:50 PM","27811"
"C:\Users\Shadow\Web-PDFTimeSaver\vendor\symfony\polyfill-mbstring\Resources\unidata\upperCase.sync-conflict-20251012-143457-6SA55L2.php","9/28/2025 11:41:50 PM","27811"
"C:\Users\Shadow\Web-PDFTimeSaver\vendor\symfony\polyfill-mbstring\bootstrap.sync-conflict-20251012-163510-6SA55L2.php","9/28/2025 11:41:50 PM","8635"
"C:\Users\Shadow\Web-PDFTimeSaver\vendor\symfony\polyfill-mbstring\bootstrap.sync-conflict-20251012-143453-6SA55L2.php","9/28/2025 11:41:50 PM","8635"
"C:\Users\Shadow\Web-PDFTimeSaver\vendor\symfony\polyfill-mbstring\bootstrap.php","9/28/2025 11:41:50 PM","8635"
"C:\Users\Shadow\Web-PDFTimeSaver\vendor\symfony\polyfill-mbstring\bootstrap80.sync-conflict-20251012-143452-6SA55L2.php","9/28/2025 11:41:50 PM","10181"
"C:\Users\Shadow\Web-PDFTimeSaver\vendor\symfony\polyfill-mbstring\bootstrap80.php","9/28/2025 11:41:50 PM","10181"
"C:\Users\Shadow\Web-PDFTimeSaver\vendor\symfony\polyfill-mbstring\bootstrap80.sync-conflict-20251012-163509-6SA55L2.php","9/28/2025 11:41:50 PM","10181"
"C:\Users\Shadow\Web-PDFTimeSaver\vendor\symfony\polyfill-mbstring\composer.sync-conflict-20251012-163511-6SA55L2.json","9/28/2025 11:41:50 PM","1049"
"C:\Users\Shadow\Web-PDFTimeSaver\vendor\symfony\polyfill-mbstring\composer.json","9/28/2025 11:41:50 PM","1049"
"C:\Users\Shadow\Web-PDFTimeSaver\vendor\symfony\polyfill-mbstring\composer.sync-conflict-20251012-143454-6SA55L2.json","9/28/2025 11:41:50 PM","1049"
"C:\Users\Shadow\Web-PDFTimeSaver\vendor\smalot\pdfparser\.editorconfig","9/28/2025 11:41:53 PM","229"
"C:\Users\Shadow\Web-PDFTimeSaver\vendor\smalot\pdfparser\.sync-conflict-20251012-143456-6SA55L2.editorconfig","9/28/2025 11:41:53 PM","229"
"C:\Users\Shadow\Web-PDFTimeSaver\vendor\smalot\pdfparser\.sync-conflict-20251012-163501-6SA55L2.editorconfig","9/28/2025 11:41:53 PM","229"
"C:\Users\Shadow\Web-PDFTimeSaver\vendor\smalot\pdfparser\.sync-conflict-20251012-163514-6SA55L2.gitattributes","9/28/2025 11:41:53 PM","372"
"C:\Users\Shadow\Web-PDFTimeSaver\vendor\smalot\pdfparser\.gitattributes","9/28/2025 11:41:53 PM","372"
"C:\Users\Shadow\Web-PDFTimeSaver\vendor\smalot\pdfparser\.sync-conflict-20251012-143455-6SA55L2.gitattributes","9/28/2025 11:41:53 PM","372"
"C:\Users\Shadow\Web-PDFTimeSaver\vendor\smalot\pdfparser\.github\ISSUE_TEMPLATE\incorrect-parsing.sync-conflict-20251012-163508-6SA55L2.md","9/28/2025 11:41:53 PM","608"
"C:\Users\Shadow\Web-PDFTimeSaver\vendor\smalot\pdfparser\.github\ISSUE_TEMPLATE\incorrect-parsing.md","9/28/2025 11:41:53 PM","608"
"C:\Users\Shadow\Web-PDFTimeSaver\vendor\smalot\pdfparser\.github\ISSUE_TEMPLATE\incorrect-parsing.sync-conflict-20251012-143453-6SA55L2.md","9/28/2025 11:41:53 PM","608"
"C:\Users\Shadow\Web-PDFTimeSaver\vendor\smalot\pdfparser\.github\pull_request_template.md","9/28/2025 11:41:53 PM","427"
"C:\Users\Shadow\Web-PDFTimeSaver\vendor\smalot\pdfparser\.github\pull_request_template.sync-conflict-20251012-163514-6SA55L2.md","9/28/2025 11:41:53 PM","427"
"C:\Users\Shadow\Web-PDFTimeSaver\vendor\smalot\pdfparser\.github\pull_request_template.sync-conflict-20251012-143451-6SA55L2.md","9/28/2025 11:41:53 PM","427"
"C:\Users\Shadow\Web-PDFTimeSaver\vendor\smalot\pdfparser\.github\workflows\coding-standards.sync-conflict-20251012-163507-6SA55L2.yml","9/28/2025 11:41:53 PM","875"
"C:\Users\Shadow\Web-PDFTimeSaver\vendor\smalot\pdfparser\.github\workflows\coding-standards.yml","9/28/2025 11:41:53 PM","875"
"C:\Users\Shadow\Web-PDFTimeSaver\vendor\smalot\pdfparser\.github\workflows\coding-standards.sync-conflict-20251012-143451-6SA55L2.yml","9/28/2025 11:41:53 PM","875"
"C:\Users\Shadow\Web-PDFTimeSaver\vendor\smalot\pdfparser\.github\workflows\continuous-integration.sync-conflict-20251012-143455-6SA55L2.yml","9/28/2025 11:41:53 PM","5569"
"C:\Users\Shadow\Web-PDFTimeSaver\vendor\smalot\pdfparser\.github\workflows\continuous-integration.yml","9/28/2025 11:41:53 PM","5569"
"C:\Users\Shadow\Web-PDFTimeSaver\vendor\smalot\pdfparser\.github\workflows\continuous-integration.sync-conflict-20251012-163513-6SA55L2.yml","9/28/2025 11:41:53 PM","5569"
"C:\Users\Shadow\Web-PDFTimeSaver\vendor\smalot\pdfparser\.github\workflows\performance.sync-conflict-20251012-163507-6SA55L2.yml","9/28/2025 11:41:53 PM","575"
"C:\Users\Shadow\Web-PDFTimeSaver\vendor\smalot\pdfparser\.github\workflows\performance.yml","9/28/2025 11:41:53 PM","575"
"C:\Users\Shadow\Web-PDFTimeSaver\vendor\smalot\pdfparser\.github\workflows\performance.sync-conflict-20251012-143454-6SA55L2.yml","9/28/2025 11:41:53 PM","575"
"C:\Users\Shadow\Web-PDFTimeSaver\vendor\smalot\pdfparser\.sync-conflict-20251012-163505-6SA55L2.gitignore","9/28/2025 11:41:53 PM","177"
"C:\Users\Shadow\Web-PDFTimeSaver\vendor\smalot\pdfparser\.gitignore","9/28/2025 11:41:53 PM","177"
"C:\Users\Shadow\Web-PDFTimeSaver\vendor\smalot\pdfparser\.sync-conflict-20251012-143451-6SA55L2.gitignore","9/28/2025 11:41:53 PM","177"
"C:\Users\Shadow\Web-PDFTimeSaver\vendor\smalot\pdfparser\.php-cs-fixer.php","9/28/2025 11:41:53 PM","836"
"C:\Users\Shadow\Web-PDFTimeSaver\vendor\smalot\pdfparser\.php-cs-fixer.sync-conflict-20251012-143451-6SA55L2.php","9/28/2025 11:41:53 PM","836"
"C:\Users\Shadow\Web-PDFTimeSaver\vendor\smalot\pdfparser\.php-cs-fixer.sync-conflict-20251012-163517-6SA55L2.php","9/28/2025 11:41:53 PM","836"
"C:\Users\Shadow\Web-PDFTimeSaver\vendor\smalot\pdfparser\.scrutinizer.yml","9/28/2025 11:41:53 PM","845"
"C:\Users\Shadow\Web-PDFTimeSaver\vendor\smalot\pdfparser\.scrutinizer.sync-conflict-20251012-143451-6SA55L2.yml","9/28/2025 11:41:53 PM","845"
"C:\Users\Shadow\Web-PDFTimeSaver\vendor\smalot\pdfparser\.scrutinizer.sync-conflict-20251012-163503-6SA55L2.yml","9/28/2025 11:41:53 PM","845"
"C:\Users\Shadow\Web-PDFTimeSaver\vendor\smalot\pdfparser\CONTRIBUTING.sync-conflict-20251012-163514-6SA55L2.md","9/28/2025 11:41:53 PM","2384"
"C:\Users\Shadow\Web-PDFTimeSaver\vendor\smalot\pdfparser\CONTRIBUTING.sync-conflict-20251012-143453-6SA55L2.md","9/28/2025 11:41:53 PM","2384"
"C:\Users\Shadow\Web-PDFTimeSaver\vendor\smalot\pdfparser\CONTRIBUTING.md","9/28/2025 11:41:53 PM","2384"
"C:\Users\Shadow\Web-PDFTimeSaver\vendor\smalot\pdfparser\LICENSE.sync-conflict-20251012-163505-6SA55L2.txt","9/28/2025 11:41:53 PM","7816"
"C:\Users\Shadow\Web-PDFTimeSaver\vendor\smalot\pdfparser\LICENSE.sync-conflict-20251012-143454-6SA55L2.txt","9/28/2025 11:41:53 PM","7816"
"C:\Users\Shadow\Web-PDFTimeSaver\vendor\smalot\pdfparser\LICENSE.txt","9/28/2025 11:41:53 PM","7816"
"C:\Users\Shadow\Web-PDFTimeSaver\vendor\smalot\pdfparser\Makefile","9/28/2025 11:41:53 PM","249"
"C:\Users\Shadow\Web-PDFTimeSaver\vendor\smalot\pdfparser\Makefile.sync-conflict-20251012-163513-6SA55L2","9/28/2025 11:41:53 PM","249"
"C:\Users\Shadow\Web-PDFTimeSaver\vendor\smalot\pdfparser\Makefile.sync-conflict-20251012-143453-6SA55L2","9/28/2025 11:41:53 PM","249"
"C:\Users\Shadow\Web-PDFTimeSaver\vendor\smalot\pdfparser\README.md","9/28/2025 11:41:53 PM","2198"
"C:\Users\Shadow\Web-PDFTimeSaver\vendor\smalot\pdfparser\README.sync-conflict-20251012-163506-6SA55L2.md","9/28/2025 11:41:53 PM","2198"
"C:\Users\Shadow\Web-PDFTimeSaver\vendor\smalot\pdfparser\README.sync-conflict-20251012-143454-6SA55L2.md","9/28/2025 11:41:53 PM","2198"
"C:\Users\Shadow\Web-PDFTimeSaver\vendor\smalot\pdfparser\alt_autoload.php-dist","9/28/2025 11:41:53 PM","2632"
"C:\Users\Shadow\Web-PDFTimeSaver\vendor\smalot\pdfparser\alt_autoload.sync-conflict-20251012-163506-6SA55L2.php-dist","9/28/2025 11:41:53 PM","2632"
"C:\Users\Shadow\Web-PDFTimeSaver\vendor\smalot\pdfparser\alt_autoload.sync-conflict-20251012-143454-6SA55L2.php-dist","9/28/2025 11:41:53 PM","2632"
"C:\Users\Shadow\Web-PDFTimeSaver\vendor\smalot\pdfparser\composer.json","9/28/2025 11:41:53 PM","988"
"C:\Users\Shadow\Web-PDFTimeSaver\vendor\smalot\pdfparser\composer.sync-conflict-20251012-143456-6SA55L2.json","9/28/2025 11:41:53 PM","988"
"C:\Users\Shadow\Web-PDFTimeSaver\vendor\smalot\pdfparser\composer.sync-conflict-20251012-163508-6SA55L2.json","9/28/2025 11:41:53 PM","988"
"C:\Users\Shadow\Web-PDFTimeSaver\vendor\smalot\pdfparser\dev-tools\composer.sync-conflict-20251012-163500-6SA55L2.json","9/28/2025 11:41:53 PM","270"
"C:\Users\Shadow\Web-PDFTimeSaver\vendor\smalot\pdfparser\dev-tools\composer.sync-conflict-20251012-143451-6SA55L2.json","9/28/2025 11:41:53 PM","270"
"C:\Users\Shadow\Web-PDFTimeSaver\vendor\smalot\pdfparser\dev-tools\composer.json","9/28/2025 11:41:53 PM","270"
"C:\Users\Shadow\Web-PDFTimeSaver\vendor\smalot\pdfparser\doc\CustomConfig.sync-conflict-20251012-163511-6SA55L2.md","9/28/2025 11:41:53 PM","4366"
"C:\Users\Shadow\Web-PDFTimeSaver\vendor\smalot\pdfparser\doc\CustomConfig.md","9/28/2025 11:41:53 PM","4366"
"C:\Users\Shadow\Web-PDFTimeSaver\vendor\smalot\pdfparser\doc\CustomConfig.sync-conflict-20251012-143452-6SA55L2.md","9/28/2025 11:41:53 PM","4366"
"C:\Users\Shadow\Web-PDFTimeSaver\vendor\smalot\pdfparser\doc\Developer.sync-conflict-20251012-143452-6SA55L2.md","9/28/2025 11:41:53 PM","1269"
"C:\Users\Shadow\Web-PDFTimeSaver\vendor\smalot\pdfparser\doc\Developer.sync-conflict-20251012-163509-6SA55L2.md","9/28/2025 11:41:53 PM","1269"
"C:\Users\Shadow\Web-PDFTimeSaver\vendor\smalot\pdfparser\doc\Developer.md","9/28/2025 11:41:53 PM","1269"
"C:\Users\Shadow\Web-PDFTimeSaver\vendor\smalot\pdfparser\doc\Usage.sync-conflict-20251012-163518-6SA55L2.md","9/28/2025 11:41:53 PM","6634"
"C:\Users\Shadow\Web-PDFTimeSaver\vendor\smalot\pdfparser\doc\Usage.md","9/28/2025 11:41:53 PM","6634"
"C:\Users\Shadow\Web-PDFTimeSaver\vendor\smalot\pdfparser\doc\Usage.sync-conflict-20251012-143455-6SA55L2.md","9/28/2025 11:41:53 PM","6634"
"C:\Users\Shadow\Web-PDFTimeSaver\vendor\smalot\pdfparser\phpstan.sync-conflict-20251012-163513-6SA55L2.neon","9/28/2025 11:41:53 PM","260"
"C:\Users\Shadow\Web-PDFTimeSaver\vendor\smalot\pdfparser\phpstan.sync-conflict-20251012-143452-6SA55L2.neon","9/28/2025 11:41:53 PM","260"
"C:\Users\Shadow\Web-PDFTimeSaver\vendor\smalot\pdfparser\phpstan.neon","9/28/2025 11:41:53 PM","260"
"C:\Users\Shadow\Web-PDFTimeSaver\vendor\smalot\pdfparser\phpunit-windows.sync-conflict-20251012-143451-6SA55L2.xml","9/28/2025 11:41:53 PM","958"
"C:\Users\Shadow\Web-PDFTimeSaver\vendor\smalot\pdfparser\phpunit-windows.xml","9/28/2025 11:41:53 PM","958"
"C:\Users\Shadow\Web-PDFTimeSaver\vendor\smalot\pdfparser\phpunit-windows.sync-conflict-20251012-163502-6SA55L2.xml","9/28/2025 11:41:53 PM","958"
"C:\Users\Shadow\Web-PDFTimeSaver\vendor\smalot\pdfparser\phpunit.xml","9/28/2025 11:41:53 PM","954"
"C:\Users\Shadow\Web-PDFTimeSaver\vendor\smalot\pdfparser\phpunit.sync-conflict-20251012-143457-6SA55L2.xml","9/28/2025 11:41:53 PM","954"
"C:\Users\Shadow\Web-PDFTimeSaver\vendor\smalot\pdfparser\phpunit.sync-conflict-20251012-163511-6SA55L2.xml","9/28/2025 11:41:53 PM","954"
"C:\Users\Shadow\Web-PDFTimeSaver\vendor\smalot\pdfparser\samples\Document-Word-Landscape-printedaspdf.sync-conflict-20251012-163504-6SA55L2.pdf","9/28/2025 11:41:53 PM","188553"
"C:\Users\Shadow\Web-PDFTimeSaver\vendor\smalot\pdfparser\samples\Document-Word-Landscape-printedaspdf.pdf","9/28/2025 11:41:53 PM","188553"
"C:\Users\Shadow\Web-PDFTimeSaver\vendor\smalot\pdfparser\samples\Document-Word-Landscape-printedaspdf.sync-conflict-20251012-143454-6SA55L2.pdf","9/28/2025 11:41:53 PM","188553"
"C:\Users\Shadow\Web-PDFTimeSaver\vendor\smalot\pdfparser\samples\Document1_foxitreader.sync-conflict-20251012-143456-6SA55L2.pdf","9/28/2025 11:41:53 PM","98746"
"C:\Users\Shadow\Web-PDFTimeSaver\vendor\smalot\pdfparser\samples\Document1_foxitreader.sync-conflict-20251012-163503-6SA55L2.pdf","9/28/2025 11:41:53 PM","98746"
"C:\Users\Shadow\Web-PDFTimeSaver\vendor\smalot\pdfparser\samples\Document1_foxitreader.pdf","9/28/2025 11:41:53 PM","98746"
"C:\Users\Shadow\Web-PDFTimeSaver\vendor\smalot\pdfparser\samples\Document1_pdfcreator.sync-conflict-20251012-163504-6SA55L2.pdf","9/28/2025 11:41:53 PM","38672"
"C:\Users\Shadow\Web-PDFTimeSaver\vendor\smalot\pdfparser\samples\Document1_pdfcreator.pdf","9/28/2025 11:41:53 PM","38672"
"C:\Users\Shadow\Web-PDFTimeSaver\vendor\smalot\pdfparser\samples\Document1_pdfcreator.sync-conflict-20251012-143451-6SA55L2.pdf","9/28/2025 11:41:53 PM","38672"
"C:\Users\Shadow\Web-PDFTimeSaver\vendor\smalot\pdfparser\samples\Document1_pdfcreator_nocompressed.sync-conflict-20251012-163505-6SA55L2.pdf","9/28/2025 11:41:53 PM","66232"
"C:\Users\Shadow\Web-PDFTimeSaver\vendor\smalot\pdfparser\samples\Document1_pdfcreator_nocompressed.pdf","9/28/2025 11:41:53 PM","66232"
"C:\Users\Shadow\Web-PDFTimeSaver\vendor\smalot\pdfparser\samples\Document1_pdfcreator_nocompressed.sync-conflict-20251012-143455-6SA55L2.pdf","9/28/2025 11:41:53 PM","66232"
"C:\Users\Shadow\Web-PDFTimeSaver\vendor\smalot\pdfparser\samples\Document1_pdfxchange.sync-conflict-20251012-143451-6SA55L2.pdf","9/28/2025 11:41:53 PM","11563"
"C:\Users\Shadow\Web-PDFTimeSaver\vendor\smalot\pdfparser\samples\Document1_pdfxchange.sync-conflict-20251012-163517-6SA55L2.pdf","9/28/2025 11:41:53 PM","11563"
"C:\Users\Shadow\Web-PDFTimeSaver\vendor\smalot\pdfparser\samples\Document1_pdfxchange.pdf","9/28/2025 11:41:53 PM","11563"
"C:\Users\Shadow\Web-PDFTimeSaver\vendor\smalot\pdfparser\samples\Document2_pdfcreator_nocompressed.pdf","9/28/2025 11:41:53 PM","134945"
"C:\Users\Shadow\Web-PDFTimeSaver\vendor\smalot\pdfparser\samples\Document2_pdfcreator_nocompressed.sync-conflict-20251012-163509-6SA55L2.pdf","9/28/2025 11:41:53 PM","134945"
"C:\Users\Shadow\Web-PDFTimeSaver\vendor\smalot\pdfparser\samples\Document2_pdfcreator_nocompressed.sync-conflict-20251012-143456-6SA55L2.pdf","9/28/2025 11:41:53 PM","134945"
"C:\Users\Shadow\Web-PDFTimeSaver\vendor\smalot\pdfparser\samples\Document3_pdfcreator_nocompressed.pdf","9/28/2025 11:41:53 PM","13004"
"C:\Users\Shadow\Web-PDFTimeSaver\vendor\smalot\pdfparser\samples\Document3_pdfcreator_nocompressed.sync-conflict-20251012-163517-6SA55L2.pdf","9/28/2025 11:41:53 PM","13004"
"C:\Users\Shadow\Web-PDFTimeSaver\vendor\smalot\pdfparser\samples\Document3_pdfcreator_nocompressed.sync-conflict-20251012-143454-6SA55L2.pdf","9/28/2025 11:41:53 PM","13004"
"C:\Users\Shadow\Web-PDFTimeSaver\vendor\smalot\pdfparser\samples\DocumentWithLotsOfObjects.sync-conflict-20251012-143452-6SA55L2.pdf","9/28/2025 11:41:53 PM","6209900"
"C:\Users\Shadow\Web-PDFTimeSaver\vendor\smalot\pdfparser\samples\DocumentWithLotsOfObjects.sync-conflict-20251012-163514-6SA55L2.pdf","9/28/2025 11:41:53 PM","6209900"
"C:\Users\Shadow\Web-PDFTimeSaver\vendor\smalot\pdfparser\samples\DocumentWithLotsOfObjects.pdf","9/28/2025 11:41:53 PM","6209900"
"C:\Users\Shadow\Web-PDFTimeSaver\vendor\smalot\pdfparser\samples\ImproperFontFallback.pdf","9/28/2025 11:41:53 PM","754942"
"C:\Users\Shadow\Web-PDFTimeSaver\vendor\smalot\pdfparser\samples\ImproperFontFallback.sync-conflict-20251012-163511-6SA55L2.pdf","9/28/2025 11:41:53 PM","754942"
"C:\Users\Shadow\Web-PDFTimeSaver\vendor\smalot\pdfparser\samples\ImproperFontFallback.sync-conflict-20251012-143454-6SA55L2.pdf","9/28/2025 11:41:53 PM","754942"
"C:\Users\Shadow\Web-PDFTimeSaver\vendor\smalot\pdfparser\samples\InternationalChars.sync-conflict-20251012-143455-6SA55L2.pdf","9/28/2025 11:41:53 PM","152991"
"C:\Users\Shadow\Web-PDFTimeSaver\vendor\smalot\pdfparser\samples\InternationalChars.sync-conflict-20251012-163500-6SA55L2.pdf","9/28/2025 11:41:53 PM","152991"
"C:\Users\Shadow\Web-PDFTimeSaver\vendor\smalot\pdfparser\samples\InternationalChars.pdf","9/28/2025 11:41:53 PM","152991"
"C:\Users\Shadow\Web-PDFTimeSaver\vendor\smalot\pdfparser\samples\SimpleInvoiceFilledExample1.pdf","9/28/2025 11:41:53 PM","407995"
"C:\Users\Shadow\Web-PDFTimeSaver\vendor\smalot\pdfparser\samples\SimpleInvoiceFilledExample1.sync-conflict-20251012-163504-6SA55L2.pdf","9/28/2025 11:41:53 PM","407995"
"C:\Users\Shadow\Web-PDFTimeSaver\vendor\smalot\pdfparser\samples\SimpleInvoiceFilledExample1.sync-conflict-20251012-143456-6SA55L2.pdf","9/28/2025 11:41:53 PM","407995"
"C:\Users\Shadow\Web-PDFTimeSaver\vendor\smalot\pdfparser\samples\SimpleInvoiceFilledExample2.sync-conflict-20251012-143453-6SA55L2.pdf","9/28/2025 11:41:53 PM","408786"
"C:\Users\Shadow\Web-PDFTimeSaver\vendor\smalot\pdfparser\samples\SimpleInvoiceFilledExample2.sync-conflict-20251012-163508-6SA55L2.pdf","9/28/2025 11:41:53 PM","408786"
"C:\Users\Shadow\Web-PDFTimeSaver\vendor\smalot\pdfparser\samples\SimpleInvoiceFilledExample2.pdf","9/28/2025 11:41:53 PM","408786"
"C:\Users\Shadow\Web-PDFTimeSaver\vendor\smalot\pdfparser\samples\XMP_Metadata.sync-conflict-20251012-163507-6SA55L2.pdf","9/28/2025 11:41:53 PM","60046"
"C:\Users\Shadow\Web-PDFTimeSaver\vendor\smalot\pdfparser\samples\XMP_Metadata.pdf","9/28/2025 11:41:53 PM","60046"
"C:\Users\Shadow\Web-PDFTimeSaver\vendor\smalot\pdfparser\samples\XMP_Metadata.sync-conflict-20251012-143452-6SA55L2.pdf","9/28/2025 11:41:53 PM","60046"
"C:\Users\Shadow\Web-PDFTimeSaver\vendor\smalot\pdfparser\samples\bugs\Issue104a.sync-conflict-20251012-163518-6SA55L2.pdf","9/28/2025 11:41:53 PM","110969"
"C:\Users\Shadow\Web-PDFTimeSaver\vendor\smalot\pdfparser\samples\bugs\Issue104a.sync-conflict-20251012-143453-6SA55L2.pdf","9/28/2025 11:41:53 PM","110969"
"C:\Users\Shadow\Web-PDFTimeSaver\vendor\smalot\pdfparser\samples\bugs\Issue104a.pdf","9/28/2025 11:41:53 PM","110969"
"C:\Users\Shadow\Web-PDFTimeSaver\vendor\smalot\pdfparser\samples\bugs\Issue18.sync-conflict-20251012-143456-6SA55L2.pdf","9/28/2025 11:41:53 PM","8347"
"C:\Users\Shadow\Web-PDFTimeSaver\vendor\smalot\pdfparser\samples\bugs\Issue18.sync-conflict-20251012-163504-6SA55L2.pdf","9/28/2025 11:41:53 PM","8347"
"C:\Users\Shadow\Web-PDFTimeSaver\vendor\smalot\pdfparser\samples\bugs\Issue18.pdf","9/28/2025 11:41:53 PM","8347"
"C:\Users\Shadow\Web-PDFTimeSaver\vendor\smalot\pdfparser\samples\bugs\Issue202.sync-conflict-20251012-143452-6SA55L2.pdf","9/28/2025 11:41:53 PM","1138"
"C:\Users\Shadow\Web-PDFTimeSaver\vendor\smalot\pdfparser\samples\bugs\Issue202.sync-conflict-20251012-163514-6SA55L2.pdf","9/28/2025 11:41:53 PM","1138"
"C:\Users\Shadow\Web-PDFTimeSaver\vendor\smalot\pdfparser\samples\bugs\Issue202.pdf","9/28/2025 11:41:53 PM","1138"
"C:\Users\Shadow\Web-PDFTimeSaver\vendor\smalot\pdfparser\samples\bugs\Issue229_mac_roman_encoding.sync-conflict-20251012-143455-6SA55L2.pdf","9/28/2025 11:41:53 PM","24856"
"C:\Users\Shadow\Web-PDFTimeSaver\vendor\smalot\pdfparser\samples\bugs\Issue229_mac_roman_encoding.sync-conflict-20251012-163510-6SA55L2.pdf","9/28/2025 11:41:53 PM","24856"
"C:\Users\Shadow\Web-PDFTimeSaver\vendor\smalot\pdfparser\samples\bugs\Issue229_mac_roman_encoding.pdf","9/28/2025 11:41:53 PM","24856"
"C:\Users\Shadow\Web-PDFTimeSaver\vendor\smalot\pdfparser\samples\bugs\Issue267_array_access_on_int.sync-conflict-20251012-163500-6SA55L2.pdf","9/28/2025 11:41:53 PM","2094042"
"C:\Users\Shadow\Web-PDFTimeSaver\vendor\smalot\pdfparser\samples\bugs\Issue267_array_access_on_int.sync-conflict-20251012-143451-6SA55L2.pdf","9/28/2025 11:41:53 PM","2094042"
"C:\Users\Shadow\Web-PDFTimeSaver\vendor\smalot\pdfparser\samples\bugs\Issue267_array_access_on_int.pdf","9/28/2025 11:41:53 PM","2094042"
"C:\Users\Shadow\Web-PDFTimeSaver\vendor\smalot\pdfparser\samples\bugs\Issue322.sync-conflict-20251012-143451-6SA55L2.pdf","9/28/2025 11:41:53 PM","45499"
"C:\Users\Shadow\Web-PDFTimeSaver\vendor\smalot\pdfparser\samples\bugs\Issue322.sync-conflict-20251012-163507-6SA55L2.pdf","9/28/2025 11:41:53 PM","45499"
"C:\Users\Shadow\Web-PDFTimeSaver\vendor\smalot\pdfparser\samples\bugs\Issue322.pdf","9/28/2025 11:41:53 PM","45499"
"C:\Users\Shadow\Web-PDFTimeSaver\vendor\smalot\pdfparser\samples\bugs\Issue33.sync-conflict-20251012-163505-6SA55L2.pdf","9/28/2025 11:41:53 PM","84358"
"C:\Users\Shadow\Web-PDFTimeSaver\vendor\smalot\pdfparser\samples\bugs\Issue33.sync-conflict-20251012-143454-6SA55L2.pdf","9/28/2025 11:41:53 PM","84358"
"C:\Users\Shadow\Web-PDFTimeSaver\vendor\smalot\pdfparser\samples\bugs\Issue33.pdf","9/28/2025 11:41:53 PM","84358"
"C:\Users\Shadow\Web-PDFTimeSaver\vendor\smalot\pdfparser\samples\bugs\Issue331.sync-conflict-20251012-163514-6SA55L2.pdf","9/28/2025 11:41:53 PM","111269"
"C:\Users\Shadow\Web-PDFTimeSaver\vendor\smalot\pdfparser\samples\bugs\Issue331.pdf","9/28/2025 11:41:53 PM","111269"
"C:\Users\Shadow\Web-PDFTimeSaver\vendor\smalot\pdfparser\samples\bugs\Issue331.sync-conflict-20251012-143455-6SA55L2.pdf","9/28/2025 11:41:53 PM","111269"
"C:\Users\Shadow\Web-PDFTimeSaver\vendor\smalot\pdfparser\samples\bugs\Issue334.sync-conflict-20251012-163508-6SA55L2.pdf","9/28/2025 11:41:53 PM","117126"
"C:\Users\Shadow\Web-PDFTimeSaver\vendor\smalot\pdfparser\samples\bugs\Issue334.sync-conflict-20251012-143451-6SA55L2.pdf","9/28/2025 11:41:53 PM","117126"
"C:\Users\Shadow\Web-PDFTimeSaver\vendor\smalot\pdfparser\samples\bugs\Issue334.pdf","9/28/2025 11:41:53 PM","117126"
"C:\Users\Shadow\Web-PDFTimeSaver\vendor\smalot\pdfparser\samples\bugs\Issue336_decode_hexadecimal.sync-conflict-20251012-163510-6SA55L2.pdf","9/28/2025 11:41:53 PM","16536"
"C:\Users\Shadow\Web-PDFTimeSaver\vendor\smalot\pdfparser\samples\bugs\Issue336_decode_hexadecimal.sync-conflict-20251012-143454-6SA55L2.pdf","9/28/2025 11:41:53 PM","16536"
"C:\Users\Shadow\Web-PDFTimeSaver\vendor\smalot\pdfparser\samples\bugs\Issue336_decode_hexadecimal.pdf","9/28/2025 11:41:53 PM","16536"
"C:\Users\Shadow\Web-PDFTimeSaver\vendor\smalot\pdfparser\samples\bugs\Issue356.pdf","9/28/2025 11:41:53 PM","5998878"
"C:\Users\Shadow\Web-PDFTimeSaver\vendor\smalot\pdfparser\samples\bugs\Issue356.sync-conflict-20251012-143453-6SA55L2.pdf","9/28/2025 11:41:53 PM","5998878"
"C:\Users\Shadow\Web-PDFTimeSaver\vendor\smalot\pdfparser\samples\bugs\Issue356.sync-conflict-20251012-163514-6SA55L2.pdf","9/28/2025 11:41:53 PM","5998878"
"C:\Users\Shadow\Web-PDFTimeSaver\vendor\smalot\pdfparser\samples\bugs\Issue359.sync-conflict-20251012-163511-6SA55L2.pdf","9/28/2025 11:41:53 PM","16699"
"C:\Users\Shadow\Web-PDFTimeSaver\vendor\smalot\pdfparser\samples\bugs\Issue359.sync-conflict-20251012-143455-6SA55L2.pdf","9/28/2025 11:41:53 PM","16699"
"C:\Users\Shadow\Web-PDFTimeSaver\vendor\smalot\pdfparser\samples\bugs\Issue359.pdf","9/28/2025 11:41:53 PM","16699"
"C:\Users\Shadow\Web-PDFTimeSaver\vendor\smalot\pdfparser\samples\bugs\Issue391.sync-conflict-20251012-163508-6SA55L2.pdf","9/28/2025 11:41:53 PM","941881"
"C:\Users\Shadow\Web-PDFTimeSaver\vendor\smalot\pdfparser\samples\bugs\Issue391.pdf","9/28/2025 11:41:53 PM","941881"
"C:\Users\Shadow\Web-PDFTimeSaver\vendor\smalot\pdfparser\samples\bugs\Issue391.sync-conflict-20251012-143452-6SA55L2.pdf","9/28/2025 11:41:53 PM","941881"
"C:\Users\Shadow\Web-PDFTimeSaver\vendor\smalot\pdfparser\samples\bugs\Issue398.sync-conflict-20251012-163506-6SA55L2.pdf","9/28/2025 11:41:53 PM","51957"
"C:\Users\Shadow\Web-PDFTimeSaver\vendor\smalot\pdfparser\samples\bugs\Issue398.sync-conflict-20251012-143455-6SA55L2.pdf","9/28/2025 11:41:53 PM","51957"
"C:\Users\Shadow\Web-PDFTimeSaver\vendor\smalot\pdfparser\samples\bugs\Issue398.pdf","9/28/2025 11:41:53 PM","51957"
"C:\Users\Shadow\Web-PDFTimeSaver\vendor\smalot\pdfparser\samples\bugs\Issue405.sync-conflict-20251012-143454-6SA55L2.pdf","9/28/2025 11:41:53 PM","8677"
"C:\Users\Shadow\Web-PDFTimeSaver\vendor\smalot\pdfparser\samples\bugs\Issue405.sync-conflict-20251012-163506-6SA55L2.pdf","9/28/2025 11:41:53 PM","8677"
"C:\Users\Shadow\Web-PDFTimeSaver\vendor\smalot\pdfparser\samples\bugs\Issue405.pdf","9/28/2025 11:41:53 PM","8677"
"C:\Users\Shadow\Web-PDFTimeSaver\vendor\smalot\pdfparser\samples\bugs\Issue450.sync-conflict-20251012-163505-6SA55L2.pdf","9/28/2025 11:41:53 PM","1210"
"C:\Users\Shadow\Web-PDFTimeSaver\vendor\smalot\pdfparser\samples\bugs\Issue450.sync-conflict-20251012-143452-6SA55L2.pdf","9/28/2025 11:41:53 PM","1210"
"C:\Users\Shadow\Web-PDFTimeSaver\vendor\smalot\pdfparser\samples\bugs\Issue450.pdf","9/28/2025 11:41:53 PM","1210"
"C:\Users\Shadow\Web-PDFTimeSaver\vendor\smalot\pdfparser\samples\bugs\Issue454.pdf","9/28/2025 11:41:53 PM","449537"
"C:\Users\Shadow\Web-PDFTimeSaver\vendor\smalot\pdfparser\samples\bugs\Issue454.sync-conflict-20251012-143451-6SA55L2.pdf","9/28/2025 11:41:53 PM","449537"
"C:\Users\Shadow\Web-PDFTimeSaver\vendor\smalot\pdfparser\samples\bugs\Issue454.sync-conflict-20251012-163517-6SA55L2.pdf","9/28/2025 11:41:53 PM","449537"
"C:\Users\Shadow\Web-PDFTimeSaver\vendor\smalot\pdfparser\samples\bugs\Issue479.pdf","9/28/2025 11:41:53 PM","10803"
"C:\Users\Shadow\Web-PDFTimeSaver\vendor\smalot\pdfparser\samples\bugs\Issue479.sync-conflict-20251012-143453-6SA55L2.pdf","9/28/2025 11:41:53 PM","10803"
"C:\Users\Shadow\Web-PDFTimeSaver\vendor\smalot\pdfparser\samples\bugs\Issue479.sync-conflict-20251012-163510-6SA55L2.pdf","9/28/2025 11:41:53 PM","10803"
"C:\Users\Shadow\Web-PDFTimeSaver\vendor\smalot\pdfparser\samples\bugs\Issue494.sync-conflict-20251012-163508-6SA55L2.pdf","9/28/2025 11:41:53 PM","91716"
"C:\Users\Shadow\Web-PDFTimeSaver\vendor\smalot\pdfparser\samples\bugs\Issue494.sync-conflict-20251012-143455-6SA55L2.pdf","9/28/2025 11:41:53 PM","91716"
"C:\Users\Shadow\Web-PDFTimeSaver\vendor\smalot\pdfparser\samples\bugs\Issue494.pdf","9/28/2025 11:41:53 PM","91716"
"C:\Users\Shadow\Web-PDFTimeSaver\vendor\smalot\pdfparser\samples\bugs\Issue557.sync-conflict-20251012-163504-6SA55L2.pdf","9/28/2025 11:41:53 PM","23847"
"C:\Users\Shadow\Web-PDFTimeSaver\vendor\smalot\pdfparser\samples\bugs\Issue557.sync-conflict-20251012-143453-6SA55L2.pdf","9/28/2025 11:41:53 PM","23847"
"C:\Users\Shadow\Web-PDFTimeSaver\vendor\smalot\pdfparser\samples\bugs\Issue557.pdf","9/28/2025 11:41:53 PM","23847"
"C:\Users\Shadow\Web-PDFTimeSaver\vendor\smalot\pdfparser\samples\bugs\Issue585.sync-conflict-20251012-163508-6SA55L2.pdf","9/28/2025 11:41:53 PM","565238"
"C:\Users\Shadow\Web-PDFTimeSaver\vendor\smalot\pdfparser\samples\bugs\Issue585.sync-conflict-20251012-143453-6SA55L2.pdf","9/28/2025 11:41:53 PM","565238"
"C:\Users\Shadow\Web-PDFTimeSaver\vendor\smalot\pdfparser\samples\bugs\Issue585.pdf","9/28/2025 11:41:53 PM","565238"
"C:\Users\Shadow\Web-PDFTimeSaver\vendor\smalot\pdfparser\samples\bugs\Issue592.sync-conflict-20251012-163507-6SA55L2.pdf","9/28/2025 11:41:53 PM","142962"
"C:\Users\Shadow\Web-PDFTimeSaver\vendor\smalot\pdfparser\samples\bugs\Issue592.pdf","9/28/2025 11:41:53 PM","142962"
"C:\Users\Shadow\Web-PDFTimeSaver\vendor\smalot\pdfparser\samples\bugs\Issue592.sync-conflict-20251012-143451-6SA55L2.pdf","9/28/2025 11:41:53 PM","142962"
"C:\Users\Shadow\Web-PDFTimeSaver\vendor\smalot\pdfparser\samples\bugs\Issue608.pdf","9/28/2025 11:41:53 PM","20460"
"C:\Users\Shadow\Web-PDFTimeSaver\vendor\smalot\pdfparser\samples\bugs\Issue608.sync-conflict-20251012-143451-6SA55L2.pdf","9/28/2025 11:41:53 PM","20460"
"C:\Users\Shadow\Web-PDFTimeSaver\vendor\smalot\pdfparser\samples\bugs\Issue608.sync-conflict-20251012-163502-6SA55L2.pdf","9/28/2025 11:41:53 PM","20460"
"C:\Users\Shadow\Web-PDFTimeSaver\vendor\smalot\pdfparser\samples\bugs\Issue609.sync-conflict-20251012-163510-6SA55L2.pdf","9/28/2025 11:41:53 PM","119192"
"C:\Users\Shadow\Web-PDFTimeSaver\vendor\smalot\pdfparser\samples\bugs\Issue609.sync-conflict-20251012-143454-6SA55L2.pdf","9/28/2025 11:41:53 PM","119192"
"C:\Users\Shadow\Web-PDFTimeSaver\vendor\smalot\pdfparser\samples\bugs\Issue609.pdf","9/28/2025 11:41:53 PM","119192"
"C:\Users\Shadow\Web-PDFTimeSaver\vendor\smalot\pdfparser\samples\bugs\Issue621.sync-conflict-20251012-163507-6SA55L2.pdf","9/28/2025 11:41:53 PM","342619"
"C:\Users\Shadow\Web-PDFTimeSaver\vendor\smalot\pdfparser\samples\bugs\Issue621.sync-conflict-20251012-143451-6SA55L2.pdf","9/28/2025 11:41:53 PM","342619"
"C:\Users\Shadow\Web-PDFTimeSaver\vendor\smalot\pdfparser\samples\bugs\Issue621.pdf","9/28/2025 11:41:53 PM","342619"
"C:\Users\Shadow\Web-PDFTimeSaver\vendor\smalot\pdfparser\samples\bugs\Issue629.sync-conflict-20251012-163506-6SA55L2.pdf","9/28/2025 11:41:53 PM","78173"
"C:\Users\Shadow\Web-PDFTimeSaver\vendor\smalot\pdfparser\samples\bugs\Issue629.sync-conflict-20251012-143451-6SA55L2.pdf","9/28/2025 11:41:53 PM","78173"
"C:\Users\Shadow\Web-PDFTimeSaver\vendor\smalot\pdfparser\samples\bugs\Issue629.pdf","9/28/2025 11:41:53 PM","78173"
"C:\Users\Shadow\Web-PDFTimeSaver\vendor\smalot\pdfparser\samples\bugs\Issue665.sync-conflict-20251012-163506-6SA55L2.pdf","9/28/2025 11:41:53 PM","15158"
"C:\Users\Shadow\Web-PDFTimeSaver\vendor\smalot\pdfparser\samples\bugs\Issue665.sync-conflict-20251012-143456-6SA55L2.pdf","9/28/2025 11:41:53 PM","15158"
"C:\Users\Shadow\Web-PDFTimeSaver\vendor\smalot\pdfparser\samples\bugs\Issue665.pdf","9/28/2025 11:41:53 PM","15158"
"C:\Users\Shadow\Web-PDFTimeSaver\vendor\smalot\pdfparser\samples\bugs\Issue668.sync-conflict-20251012-163502-6SA55L2.pdf","9/28/2025 11:41:53 PM","96222"
"C:\Users\Shadow\Web-PDFTimeSaver\vendor\smalot\pdfparser\samples\bugs\Issue668.sync-conflict-20251012-143454-6SA55L2.pdf","9/28/2025 11:41:53 PM","96222"
"C:\Users\Shadow\Web-PDFTimeSaver\vendor\smalot\pdfparser\samples\bugs\Issue668.pdf","9/28/2025 11:41:53 PM","96222"
"C:\Users\Shadow\Web-PDFTimeSaver\vendor\smalot\pdfparser\samples\bugs\Issue673.sync-conflict-20251012-163506-6SA55L2.pdf","9/28/2025 11:41:53 PM","23847"
"C:\Users\Shadow\Web-PDFTimeSaver\vendor\smalot\pdfparser\samples\bugs\Issue673.pdf","9/28/2025 11:41:53 PM","23847"
"C:\Users\Shadow\Web-PDFTimeSaver\vendor\smalot\pdfparser\samples\bugs\Issue673.sync-conflict-20251012-143451-6SA55L2.pdf","9/28/2025 11:41:53 PM","23847"
"C:\Users\Shadow\Web-PDFTimeSaver\vendor\smalot\pdfparser\samples\bugs\Issue727.sync-conflict-20251012-163510-6SA55L2.pdf","9/28/2025 11:41:53 PM","215669"
"C:\Users\Shadow\Web-PDFTimeSaver\vendor\smalot\pdfparser\samples\bugs\Issue727.sync-conflict-20251012-143453-6SA55L2.pdf","9/28/2025 11:41:53 PM","215669"
"C:\Users\Shadow\Web-PDFTimeSaver\vendor\smalot\pdfparser\samples\bugs\Issue727.pdf","9/28/2025 11:41:53 PM","215669"
"C:\Users\Shadow\Web-PDFTimeSaver\vendor\smalot\pdfparser\samples\bugs\Issue95_ANSI.sync-conflict-20251012-163501-6SA55L2.pdf","9/28/2025 11:41:53 PM","1015"
"C:\Users\Shadow\Web-PDFTimeSaver\vendor\smalot\pdfparser\samples\bugs\Issue95_ANSI.sync-conflict-20251012-143452-6SA55L2.pdf","9/28/2025 11:41:53 PM","1015"
"C:\Users\Shadow\Web-PDFTimeSaver\vendor\smalot\pdfparser\samples\bugs\Issue95_ANSI.pdf","9/28/2025 11:41:53 PM","1015"
"C:\Users\Shadow\Web-PDFTimeSaver\vendor\smalot\pdfparser\samples\bugs\PullRequest457.sync-conflict-20251012-163510-6SA55L2.pdf","9/28/2025 11:41:53 PM","16509474"
"C:\Users\Shadow\Web-PDFTimeSaver\vendor\smalot\pdfparser\samples\bugs\PullRequest457.sync-conflict-20251012-143454-6SA55L2.pdf","9/28/2025 11:41:53 PM","16509474"
"C:\Users\Shadow\Web-PDFTimeSaver\vendor\smalot\pdfparser\samples\bugs\PullRequest457.pdf","9/28/2025 11:41:53 PM","16509474"
"C:\Users\Shadow\Web-PDFTimeSaver\vendor\smalot\pdfparser\samples\bugs\PullRequest500.sync-conflict-20251012-163506-6SA55L2.pdf","9/28/2025 11:41:53 PM","8250"
"C:\Users\Shadow\Web-PDFTimeSaver\vendor\smalot\pdfparser\samples\bugs\PullRequest500.sync-conflict-20251012-143455-6SA55L2.pdf","9/28/2025 11:41:53 PM","8250"
"C:\Users\Shadow\Web-PDFTimeSaver\vendor\smalot\pdfparser\samples\bugs\PullRequest500.pdf","9/28/2025 11:41:53 PM","8250"
"C:\Users\Shadow\Web-PDFTimeSaver\vendor\smalot\pdfparser\samples\corrupted.sync-conflict-20251012-163506-6SA55L2.pdf","9/28/2025 11:41:53 PM","163"
"C:\Users\Shadow\Web-PDFTimeSaver\vendor\smalot\pdfparser\samples\corrupted.sync-conflict-20251012-143455-6SA55L2.pdf","9/28/2025 11:41:53 PM","163"
"C:\Users\Shadow\Web-PDFTimeSaver\vendor\smalot\pdfparser\samples\corrupted.pdf","9/28/2025 11:41:53 PM","163"
"C:\Users\Shadow\Web-PDFTimeSaver\vendor\smalot\pdfparser\samples\grouped-by-generator\Document_Generated_by_SmallPDF.sync-conflict-20251012-163509-6SA55L2.pdf","9/28/2025 11:41:53 PM","45649"
"C:\Users\Shadow\Web-PDFTimeSaver\vendor\smalot\pdfparser\samples\grouped-by-generator\Document_Generated_by_SmallPDF.pdf","9/28/2025 11:41:53 PM","45649"
"C:\Users\Shadow\Web-PDFTimeSaver\vendor\smalot\pdfparser\samples\grouped-by-generator\Document_Generated_by_SmallPDF.sync-conflict-20251012-143453-6SA55L2.pdf","9/28/2025 11:41:53 PM","45649"
"C:\Users\Shadow\Web-PDFTimeSaver\vendor\smalot\pdfparser\samples\grouped-by-generator\Mostly_German_Text_Generated_By_Microsoft_Word_2016.sync-conflict-20251012-163518-6SA55L2.pdf","9/28/2025 11:41:53 PM","134567"
"C:\Users\Shadow\Web-PDFTimeSaver\vendor\smalot\pdfparser\samples\grouped-by-generator\Mostly_German_Text_Generated_By_Microsoft_Word_2016.pdf","9/28/2025 11:41:53 PM","134567"
"C:\Users\Shadow\Web-PDFTimeSaver\vendor\smalot\pdfparser\samples\grouped-by-generator\Mostly_German_Text_Generated_By_Microsoft_Word_2016.sync-conflict-20251012-143456-6SA55L2.pdf","9/28/2025 11:41:53 PM","134567"
"C:\Users\Shadow\Web-PDFTimeSaver\vendor\smalot\pdfparser\samples\grouped-by-generator\Mostly_German_Text_Generated_by_Power_PDF_Create.sync-conflict-20251012-143456-6SA55L2.pdf","9/28/2025 11:41:53 PM","151463"
"C:\Users\Shadow\Web-PDFTimeSaver\vendor\smalot\pdfparser\samples\grouped-by-generator\Mostly_German_Text_Generated_by_Power_PDF_Create.sync-conflict-20251012-163508-6SA55L2.pdf","9/28/2025 11:41:53 PM","151463"
"C:\Users\Shadow\Web-PDFTimeSaver\vendor\smalot\pdfparser\samples\grouped-by-generator\Mostly_German_Text_Generated_by_Power_PDF_Create.pdf","9/28/2025 11:41:53 PM","151463"
"C:\Users\Shadow\Web-PDFTimeSaver\vendor\smalot\pdfparser\samples\grouped-by-generator\Mostly_Turkish_Text_Generated_by_Word_i?in_Acrobat_PDFMaker_17.sync-conflict-20251012-143455-6SA55L2.pdf","9/28/2025 11:41:53 PM","54356"
"C:\Users\Shadow\Web-PDFTimeSaver\vendor\smalot\pdfparser\samples\grouped-by-generator\Mostly_Turkish_Text_Generated_by_Word_i?in_Acrobat_PDFMaker_17.sync-conflict-20251012-163514-6SA55L2.pdf","9/28/2025 11:41:53 PM","54356"
"C:\Users\Shadow\Web-PDFTimeSaver\vendor\smalot\pdfparser\samples\grouped-by-generator\Mostly_Turkish_Text_Generated_by_Word_i?in_Acrobat_PDFMaker_17.pdf","9/28/2025 11:41:53 PM","54356"
"C:\Users\Shadow\Web-PDFTimeSaver\vendor\smalot\pdfparser\samples\grouped-by-generator\R2RML-Spec_Generated_by_Chromium-SaveAs-PDF.pdf","9/28/2025 11:41:53 PM","64953"
"C:\Users\Shadow\Web-PDFTimeSaver\vendor\smalot\pdfparser\samples\grouped-by-generator\R2RML-Spec_Generated_by_Chromium-SaveAs-PDF.sync-conflict-20251012-163515-6SA55L2.pdf","9/28/2025 11:41:53 PM","64953"
"C:\Users\Shadow\Web-PDFTimeSaver\vendor\smalot\pdfparser\samples\grouped-by-generator\R2RML-Spec_Generated_by_Chromium-SaveAs-PDF.sync-conflict-20251012-143451-6SA55L2.pdf","9/28/2025 11:41:53 PM","64953"
"C:\Users\Shadow\Web-PDFTimeSaver\vendor\smalot\pdfparser\samples\grouped-by-generator\RichDocument_Generated_by_Libreoffice-6.4_PDF-v1.4.sync-conflict-20251012-163517-6SA55L2.pdf","9/28/2025 11:41:53 PM","52826"
"C:\Users\Shadow\Web-PDFTimeSaver\vendor\smalot\pdfparser\samples\grouped-by-generator\RichDocument_Generated_by_Libreoffice-6.4_PDF-v1.4.sync-conflict-20251012-143456-6SA55L2.pdf","9/28/2025 11:41:53 PM","52826"
"C:\Users\Shadow\Web-PDFTimeSaver\vendor\smalot\pdfparser\samples\grouped-by-generator\RichDocument_Generated_by_Libreoffice-6.4_PDF-v1.4.pdf","9/28/2025 11:41:53 PM","52826"
"C:\Users\Shadow\Web-PDFTimeSaver\vendor\smalot\pdfparser\samples\grouped-by-generator\SimpleImage_Generated_by_Inkscape-0.92_PDF-v1.4.sync-conflict-20251012-163505-6SA55L2.pdf","9/28/2025 11:41:53 PM","4528"
"C:\Users\Shadow\Web-PDFTimeSaver\vendor\smalot\pdfparser\samples\grouped-by-generator\SimpleImage_Generated_by_Inkscape-0.92_PDF-v1.4.pdf","9/28/2025 11:41:53 PM","4528"
"C:\Users\Shadow\Web-PDFTimeSaver\vendor\smalot\pdfparser\samples\grouped-by-generator\SimpleImage_Generated_by_Inkscape-0.92_PDF-v1.4.sync-conflict-20251012-143456-6SA55L2.pdf","9/28/2025 11:41:53 PM","4528"
"C:\Users\Shadow\Web-PDFTimeSaver\vendor\smalot\pdfparser\samples\grouped-by-generator\SimpleImage_Generated_by_Inkscape-0.92_PDF-v1.5.pdf","9/28/2025 11:41:53 PM","4528"
"C:\Users\Shadow\Web-PDFTimeSaver\vendor\smalot\pdfparser\samples\grouped-by-generator\SimpleImage_Generated_by_Inkscape-0.92_PDF-v1.5.sync-conflict-20251012-163518-6SA55L2.pdf","9/28/2025 11:41:53 PM","4528"
"C:\Users\Shadow\Web-PDFTimeSaver\vendor\smalot\pdfparser\samples\grouped-by-generator\SimpleImage_Generated_by_Inkscape-0.92_PDF-v1.5.sync-conflict-20251012-143456-6SA55L2.pdf","9/28/2025 11:41:53 PM","4528"
"C:\Users\Shadow\Web-PDFTimeSaver\vendor\smalot\pdfparser\samples\grouped-by-generator\Wikipedia-PDF_Generated_by_Microsoft_Print-to-PDF.pdf","9/28/2025 11:41:53 PM","346137"
"C:\Users\Shadow\Web-PDFTimeSaver\vendor\smalot\pdfparser\samples\grouped-by-generator\Wikipedia-PDF_Generated_by_Microsoft_Print-to-PDF.sync-conflict-20251012-143453-6SA55L2.pdf","9/28/2025 11:41:53 PM","346137"
"C:\Users\Shadow\Web-PDFTimeSaver\vendor\smalot\pdfparser\samples\grouped-by-generator\Wikipedia-PDF_Generated_by_Microsoft_Print-to-PDF.sync-conflict-20251012-163514-6SA55L2.pdf","9/28/2025 11:41:53 PM","346137"
"C:\Users\Shadow\Web-PDFTimeSaver\vendor\smalot\pdfparser\samples\not_really_encrypted.pdf","9/28/2025 11:41:53 PM","6695"
"C:\Users\Shadow\Web-PDFTimeSaver\vendor\smalot\pdfparser\samples\not_really_encrypted.sync-conflict-20251012-143453-6SA55L2.pdf","9/28/2025 11:41:53 PM","6695"
"C:\Users\Shadow\Web-PDFTimeSaver\vendor\smalot\pdfparser\samples\not_really_encrypted.sync-conflict-20251012-163518-6SA55L2.pdf","9/28/2025 11:41:53 PM","6695"
"C:\Users\Shadow\Web-PDFTimeSaver\vendor\smalot\pdfparser\src\Smalot\PdfParser\Config.sync-conflict-20251012-143456-6SA55L2.php","9/28/2025 11:41:53 PM","4556"
"C:\Users\Shadow\Web-PDFTimeSaver\vendor\smalot\pdfparser\src\Smalot\PdfParser\Config.php","9/28/2025 11:41:53 PM","4556"
"C:\Users\Shadow\Web-PDFTimeSaver\vendor\smalot\pdfparser\src\Smalot\PdfParser\Config.sync-conflict-20251012-163502-6SA55L2.php","9/28/2025 11:41:53 PM","4556"
"C:\Users\Shadow\Web-PDFTimeSaver\vendor\smalot\pdfparser\src\Smalot\PdfParser\Document.sync-conflict-20251012-143454-6SA55L2.php","9/28/2025 11:41:53 PM","15978"
"C:\Users\Shadow\Web-PDFTimeSaver\vendor\smalot\pdfparser\src\Smalot\PdfParser\Document.sync-conflict-20251012-163502-6SA55L2.php","9/28/2025 11:41:53 PM","15978"
"C:\Users\Shadow\Web-PDFTimeSaver\vendor\smalot\pdfparser\src\Smalot\PdfParser\Document.php","9/28/2025 11:41:53 PM","15978"
"C:\Users\Shadow\Web-PDFTimeSaver\vendor\smalot\pdfparser\src\Smalot\PdfParser\Element.sync-conflict-20251012-143455-6SA55L2.php","9/28/2025 11:41:53 PM","5210"
"C:\Users\Shadow\Web-PDFTimeSaver\vendor\smalot\pdfparser\src\Smalot\PdfParser\Element.sync-conflict-20251012-163507-6SA55L2.php","9/28/2025 11:41:53 PM","5210"
"C:\Users\Shadow\Web-PDFTimeSaver\vendor\smalot\pdfparser\src\Smalot\PdfParser\Element.php","9/28/2025 11:41:53 PM","5210"
"C:\Users\Shadow\Web-PDFTimeSaver\vendor\smalot\pdfparser\src\Smalot\PdfParser\Element\ElementArray.sync-conflict-20251012-163517-6SA55L2.php","9/28/2025 11:41:53 PM","4167"
"C:\Users\Shadow\Web-PDFTimeSaver\vendor\smalot\pdfparser\src\Smalot\PdfParser\Element\ElementArray.php","9/28/2025 11:41:53 PM","4167"
"C:\Users\Shadow\Web-PDFTimeSaver\vendor\smalot\pdfparser\src\Smalot\PdfParser\Element\ElementArray.sync-conflict-20251012-143452-6SA55L2.php","9/28/2025 11:41:53 PM","4167"
"C:\Users\Shadow\Web-PDFTimeSaver\vendor\smalot\pdfparser\src\Smalot\PdfParser\Element\ElementBoolean.sync-conflict-20251012-143454-6SA55L2.php","9/28/2025 11:41:53 PM","2122"
"C:\Users\Shadow\Web-PDFTimeSaver\vendor\smalot\pdfparser\src\Smalot\PdfParser\Element\ElementBoolean.php","9/28/2025 11:41:53 PM","2122"
"C:\Users\Shadow\Web-PDFTimeSaver\vendor\smalot\pdfparser\src\Smalot\PdfParser\Element\ElementBoolean.sync-conflict-20251012-163510-6SA55L2.php","9/28/2025 11:41:53 PM","2122"
"C:\Users\Shadow\Web-PDFTimeSaver\vendor\smalot\pdfparser\src\Smalot\PdfParser\Element\ElementDate.sync-conflict-20251012-163509-6SA55L2.php","9/28/2025 11:41:53 PM","4139"
"C:\Users\Shadow\Web-PDFTimeSaver\vendor\smalot\pdfparser\src\Smalot\PdfParser\Element\ElementDate.sync-conflict-20251012-143456-6SA55L2.php","9/28/2025 11:41:53 PM","4139"
"C:\Users\Shadow\Web-PDFTimeSaver\vendor\smalot\pdfparser\src\Smalot\PdfParser\Element\ElementDate.php","9/28/2025 11:41:53 PM","4139"
"C:\Users\Shadow\Web-PDFTimeSaver\vendor\smalot\pdfparser\src\Smalot\PdfParser\Element\ElementHexa.php","9/28/2025 11:41:53 PM","3047"
"C:\Users\Shadow\Web-PDFTimeSaver\vendor\smalot\pdfparser\src\Smalot\PdfParser\Element\ElementHexa.sync-conflict-20251012-163509-6SA55L2.php","9/28/2025 11:41:53 PM","3047"
"C:\Users\Shadow\Web-PDFTimeSaver\vendor\smalot\pdfparser\src\Smalot\PdfParser\Element\ElementHexa.sync-conflict-20251012-143456-6SA55L2.php","9/28/2025 11:41:53 PM","3047"
"C:\Users\Shadow\Web-PDFTimeSaver\vendor\smalot\pdfparser\src\Smalot\PdfParser\Element\ElementMissing.sync-conflict-20251012-163508-6SA55L2.php","9/28/2025 11:41:53 PM","1669"
"C:\Users\Shadow\Web-PDFTimeSaver\vendor\smalot\pdfparser\src\Smalot\PdfParser\Element\ElementMissing.sync-conflict-20251012-143455-6SA55L2.php","9/28/2025 11:41:53 PM","1669"
"C:\Users\Shadow\Web-PDFTimeSaver\vendor\smalot\pdfparser\src\Smalot\PdfParser\Element\ElementMissing.php","9/28/2025 11:41:53 PM","1669"
"C:\Users\Shadow\Web-PDFTimeSaver\vendor\smalot\pdfparser\src\Smalot\PdfParser\Element\ElementName.sync-conflict-20251012-163502-6SA55L2.php","9/28/2025 11:41:53 PM","1980"
"C:\Users\Shadow\Web-PDFTimeSaver\vendor\smalot\pdfparser\src\Smalot\PdfParser\Element\ElementName.sync-conflict-20251012-143456-6SA55L2.php","9/28/2025 11:41:53 PM","1980"
"C:\Users\Shadow\Web-PDFTimeSaver\vendor\smalot\pdfparser\src\Smalot\PdfParser\Element\ElementName.php","9/28/2025 11:41:53 PM","1980"
"C:\Users\Shadow\Web-PDFTimeSaver\vendor\smalot\pdfparser\src\Smalot\PdfParser\Element\ElementNull.sync-conflict-20251012-163501-6SA55L2.php","9/28/2025 11:41:53 PM","1926"
"C:\Users\Shadow\Web-PDFTimeSaver\vendor\smalot\pdfparser\src\Smalot\PdfParser\Element\ElementNull.sync-conflict-20251012-143454-6SA55L2.php","9/28/2025 11:41:53 PM","1926"
"C:\Users\Shadow\Web-PDFTimeSaver\vendor\smalot\pdfparser\src\Smalot\PdfParser\Element\ElementNull.php","9/28/2025 11:41:53 PM","1926"
"C:\Users\Shadow\Web-PDFTimeSaver\vendor\smalot\pdfparser\src\Smalot\PdfParser\Element\ElementNumeric.php","9/28/2025 11:41:53 PM","1831"
"C:\Users\Shadow\Web-PDFTimeSaver\vendor\smalot\pdfparser\src\Smalot\PdfParser\Element\ElementNumeric.sync-conflict-20251012-143455-6SA55L2.php","9/28/2025 11:41:53 PM","1831"
"C:\Users\Shadow\Web-PDFTimeSaver\vendor\smalot\pdfparser\src\Smalot\PdfParser\Element\ElementNumeric.sync-conflict-20251012-163507-6SA55L2.php","9/28/2025 11:41:53 PM","1831"
"C:\Users\Shadow\Web-PDFTimeSaver\vendor\smalot\pdfparser\src\Smalot\PdfParser\Element\ElementString.sync-conflict-20251012-143452-6SA55L2.php","9/28/2025 11:41:53 PM","3038"
"C:\Users\Shadow\Web-PDFTimeSaver\vendor\smalot\pdfparser\src\Smalot\PdfParser\Element\ElementString.sync-conflict-20251012-163503-6SA55L2.php","9/28/2025 11:41:53 PM","3038"
"C:\Users\Shadow\Web-PDFTimeSaver\vendor\smalot\pdfparser\src\Smalot\PdfParser\Element\ElementString.php","9/28/2025 11:41:53 PM","3038"
"C:\Users\Shadow\Web-PDFTimeSaver\vendor\smalot\pdfparser\src\Smalot\PdfParser\Element\ElementStruct.php","9/28/2025 11:41:53 PM","2300"
"C:\Users\Shadow\Web-PDFTimeSaver\vendor\smalot\pdfparser\src\Smalot\PdfParser\Element\ElementStruct.sync-conflict-20251012-163502-6SA55L2.php","9/28/2025 11:41:53 PM","2300"
"C:\Users\Shadow\Web-PDFTimeSaver\vendor\smalot\pdfparser\src\Smalot\PdfParser\Element\ElementStruct.sync-conflict-20251012-143456-6SA55L2.php","9/28/2025 11:41:53 PM","2300"
"C:\Users\Shadow\Web-PDFTimeSaver\vendor\smalot\pdfparser\src\Smalot\PdfParser\Element\ElementXRef.sync-conflict-20251012-163500-6SA55L2.php","9/28/2025 11:41:53 PM","2874"
"C:\Users\Shadow\Web-PDFTimeSaver\vendor\smalot\pdfparser\src\Smalot\PdfParser\Element\ElementXRef.sync-conflict-20251012-143455-6SA55L2.php","9/28/2025 11:41:53 PM","2874"
"C:\Users\Shadow\Web-PDFTimeSaver\vendor\smalot\pdfparser\src\Smalot\PdfParser\Element\ElementXRef.php","9/28/2025 11:41:53 PM","2874"
"C:\Users\Shadow\Web-PDFTimeSaver\vendor\smalot\pdfparser\src\Smalot\PdfParser\Encoding.sync-conflict-20251012-163515-6SA55L2.php","9/28/2025 11:41:53 PM","4878"
"C:\Users\Shadow\Web-PDFTimeSaver\vendor\smalot\pdfparser\src\Smalot\PdfParser\Encoding.sync-conflict-20251012-143451-6SA55L2.php","9/28/2025 11:41:53 PM","4878"
"C:\Users\Shadow\Web-PDFTimeSaver\vendor\smalot\pdfparser\src\Smalot\PdfParser\Encoding.php","9/28/2025 11:41:53 PM","4878"
"C:\Users\Shadow\Web-PDFTimeSaver\vendor\smalot\pdfparser\src\Smalot\PdfParser\Encoding\AbstractEncoding.sync-conflict-20251012-143451-6SA55L2.php","9/28/2025 11:41:53 PM","144"
"C:\Users\Shadow\Web-PDFTimeSaver\vendor\smalot\pdfparser\src\Smalot\PdfParser\Encoding\AbstractEncoding.php","9/28/2025 11:41:53 PM","144"
"C:\Users\Shadow\Web-PDFTimeSaver\vendor\smalot\pdfparser\src\Smalot\PdfParser\Encoding\AbstractEncoding.sync-conflict-20251012-163500-6SA55L2.php","9/28/2025 11:41:53 PM","144"
"C:\Users\Shadow\Web-PDFTimeSaver\vendor\smalot\pdfparser\src\Smalot\PdfParser\Encoding\EncodingLocator.php","9/28/2025 11:41:53 PM","419"
"C:\Users\Shadow\Web-PDFTimeSaver\vendor\smalot\pdfparser\src\Smalot\PdfParser\Encoding\EncodingLocator.sync-conflict-20251012-163509-6SA55L2.php","9/28/2025 11:41:53 PM","419"
"C:\Users\Shadow\Web-PDFTimeSaver\vendor\smalot\pdfparser\src\Smalot\PdfParser\Encoding\EncodingLocator.sync-conflict-20251012-143451-6SA55L2.php","9/28/2025 11:41:53 PM","419"
"C:\Users\Shadow\Web-PDFTimeSaver\vendor\smalot\pdfparser\src\Smalot\PdfParser\Encoding\ISOLatin1Encoding.php","9/28/2025 11:41:53 PM","3680"
"C:\Users\Shadow\Web-PDFTimeSaver\vendor\smalot\pdfparser\src\Smalot\PdfParser\Encoding\ISOLatin1Encoding.sync-conflict-20251012-143457-6SA55L2.php","9/28/2025 11:41:53 PM","3680"
"C:\Users\Shadow\Web-PDFTimeSaver\vendor\smalot\pdfparser\src\Smalot\PdfParser\Encoding\ISOLatin1Encoding.sync-conflict-20251012-163518-6SA55L2.php","9/28/2025 11:41:53 PM","3680"
"C:\Users\Shadow\Web-PDFTimeSaver\vendor\smalot\pdfparser\src\Smalot\PdfParser\Encoding\ISOLatin9Encoding.sync-conflict-20251012-163509-6SA55L2.php","9/28/2025 11:41:53 PM","3654"
"C:\Users\Shadow\Web-PDFTimeSaver\vendor\smalot\pdfparser\src\Smalot\PdfParser\Encoding\ISOLatin9Encoding.sync-conflict-20251012-143456-6SA55L2.php","9/28/2025 11:41:53 PM","3654"
"C:\Users\Shadow\Web-PDFTimeSaver\vendor\smalot\pdfparser\src\Smalot\PdfParser\Encoding\ISOLatin9Encoding.php","9/28/2025 11:41:53 PM","3654"
"C:\Users\Shadow\Web-PDFTimeSaver\vendor\smalot\pdfparser\src\Smalot\PdfParser\Encoding\MacRomanEncoding.php","9/28/2025 11:41:53 PM","3747"
"C:\Users\Shadow\Web-PDFTimeSaver\vendor\smalot\pdfparser\src\Smalot\PdfParser\Encoding\MacRomanEncoding.sync-conflict-20251012-163508-6SA55L2.php","9/28/2025 11:41:53 PM","3747"
"C:\Users\Shadow\Web-PDFTimeSaver\vendor\smalot\pdfparser\src\Smalot\PdfParser\Encoding\MacRomanEncoding.sync-conflict-20251012-143453-6SA55L2.php","9/28/2025 11:41:53 PM","3747"
"C:\Users\Shadow\Web-PDFTimeSaver\vendor\smalot\pdfparser\src\Smalot\PdfParser\Encoding\PDFDocEncoding.sync-conflict-20251012-163514-6SA55L2.php","9/28/2025 11:41:53 PM","7951"
"C:\Users\Shadow\Web-PDFTimeSaver\vendor\smalot\pdfparser\src\Smalot\PdfParser\Encoding\PDFDocEncoding.php","9/28/2025 11:41:53 PM","7951"
"C:\Users\Shadow\Web-PDFTimeSaver\vendor\smalot\pdfparser\src\Smalot\PdfParser\Encoding\PDFDocEncoding.sync-conflict-20251012-143455-6SA55L2.php","9/28/2025 11:41:53 PM","7951"
"C:\Users\Shadow\Web-PDFTimeSaver\vendor\smalot\pdfparser\src\Smalot\PdfParser\Encoding\PostScriptGlyphs.php","9/28/2025 11:41:53 PM","40648"
"C:\Users\Shadow\Web-PDFTimeSaver\vendor\smalot\pdfparser\src\Smalot\PdfParser\Encoding\PostScriptGlyphs.sync-conflict-20251012-163507-6SA55L2.php","9/28/2025 11:41:53 PM","40648"
"C:\Users\Shadow\Web-PDFTimeSaver\vendor\smalot\pdfparser\src\Smalot\PdfParser\Encoding\PostScriptGlyphs.sync-conflict-20251012-143456-6SA55L2.php","9/28/2025 11:41:53 PM","40648"
"C:\Users\Shadow\Web-PDFTimeSaver\vendor\smalot\pdfparser\src\Smalot\PdfParser\Encoding\StandardEncoding.php","9/28/2025 11:41:53 PM","3655"
"C:\Users\Shadow\Web-PDFTimeSaver\vendor\smalot\pdfparser\src\Smalot\PdfParser\Encoding\StandardEncoding.sync-conflict-20251012-163502-6SA55L2.php","9/28/2025 11:41:53 PM","3655"
"C:\Users\Shadow\Web-PDFTimeSaver\vendor\smalot\pdfparser\src\Smalot\PdfParser\Encoding\StandardEncoding.sync-conflict-20251012-143456-6SA55L2.php","9/28/2025 11:41:53 PM","3655"
"C:\Users\Shadow\Web-PDFTimeSaver\vendor\smalot\pdfparser\src\Smalot\PdfParser\Encoding\WinAnsiEncoding.sync-conflict-20251012-163503-6SA55L2.php","9/28/2025 11:41:53 PM","3700"
"C:\Users\Shadow\Web-PDFTimeSaver\vendor\smalot\pdfparser\src\Smalot\PdfParser\Encoding\WinAnsiEncoding.php","9/28/2025 11:41:53 PM","3700"
"C:\Users\Shadow\Web-PDFTimeSaver\vendor\smalot\pdfparser\src\Smalot\PdfParser\Encoding\WinAnsiEncoding.sync-conflict-20251012-143455-6SA55L2.php","9/28/2025 11:41:53 PM","3700"
"C:\Users\Shadow\Web-PDFTimeSaver\vendor\smalot\pdfparser\src\Smalot\PdfParser\Exception\EmptyPdfException.sync-conflict-20251012-163514-6SA55L2.php","9/28/2025 11:41:53 PM","195"
"C:\Users\Shadow\Web-PDFTimeSaver\vendor\smalot\pdfparser\src\Smalot\PdfParser\Exception\EmptyPdfException.php","9/28/2025 11:41:53 PM","195"
"C:\Users\Shadow\Web-PDFTimeSaver\vendor\smalot\pdfparser\src\Smalot\PdfParser\Exception\EmptyPdfException.sync-conflict-20251012-143455-6SA55L2.php","9/28/2025 11:41:53 PM","195"
"C:\Users\Shadow\Web-PDFTimeSaver\vendor\smalot\pdfparser\src\Smalot\PdfParser\Exception\EncodingNotFoundException.sync-conflict-20251012-163504-6SA55L2.php","9/28/2025 11:41:53 PM","108"
"C:\Users\Shadow\Web-PDFTimeSaver\vendor\smalot\pdfparser\src\Smalot\PdfParser\Exception\EncodingNotFoundException.php","9/28/2025 11:41:53 PM","108"
"C:\Users\Shadow\Web-PDFTimeSaver\vendor\smalot\pdfparser\src\Smalot\PdfParser\Exception\EncodingNotFoundException.sync-conflict-20251012-143455-6SA55L2.php","9/28/2025 11:41:53 PM","108"
"C:\Users\Shadow\Web-PDFTimeSaver\vendor\smalot\pdfparser\src\Smalot\PdfParser\Exception\InvalidDictionaryObjectException.sync-conflict-20251012-163459-6SA55L2.php","9/28/2025 11:41:53 PM","232"
"C:\Users\Shadow\Web-PDFTimeSaver\vendor\smalot\pdfparser\src\Smalot\PdfParser\Exception\InvalidDictionaryObjectException.php","9/28/2025 11:41:53 PM","232"
"C:\Users\Shadow\Web-PDFTimeSaver\vendor\smalot\pdfparser\src\Smalot\PdfParser\Exception\InvalidDictionaryObjectException.sync-conflict-20251012-143453-6SA55L2.php","9/28/2025 11:41:53 PM","232"
"C:\Users\Shadow\Web-PDFTimeSaver\vendor\smalot\pdfparser\src\Smalot\PdfParser\Exception\MissingCatalogException.sync-conflict-20251012-163513-6SA55L2.php","9/28/2025 11:41:53 PM","202"
"C:\Users\Shadow\Web-PDFTimeSaver\vendor\smalot\pdfparser\src\Smalot\PdfParser\Exception\MissingCatalogException.php","9/28/2025 11:41:53 PM","202"
"C:\Users\Shadow\Web-PDFTimeSaver\vendor\smalot\pdfparser\src\Smalot\PdfParser\Exception\MissingCatalogException.sync-conflict-20251012-143452-6SA55L2.php","9/28/2025 11:41:53 PM","202"
"C:\Users\Shadow\Web-PDFTimeSaver\vendor\smalot\pdfparser\src\Smalot\PdfParser\Exception\MissingPdfHeaderException.sync-conflict-20251012-163518-6SA55L2.php","9/28/2025 11:41:53 PM","209"
"C:\Users\Shadow\Web-PDFTimeSaver\vendor\smalot\pdfparser\src\Smalot\PdfParser\Exception\MissingPdfHeaderException.php","9/28/2025 11:41:53 PM","209"
"C:\Users\Shadow\Web-PDFTimeSaver\vendor\smalot\pdfparser\src\Smalot\PdfParser\Exception\MissingPdfHeaderException.sync-conflict-20251012-143456-6SA55L2.php","9/28/2025 11:41:53 PM","209"
"C:\Users\Shadow\Web-PDFTimeSaver\vendor\smalot\pdfparser\src\Smalot\PdfParser\Exception\NotImplementedException.sync-conflict-20251012-163503-6SA55L2.php","9/28/2025 11:41:53 PM","224"
"C:\Users\Shadow\Web-PDFTimeSaver\vendor\smalot\pdfparser\src\Smalot\PdfParser\Exception\NotImplementedException.php","9/28/2025 11:41:53 PM","224"
"C:\Users\Shadow\Web-PDFTimeSaver\vendor\smalot\pdfparser\src\Smalot\PdfParser\Exception\NotImplementedException.sync-conflict-20251012-143450-6SA55L2.php","9/28/2025 11:41:53 PM","224"
"C:\Users\Shadow\Web-PDFTimeSaver\vendor\smalot\pdfparser\src\Smalot\PdfParser\Font.sync-conflict-20251012-163509-6SA55L2.php","9/28/2025 11:41:53 PM","25657"
"C:\Users\Shadow\Web-PDFTimeSaver\vendor\smalot\pdfparser\src\Smalot\PdfParser\Font.php","9/28/2025 11:41:53 PM","25657"
"C:\Users\Shadow\Web-PDFTimeSaver\vendor\smalot\pdfparser\src\Smalot\PdfParser\Font.sync-conflict-20251012-143452-6SA55L2.php","9/28/2025 11:41:53 PM","25657"
"C:\Users\Shadow\Web-PDFTimeSaver\vendor\smalot\pdfparser\src\Smalot\PdfParser\Font\FontCIDFontType0.php","9/28/2025 11:41:53 PM","1252"
"C:\Users\Shadow\Web-PDFTimeSaver\vendor\smalot\pdfparser\src\Smalot\PdfParser\Font\FontCIDFontType0.sync-conflict-20251012-163505-6SA55L2.php","9/28/2025 11:41:53 PM","1252"
"C:\Users\Shadow\Web-PDFTimeSaver\vendor\smalot\pdfparser\src\Smalot\PdfParser\Font\FontCIDFontType0.sync-conflict-20251012-143454-6SA55L2.php","9/28/2025 11:41:53 PM","1252"
"C:\Users\Shadow\Web-PDFTimeSaver\vendor\smalot\pdfparser\src\Smalot\PdfParser\Font\FontCIDFontType2.php","9/28/2025 11:41:53 PM","1252"
"C:\Users\Shadow\Web-PDFTimeSaver\vendor\smalot\pdfparser\src\Smalot\PdfParser\Font\FontCIDFontType2.sync-conflict-20251012-143452-6SA55L2.php","9/28/2025 11:41:53 PM","1252"
"C:\Users\Shadow\Web-PDFTimeSaver\vendor\smalot\pdfparser\src\Smalot\PdfParser\Font\FontCIDFontType2.sync-conflict-20251012-163511-6SA55L2.php","9/28/2025 11:41:53 PM","1252"
"C:\Users\Shadow\Web-PDFTimeSaver\vendor\smalot\pdfparser\src\Smalot\PdfParser\Font\FontTrueType.php","9/28/2025 11:41:53 PM","1244"
"C:\Users\Shadow\Web-PDFTimeSaver\vendor\smalot\pdfparser\src\Smalot\PdfParser\Font\FontTrueType.sync-conflict-20251012-143451-6SA55L2.php","9/28/2025 11:41:53 PM","1244"
"C:\Users\Shadow\Web-PDFTimeSaver\vendor\smalot\pdfparser\src\Smalot\PdfParser\Font\FontTrueType.sync-conflict-20251012-163509-6SA55L2.php","9/28/2025 11:41:53 PM","1244"
"C:\Users\Shadow\Web-PDFTimeSaver\vendor\smalot\pdfparser\src\Smalot\PdfParser\Font\FontType0.sync-conflict-20251012-163504-6SA55L2.php","9/28/2025 11:41:53 PM","1238"
"C:\Users\Shadow\Web-PDFTimeSaver\vendor\smalot\pdfparser\src\Smalot\PdfParser\Font\FontType0.sync-conflict-20251012-143456-6SA55L2.php","9/28/2025 11:41:53 PM","1238"
"C:\Users\Shadow\Web-PDFTimeSaver\vendor\smalot\pdfparser\src\Smalot\PdfParser\Font\FontType0.php","9/28/2025 11:41:53 PM","1238"
"C:\Users\Shadow\Web-PDFTimeSaver\vendor\smalot\pdfparser\src\Smalot\PdfParser\Font\FontType1.sync-conflict-20251012-143451-6SA55L2.php","9/28/2025 11:41:53 PM","1238"
"C:\Users\Shadow\Web-PDFTimeSaver\vendor\smalot\pdfparser\src\Smalot\PdfParser\Font\FontType1.sync-conflict-20251012-163508-6SA55L2.php","9/28/2025 11:41:53 PM","1238"
"C:\Users\Shadow\Web-PDFTimeSaver\vendor\smalot\pdfparser\src\Smalot\PdfParser\Font\FontType1.php","9/28/2025 11:41:53 PM","1238"
"C:\Users\Shadow\Web-PDFTimeSaver\vendor\smalot\pdfparser\src\Smalot\PdfParser\Font\FontType3.sync-conflict-20251012-163502-6SA55L2.php","9/28/2025 11:41:53 PM","1238"
"C:\Users\Shadow\Web-PDFTimeSaver\vendor\smalot\pdfparser\src\Smalot\PdfParser\Font\FontType3.sync-conflict-20251012-143454-6SA55L2.php","9/28/2025 11:41:53 PM","1238"
"C:\Users\Shadow\Web-PDFTimeSaver\vendor\smalot\pdfparser\src\Smalot\PdfParser\Font\FontType3.php","9/28/2025 11:41:53 PM","1238"
"C:\Users\Shadow\Web-PDFTimeSaver\vendor\smalot\pdfparser\src\Smalot\PdfParser\Header.php","9/28/2025 11:41:53 PM","5378"
"C:\Users\Shadow\Web-PDFTimeSaver\vendor\smalot\pdfparser\src\Smalot\PdfParser\Header.sync-conflict-20251012-163502-6SA55L2.php","9/28/2025 11:41:53 PM","5378"
"C:\Users\Shadow\Web-PDFTimeSaver\vendor\smalot\pdfparser\src\Smalot\PdfParser\Header.sync-conflict-20251012-143455-6SA55L2.php","9/28/2025 11:41:53 PM","5378"
"C:\Users\Shadow\Web-PDFTimeSaver\vendor\smalot\pdfparser\src\Smalot\PdfParser\PDFObject.php","9/28/2025 11:41:53 PM","49683"
"C:\Users\Shadow\Web-PDFTimeSaver\vendor\smalot\pdfparser\src\Smalot\PdfParser\PDFObject.sync-conflict-20251012-143451-6SA55L2.php","9/28/2025 11:41:53 PM","49683"
"C:\Users\Shadow\Web-PDFTimeSaver\vendor\smalot\pdfparser\src\Smalot\PdfParser\PDFObject.sync-conflict-20251012-163502-6SA55L2.php","9/28/2025 11:41:53 PM","49683"
"C:\Users\Shadow\Web-PDFTimeSaver\vendor\smalot\pdfparser\src\Smalot\PdfParser\Page.sync-conflict-20251012-143454-6SA55L2.php","9/28/2025 11:41:53 PM","39009"
"C:\Users\Shadow\Web-PDFTimeSaver\vendor\smalot\pdfparser\src\Smalot\PdfParser\Page.php","9/28/2025 11:41:53 PM","39009"
"C:\Users\Shadow\Web-PDFTimeSaver\vendor\smalot\pdfparser\src\Smalot\PdfParser\Page.sync-conflict-20251012-163504-6SA55L2.php","9/28/2025 11:41:53 PM","39009"
"C:\Users\Shadow\Web-PDFTimeSaver\vendor\smalot\pdfparser\src\Smalot\PdfParser\Pages.sync-conflict-20251012-163502-6SA55L2.php","9/28/2025 11:41:53 PM","3844"
"C:\Users\Shadow\Web-PDFTimeSaver\vendor\smalot\pdfparser\src\Smalot\PdfParser\Pages.php","9/28/2025 11:41:53 PM","3844"
"C:\Users\Shadow\Web-PDFTimeSaver\vendor\smalot\pdfparser\src\Smalot\PdfParser\Pages.sync-conflict-20251012-143456-6SA55L2.php","9/28/2025 11:41:53 PM","3844"
"C:\Users\Shadow\Web-PDFTimeSaver\vendor\smalot\pdfparser\src\Smalot\PdfParser\Parser.sync-conflict-20251012-163506-6SA55L2.php","9/28/2025 11:41:53 PM","11171"
"C:\Users\Shadow\Web-PDFTimeSaver\vendor\smalot\pdfparser\src\Smalot\PdfParser\Parser.sync-conflict-20251012-143456-6SA55L2.php","9/28/2025 11:41:53 PM","11171"
"C:\Users\Shadow\Web-PDFTimeSaver\vendor\smalot\pdfparser\src\Smalot\PdfParser\Parser.php","9/28/2025 11:41:53 PM","11171"
"C:\Users\Shadow\Web-PDFTimeSaver\vendor\smalot\pdfparser\src\Smalot\PdfParser\RawData\FilterHelper.sync-conflict-20251012-143452-6SA55L2.php","9/28/2025 11:41:53 PM","14622"
"C:\Users\Shadow\Web-PDFTimeSaver\vendor\smalot\pdfparser\src\Smalot\PdfParser\RawData\FilterHelper.php","9/28/2025 11:41:53 PM","14622"
"C:\Users\Shadow\Web-PDFTimeSaver\vendor\smalot\pdfparser\src\Smalot\PdfParser\RawData\FilterHelper.sync-conflict-20251012-163504-6SA55L2.php","9/28/2025 11:41:53 PM","14622"
"C:\Users\Shadow\Web-PDFTimeSaver\vendor\smalot\pdfparser\src\Smalot\PdfParser\RawData\RawDataParser.sync-conflict-20251012-163504-6SA55L2.php","9/28/2025 11:41:53 PM","41316"
"C:\Users\Shadow\Web-PDFTimeSaver\vendor\smalot\pdfparser\src\Smalot\PdfParser\RawData\RawDataParser.sync-conflict-20251012-143455-6SA55L2.php","9/28/2025 11:41:53 PM","41316"
"C:\Users\Shadow\Web-PDFTimeSaver\vendor\smalot\pdfparser\src\Smalot\PdfParser\RawData\RawDataParser.php","9/28/2025 11:41:53 PM","41316"
"C:\Users\Shadow\Web-PDFTimeSaver\vendor\smalot\pdfparser\src\Smalot\PdfParser\XObject\Form.sync-conflict-20251012-163515-6SA55L2.php","9/28/2025 11:41:53 PM","1555"
"C:\Users\Shadow\Web-PDFTimeSaver\vendor\smalot\pdfparser\src\Smalot\PdfParser\XObject\Form.sync-conflict-20251012-143455-6SA55L2.php","9/28/2025 11:41:53 PM","1555"
"C:\Users\Shadow\Web-PDFTimeSaver\vendor\smalot\pdfparser\src\Smalot\PdfParser\XObject\Form.php","9/28/2025 11:41:53 PM","1555"
"C:\Users\Shadow\Web-PDFTimeSaver\vendor\smalot\pdfparser\src\Smalot\PdfParser\XObject\Image.sync-conflict-20251012-163503-6SA55L2.php","9/28/2025 11:41:53 PM","1362"
"C:\Users\Shadow\Web-PDFTimeSaver\vendor\smalot\pdfparser\src\Smalot\PdfParser\XObject\Image.sync-conflict-20251012-143456-6SA55L2.php","9/28/2025 11:41:53 PM","1362"
"C:\Users\Shadow\Web-PDFTimeSaver\vendor\smalot\pdfparser\src\Smalot\PdfParser\XObject\Image.php","9/28/2025 11:41:53 PM","1362"
"C:\Users\Shadow\Web-PDFTimeSaver\vendor\smalot\pdfparser\tests\AltAutoloading\AltAutoloadCheck.sync-conflict-20251012-163502-6SA55L2.php","9/28/2025 11:41:53 PM","1565"
"C:\Users\Shadow\Web-PDFTimeSaver\vendor\smalot\pdfparser\tests\AltAutoloading\AltAutoloadCheck.sync-conflict-20251012-143452-6SA55L2.php","9/28/2025 11:41:53 PM","1565"
"C:\Users\Shadow\Web-PDFTimeSaver\vendor\smalot\pdfparser\tests\AltAutoloading\AltAutoloadCheck.php","9/28/2025 11:41:53 PM","1565"
"C:\Users\Shadow\Web-PDFTimeSaver\vendor\smalot\pdfparser\tests\PHPUnit\Integration\ConfigTest.sync-conflict-20251012-163515-6SA55L2.php","9/28/2025 11:41:53 PM","1857"
"C:\Users\Shadow\Web-PDFTimeSaver\vendor\smalot\pdfparser\tests\PHPUnit\Integration\ConfigTest.sync-conflict-20251012-143454-6SA55L2.php","9/28/2025 11:41:53 PM","1857"
"C:\Users\Shadow\Web-PDFTimeSaver\vendor\smalot\pdfparser\tests\PHPUnit\Integration\ConfigTest.php","9/28/2025 11:41:53 PM","1857"
"C:\Users\Shadow\Web-PDFTimeSaver\vendor\smalot\pdfparser\tests\PHPUnit\Integration\DocumentGeneratorFocusTest.sync-conflict-20251012-163502-6SA55L2.php","9/28/2025 11:41:53 PM","7708"
"C:\Users\Shadow\Web-PDFTimeSaver\vendor\smalot\pdfparser\tests\PHPUnit\Integration\DocumentGeneratorFocusTest.sync-conflict-20251012-143456-6SA55L2.php","9/28/2025 11:41:53 PM","7708"
"C:\Users\Shadow\Web-PDFTimeSaver\vendor\smalot\pdfparser\tests\PHPUnit\Integration\DocumentGeneratorFocusTest.php","9/28/2025 11:41:53 PM","7708"
"C:\Users\Shadow\Web-PDFTimeSaver\vendor\smalot\pdfparser\tests\PHPUnit\Integration\DocumentIssueFocusTest.sync-conflict-20251012-163500-6SA55L2.php","9/28/2025 11:41:53 PM","4335"
"C:\Users\Shadow\Web-PDFTimeSaver\vendor\smalot\pdfparser\tests\PHPUnit\Integration\DocumentIssueFocusTest.sync-conflict-20251012-143450-6SA55L2.php","9/28/2025 11:41:53 PM","4335"
"C:\Users\Shadow\Web-PDFTimeSaver\vendor\smalot\pdfparser\tests\PHPUnit\Integration\DocumentIssueFocusTest.php","9/28/2025 11:41:53 PM","4335"
"C:\Users\Shadow\Web-PDFTimeSaver\vendor\smalot\pdfparser\tests\PHPUnit\Integration\DocumentTest.sync-conflict-20251012-163507-6SA55L2.php","9/28/2025 11:41:53 PM","9908"
"C:\Users\Shadow\Web-PDFTimeSaver\vendor\smalot\pdfparser\tests\PHPUnit\Integration\DocumentTest.sync-conflict-20251012-143451-6SA55L2.php","9/28/2025 11:41:53 PM","9908"
"C:\Users\Shadow\Web-PDFTimeSaver\vendor\smalot\pdfparser\tests\PHPUnit\Integration\DocumentTest.php","9/28/2025 11:41:53 PM","9908"
"C:\Users\Shadow\Web-PDFTimeSaver\vendor\smalot\pdfparser\tests\PHPUnit\Integration\Element\ElementArrayTest.php","9/28/2025 11:41:53 PM","6203"
"C:\Users\Shadow\Web-PDFTimeSaver\vendor\smalot\pdfparser\tests\PHPUnit\Integration\Element\ElementArrayTest.sync-conflict-20251012-143456-6SA55L2.php","9/28/2025 11:41:53 PM","6203"
"C:\Users\Shadow\Web-PDFTimeSaver\vendor\smalot\pdfparser\tests\PHPUnit\Integration\Element\ElementArrayTest.sync-conflict-20251012-163504-6SA55L2.php","9/28/2025 11:41:53 PM","6203"
"C:\Users\Shadow\Web-PDFTimeSaver\vendor\smalot\pdfparser\tests\PHPUnit\Integration\Element\ElementBooleanTest.sync-conflict-20251012-163515-6SA55L2.php","9/28/2025 11:41:53 PM","4983"
"C:\Users\Shadow\Web-PDFTimeSaver\vendor\smalot\pdfparser\tests\PHPUnit\Integration\Element\ElementBooleanTest.sync-conflict-20251012-143455-6SA55L2.php","9/28/2025 11:41:53 PM","4983"
"C:\Users\Shadow\Web-PDFTimeSaver\vendor\smalot\pdfparser\tests\PHPUnit\Integration\Element\ElementBooleanTest.php","9/28/2025 11:41:53 PM","4983"
"C:\Users\Shadow\Web-PDFTimeSaver\vendor\smalot\pdfparser\tests\PHPUnit\Integration\Element\ElementDateTest.sync-conflict-20251012-163514-6SA55L2.php","9/28/2025 11:41:53 PM","7066"
"C:\Users\Shadow\Web-PDFTimeSaver\vendor\smalot\pdfparser\tests\PHPUnit\Integration\Element\ElementDateTest.php","9/28/2025 11:41:53 PM","7066"
"C:\Users\Shadow\Web-PDFTimeSaver\vendor\smalot\pdfparser\tests\PHPUnit\Integration\Element\ElementDateTest.sync-conflict-20251012-143455-6SA55L2.php","9/28/2025 11:41:53 PM","7066"
"C:\Users\Shadow\Web-PDFTimeSaver\vendor\smalot\pdfparser\tests\PHPUnit\Integration\Element\ElementHexaTest.sync-conflict-20251012-163515-6SA55L2.php","9/28/2025 11:41:53 PM","5393"
"C:\Users\Shadow\Web-PDFTimeSaver\vendor\smalot\pdfparser\tests\PHPUnit\Integration\Element\ElementHexaTest.php","9/28/2025 11:41:53 PM","5393"
"C:\Users\Shadow\Web-PDFTimeSaver\vendor\smalot\pdfparser\tests\PHPUnit\Integration\Element\ElementHexaTest.sync-conflict-20251012-143452-6SA55L2.php","9/28/2025 11:41:53 PM","5393"
"C:\Users\Shadow\Web-PDFTimeSaver\vendor\smalot\pdfparser\tests\PHPUnit\Integration\Element\ElementMissingTest.sync-conflict-20251012-163500-6SA55L2.php","9/28/2025 11:41:53 PM","2281"
"C:\Users\Shadow\Web-PDFTimeSaver\vendor\smalot\pdfparser\tests\PHPUnit\Integration\Element\ElementMissingTest.php","9/28/2025 11:41:53 PM","2281"
"C:\Users\Shadow\Web-PDFTimeSaver\vendor\smalot\pdfparser\tests\PHPUnit\Integration\Element\ElementMissingTest.sync-conflict-20251012-143451-6SA55L2.php","9/28/2025 11:41:53 PM","2281"
"C:\Users\Shadow\Web-PDFTimeSaver\vendor\smalot\pdfparser\tests\PHPUnit\Integration\Element\ElementNameTest.sync-conflict-20251012-163513-6SA55L2.php","9/28/2025 11:41:53 PM","6146"
"C:\Users\Shadow\Web-PDFTimeSaver\vendor\smalot\pdfparser\tests\PHPUnit\Integration\Element\ElementNameTest.php","9/28/2025 11:41:53 PM","6146"
"C:\Users\Shadow\Web-PDFTimeSaver\vendor\smalot\pdfparser\tests\PHPUnit\Integration\Element\ElementNameTest.sync-conflict-20251012-143451-6SA55L2.php","9/28/2025 11:41:53 PM","6146"
"C:\Users\Shadow\Web-PDFTimeSaver\vendor\smalot\pdfparser\tests\PHPUnit\Integration\Element\ElementNullTest.sync-conflict-20251012-163500-6SA55L2.php","9/28/2025 11:41:53 PM","4298"
"C:\Users\Shadow\Web-PDFTimeSaver\vendor\smalot\pdfparser\tests\PHPUnit\Integration\Element\ElementNullTest.php","9/28/2025 11:41:53 PM","4298"
"C:\Users\Shadow\Web-PDFTimeSaver\vendor\smalot\pdfparser\tests\PHPUnit\Integration\Element\ElementNullTest.sync-conflict-20251012-143456-6SA55L2.php","9/28/2025 11:41:53 PM","4298"
"C:\Users\Shadow\Web-PDFTimeSaver\vendor\smalot\pdfparser\tests\PHPUnit\Integration\Element\ElementNumericTest.sync-conflict-20251012-163503-6SA55L2.php","9/28/2025 11:41:53 PM","6982"
"C:\Users\Shadow\Web-PDFTimeSaver\vendor\smalot\pdfparser\tests\PHPUnit\Integration\Element\ElementNumericTest.php","9/28/2025 11:41:53 PM","6982"
"C:\Users\Shadow\Web-PDFTimeSaver\vendor\smalot\pdfparser\tests\PHPUnit\Integration\Element\ElementNumericTest.sync-conflict-20251012-143453-6SA55L2.php","9/28/2025 11:41:53 PM","6982"
"C:\Users\Shadow\Web-PDFTimeSaver\vendor\smalot\pdfparser\tests\PHPUnit\Integration\Element\ElementStringTest.php","9/28/2025 11:41:53 PM","6212"
"C:\Users\Shadow\Web-PDFTimeSaver\vendor\smalot\pdfparser\tests\PHPUnit\Integration\Element\ElementStringTest.sync-conflict-20251012-163508-6SA55L2.php","9/28/2025 11:41:53 PM","6212"
"C:\Users\Shadow\Web-PDFTimeSaver\vendor\smalot\pdfparser\tests\PHPUnit\Integration\Element\ElementStringTest.sync-conflict-20251012-143454-6SA55L2.php","9/28/2025 11:41:53 PM","6212"
"C:\Users\Shadow\Web-PDFTimeSaver\vendor\smalot\pdfparser\tests\PHPUnit\Integration\Element\ElementStructTest.sync-conflict-20251012-143451-6SA55L2.php","9/28/2025 11:41:53 PM","3367"
"C:\Users\Shadow\Web-PDFTimeSaver\vendor\smalot\pdfparser\tests\PHPUnit\Integration\Element\ElementStructTest.sync-conflict-20251012-163504-6SA55L2.php","9/28/2025 11:41:53 PM","3367"
"C:\Users\Shadow\Web-PDFTimeSaver\vendor\smalot\pdfparser\tests\PHPUnit\Integration\Element\ElementStructTest.php","9/28/2025 11:41:53 PM","3367"
"C:\Users\Shadow\Web-PDFTimeSaver\vendor\smalot\pdfparser\tests\PHPUnit\Integration\Element\ElementXRefTest.sync-conflict-20251012-163514-6SA55L2.php","9/28/2025 11:41:53 PM","4435"
"C:\Users\Shadow\Web-PDFTimeSaver\vendor\smalot\pdfparser\tests\PHPUnit\Integration\Element\ElementXRefTest.sync-conflict-20251012-143454-6SA55L2.php","9/28/2025 11:41:53 PM","4435"
"C:\Users\Shadow\Web-PDFTimeSaver\vendor\smalot\pdfparser\tests\PHPUnit\Integration\Element\ElementXRefTest.php","9/28/2025 11:41:53 PM","4435"
"C:\Users\Shadow\Web-PDFTimeSaver\vendor\smalot\pdfparser\tests\PHPUnit\Integration\ElementTest.sync-conflict-20251012-143454-6SA55L2.php","9/28/2025 11:41:53 PM","6214"
"C:\Users\Shadow\Web-PDFTimeSaver\vendor\smalot\pdfparser\tests\PHPUnit\Integration\ElementTest.php","9/28/2025 11:41:53 PM","6214"
"C:\Users\Shadow\Web-PDFTimeSaver\vendor\smalot\pdfparser\tests\PHPUnit\Integration\ElementTest.sync-conflict-20251012-163509-6SA55L2.php","9/28/2025 11:41:53 PM","6214"
"C:\Users\Shadow\Web-PDFTimeSaver\vendor\smalot\pdfparser\tests\PHPUnit\Integration\EncodingTest.php","9/28/2025 11:41:53 PM","4415"
"C:\Users\Shadow\Web-PDFTimeSaver\vendor\smalot\pdfparser\tests\PHPUnit\Integration\EncodingTest.sync-conflict-20251012-143457-6SA55L2.php","9/28/2025 11:41:53 PM","4415"
"C:\Users\Shadow\Web-PDFTimeSaver\vendor\smalot\pdfparser\tests\PHPUnit\Integration\EncodingTest.sync-conflict-20251012-163508-6SA55L2.php","9/28/2025 11:41:53 PM","4415"
"C:\Users\Shadow\Web-PDFTimeSaver\vendor\smalot\pdfparser\tests\PHPUnit\Integration\FontTest.sync-conflict-20251012-143452-6SA55L2.php","9/28/2025 11:41:53 PM","23229"
"C:\Users\Shadow\Web-PDFTimeSaver\vendor\smalot\pdfparser\tests\PHPUnit\Integration\FontTest.sync-conflict-20251012-163510-6SA55L2.php","9/28/2025 11:41:53 PM","23229"
"C:\Users\Shadow\Web-PDFTimeSaver\vendor\smalot\pdfparser\tests\PHPUnit\Integration\FontTest.php","9/28/2025 11:41:53 PM","23229"
"C:\Users\Shadow\Web-PDFTimeSaver\vendor\smalot\pdfparser\tests\PHPUnit\Integration\HeaderTest.sync-conflict-20251012-163510-6SA55L2.php","9/28/2025 11:41:53 PM","6657"
"C:\Users\Shadow\Web-PDFTimeSaver\vendor\smalot\pdfparser\tests\PHPUnit\Integration\HeaderTest.sync-conflict-20251012-143456-6SA55L2.php","9/28/2025 11:41:53 PM","6657"
"C:\Users\Shadow\Web-PDFTimeSaver\vendor\smalot\pdfparser\tests\PHPUnit\Integration\HeaderTest.php","9/28/2025 11:41:53 PM","6657"
"C:\Users\Shadow\Web-PDFTimeSaver\vendor\smalot\pdfparser\tests\PHPUnit\Integration\PDFObjectTest.sync-conflict-20251012-143451-6SA55L2.php","9/28/2025 11:41:53 PM","18308"
"C:\Users\Shadow\Web-PDFTimeSaver\vendor\smalot\pdfparser\tests\PHPUnit\Integration\PDFObjectTest.php","9/28/2025 11:41:53 PM","18308"
"C:\Users\Shadow\Web-PDFTimeSaver\vendor\smalot\pdfparser\tests\PHPUnit\Integration\PDFObjectTest.sync-conflict-20251012-163503-6SA55L2.php","9/28/2025 11:41:53 PM","18308"
"C:\Users\Shadow\Web-PDFTimeSaver\vendor\smalot\pdfparser\tests\PHPUnit\Integration\PageTest.sync-conflict-20251012-163510-6SA55L2.php","9/28/2025 11:41:53 PM","34784"
"C:\Users\Shadow\Web-PDFTimeSaver\vendor\smalot\pdfparser\tests\PHPUnit\Integration\PageTest.php","9/28/2025 11:41:53 PM","34784"
"C:\Users\Shadow\Web-PDFTimeSaver\vendor\smalot\pdfparser\tests\PHPUnit\Integration\PageTest.sync-conflict-20251012-143451-6SA55L2.php","9/28/2025 11:41:53 PM","34784"
"C:\Users\Shadow\Web-PDFTimeSaver\vendor\smalot\pdfparser\tests\PHPUnit\Integration\PagesTest.php","9/28/2025 11:41:53 PM","3371"
"C:\Users\Shadow\Web-PDFTimeSaver\vendor\smalot\pdfparser\tests\PHPUnit\Integration\PagesTest.sync-conflict-20251012-143456-6SA55L2.php","9/28/2025 11:41:53 PM","3371"
"C:\Users\Shadow\Web-PDFTimeSaver\vendor\smalot\pdfparser\tests\PHPUnit\Integration\PagesTest.sync-conflict-20251012-163511-6SA55L2.php","9/28/2025 11:41:53 PM","3371"
"C:\Users\Shadow\Web-PDFTimeSaver\vendor\smalot\pdfparser\tests\PHPUnit\Integration\ParserTest.php","9/28/2025 11:41:53 PM","18507"
"C:\Users\Shadow\Web-PDFTimeSaver\vendor\smalot\pdfparser\tests\PHPUnit\Integration\ParserTest.sync-conflict-20251012-143454-6SA55L2.php","9/28/2025 11:41:53 PM","18507"
"C:\Users\Shadow\Web-PDFTimeSaver\vendor\smalot\pdfparser\tests\PHPUnit\Integration\ParserTest.sync-conflict-20251012-163507-6SA55L2.php","9/28/2025 11:41:53 PM","18507"
"C:\Users\Shadow\Web-PDFTimeSaver\vendor\smalot\pdfparser\tests\PHPUnit\Integration\RawData\FilterHelperTest.php","9/28/2025 11:41:53 PM","6498"
"C:\Users\Shadow\Web-PDFTimeSaver\vendor\smalot\pdfparser\tests\PHPUnit\Integration\RawData\FilterHelperTest.sync-conflict-20251012-143454-6SA55L2.php","9/28/2025 11:41:53 PM","6498"
"C:\Users\Shadow\Web-PDFTimeSaver\vendor\smalot\pdfparser\tests\PHPUnit\Integration\RawData\FilterHelperTest.sync-conflict-20251012-163503-6SA55L2.php","9/28/2025 11:41:53 PM","6498"
"C:\Users\Shadow\Web-PDFTimeSaver\vendor\smalot\pdfparser\tests\PHPUnit\Integration\RawData\RawDataParserTest.php","9/28/2025 11:41:53 PM","7671"
"C:\Users\Shadow\Web-PDFTimeSaver\vendor\smalot\pdfparser\tests\PHPUnit\Integration\RawData\RawDataParserTest.sync-conflict-20251012-163510-6SA55L2.php","9/28/2025 11:41:53 PM","7671"
"C:\Users\Shadow\Web-PDFTimeSaver\vendor\smalot\pdfparser\tests\PHPUnit\Integration\RawData\RawDataParserTest.sync-conflict-20251012-143455-6SA55L2.php","9/28/2025 11:41:53 PM","7671"
"C:\Users\Shadow\Web-PDFTimeSaver\vendor\smalot\pdfparser\tests\PHPUnit\TestCase.php","9/28/2025 11:41:53 PM","2019"
"C:\Users\Shadow\Web-PDFTimeSaver\vendor\smalot\pdfparser\tests\PHPUnit\TestCase.sync-conflict-20251012-143451-6SA55L2.php","9/28/2025 11:41:53 PM","2019"
"C:\Users\Shadow\Web-PDFTimeSaver\vendor\smalot\pdfparser\tests\PHPUnit\TestCase.sync-conflict-20251012-163500-6SA55L2.php","9/28/2025 11:41:53 PM","2019"
"C:\Users\Shadow\Web-PDFTimeSaver\vendor\smalot\pdfparser\tests\PHPUnit\Unit\ConfigTest.sync-conflict-20251012-163510-6SA55L2.php","9/28/2025 11:41:53 PM","2387"
"C:\Users\Shadow\Web-PDFTimeSaver\vendor\smalot\pdfparser\tests\PHPUnit\Unit\ConfigTest.sync-conflict-20251012-143455-6SA55L2.php","9/28/2025 11:41:53 PM","2387"
"C:\Users\Shadow\Web-PDFTimeSaver\vendor\smalot\pdfparser\tests\PHPUnit\Unit\ConfigTest.php","9/28/2025 11:41:53 PM","2387"
"C:\Users\Shadow\Web-PDFTimeSaver\vendor\smalot\pdfparser\tests\PHPUnit\Unit\DocumentTest.sync-conflict-20251012-163507-6SA55L2.php","9/28/2025 11:41:53 PM","347"
"C:\Users\Shadow\Web-PDFTimeSaver\vendor\smalot\pdfparser\tests\PHPUnit\Unit\DocumentTest.sync-conflict-20251012-143453-6SA55L2.php","9/28/2025 11:41:53 PM","347"
"C:\Users\Shadow\Web-PDFTimeSaver\vendor\smalot\pdfparser\tests\PHPUnit\Unit\DocumentTest.php","9/28/2025 11:41:53 PM","347"
"C:\Users\Shadow\Web-PDFTimeSaver\vendor\smalot\pdfparser\tests\PHPUnit\Unit\EncodingTest.sync-conflict-20251012-163507-6SA55L2.php","9/28/2025 11:41:53 PM","395"
"C:\Users\Shadow\Web-PDFTimeSaver\vendor\smalot\pdfparser\tests\PHPUnit\Unit\EncodingTest.sync-conflict-20251012-143455-6SA55L2.php","9/28/2025 11:41:53 PM","395"
"C:\Users\Shadow\Web-PDFTimeSaver\vendor\smalot\pdfparser\tests\PHPUnit\Unit\EncodingTest.php","9/28/2025 11:41:53 PM","395"
"C:\Users\Shadow\Web-PDFTimeSaver\vendor\smalot\pdfparser\tests\PHPUnit\Unit\FontTest.sync-conflict-20251012-163502-6SA55L2.php","9/28/2025 11:41:53 PM","2230"
"C:\Users\Shadow\Web-PDFTimeSaver\vendor\smalot\pdfparser\tests\PHPUnit\Unit\FontTest.sync-conflict-20251012-143451-6SA55L2.php","9/28/2025 11:41:53 PM","2230"
"C:\Users\Shadow\Web-PDFTimeSaver\vendor\smalot\pdfparser\tests\PHPUnit\Unit\FontTest.php","9/28/2025 11:41:53 PM","2230"
"C:\Users\Shadow\Web-PDFTimeSaver\vendor\smalot\pdfparser\tests\PHPUnit\Unit\PDFObjectTest.sync-conflict-20251012-163509-6SA55L2.php","9/28/2025 11:41:53 PM","1945"
"C:\Users\Shadow\Web-PDFTimeSaver\vendor\smalot\pdfparser\tests\PHPUnit\Unit\PDFObjectTest.sync-conflict-20251012-143453-6SA55L2.php","9/28/2025 11:41:53 PM","1945"
"C:\Users\Shadow\Web-PDFTimeSaver\vendor\smalot\pdfparser\tests\PHPUnit\Unit\PDFObjectTest.php","9/28/2025 11:41:53 PM","1945"
"C:\Users\Shadow\Web-PDFTimeSaver\vendor\smalot\pdfparser\tests\Performance\AbstractPerformanceTest.sync-conflict-20251012-163508-6SA55L2.php","9/28/2025 11:41:53 PM","441"
"C:\Users\Shadow\Web-PDFTimeSaver\vendor\smalot\pdfparser\tests\Performance\AbstractPerformanceTest.sync-conflict-20251012-143451-6SA55L2.php","9/28/2025 11:41:53 PM","441"
"C:\Users\Shadow\Web-PDFTimeSaver\vendor\smalot\pdfparser\tests\Performance\AbstractPerformanceTest.php","9/28/2025 11:41:53 PM","441"
"C:\Users\Shadow\Web-PDFTimeSaver\vendor\smalot\pdfparser\tests\Performance\Exception\PerformanceFailException.php","9/28/2025 11:41:53 PM","107"
"C:\Users\Shadow\Web-PDFTimeSaver\vendor\smalot\pdfparser\tests\Performance\Exception\PerformanceFailException.sync-conflict-20251012-143451-6SA55L2.php","9/28/2025 11:41:53 PM","107"
"C:\Users\Shadow\Web-PDFTimeSaver\vendor\smalot\pdfparser\tests\Performance\Exception\PerformanceFailException.sync-conflict-20251012-163501-6SA55L2.php","9/28/2025 11:41:53 PM","107"
"C:\Users\Shadow\Web-PDFTimeSaver\vendor\smalot\pdfparser\tests\Performance\Test\DocumentDictionaryCacheTest.sync-conflict-20251012-143453-6SA55L2.php","9/28/2025 11:41:53 PM","2566"
"C:\Users\Shadow\Web-PDFTimeSaver\vendor\smalot\pdfparser\tests\Performance\Test\DocumentDictionaryCacheTest.php","9/28/2025 11:41:53 PM","2566"
"C:\Users\Shadow\Web-PDFTimeSaver\vendor\smalot\pdfparser\tests\Performance\Test\DocumentDictionaryCacheTest.sync-conflict-20251012-163503-6SA55L2.php","9/28/2025 11:41:53 PM","2566"
"C:\Users\Shadow\Web-PDFTimeSaver\vendor\smalot\pdfparser\tests\Performance\runPerformanceTests.sync-conflict-20251012-163505-6SA55L2.php","9/28/2025 11:41:53 PM","762"
"C:\Users\Shadow\Web-PDFTimeSaver\vendor\smalot\pdfparser\tests\Performance\runPerformanceTests.sync-conflict-20251012-143456-6SA55L2.php","9/28/2025 11:41:53 PM","762"
"C:\Users\Shadow\Web-PDFTimeSaver\vendor\smalot\pdfparser\tests\Performance\runPerformanceTests.php","9/28/2025 11:41:53 PM","762"
"C:\Users\Shadow\Web-PDFTimeSaver\vendor\composer\installed.sync-conflict-20251012-143451-6SA55L2.json","9/28/2025 11:41:54 PM","9856"
"C:\Users\Shadow\Web-PDFTimeSaver\vendor\composer\installed.sync-conflict-20251012-163517-6SA55L2.json","9/28/2025 11:41:54 PM","9856"
"C:\Users\Shadow\Web-PDFTimeSaver\vendor\composer\autoload_namespaces.php","9/28/2025 11:41:54 PM","213"
"C:\Users\Shadow\Web-PDFTimeSaver\vendor\composer\autoload_namespaces.sync-conflict-20251012-163500-6SA55L2.php","9/28/2025 11:41:54 PM","213"
"C:\Users\Shadow\Web-PDFTimeSaver\vendor\composer\autoload_namespaces.sync-conflict-20251012-143456-6SA55L2.php","9/28/2025 11:41:54 PM","213"
"C:\Users\Shadow\Web-PDFTimeSaver\vendor\composer\autoload_psr4.sync-conflict-20251012-163508-6SA55L2.php","9/28/2025 11:41:54 PM","326"
"C:\Users\Shadow\Web-PDFTimeSaver\vendor\composer\autoload_psr4.sync-conflict-20251012-143451-6SA55L2.php","9/28/2025 11:41:54 PM","326"
"C:\Users\Shadow\Web-PDFTimeSaver\vendor\composer\autoload_files.sync-conflict-20251012-143457-6SA55L2.php","9/28/2025 11:41:54 PM","233"
"C:\Users\Shadow\Web-PDFTimeSaver\vendor\composer\autoload_files.sync-conflict-20251012-163503-6SA55L2.php","9/28/2025 11:41:54 PM","233"
"C:\Users\Shadow\Web-PDFTimeSaver\vendor\composer\autoload_static.sync-conflict-20251012-163514-6SA55L2.php","9/28/2025 11:41:54 PM","2059"
"C:\Users\Shadow\Web-PDFTimeSaver\vendor\composer\autoload_static.sync-conflict-20251012-143456-6SA55L2.php","9/28/2025 11:41:54 PM","2059"
"C:\Users\Shadow\Web-PDFTimeSaver\vendor\composer\platform_check.php","9/28/2025 11:41:54 PM","917"
"C:\Users\Shadow\Web-PDFTimeSaver\vendor\composer\platform_check.sync-conflict-20251012-143451-6SA55L2.php","9/28/2025 11:41:54 PM","917"
"C:\Users\Shadow\Web-PDFTimeSaver\vendor\composer\platform_check.sync-conflict-20251012-163506-6SA55L2.php","9/28/2025 11:41:54 PM","917"
"C:\Users\Shadow\Web-PDFTimeSaver\vendor\composer\autoload_real.php","9/28/2025 11:41:54 PM","1672"
"C:\Users\Shadow\Web-PDFTimeSaver\vendor\composer\autoload_real.sync-conflict-20251012-163513-6SA55L2.php","9/28/2025 11:41:54 PM","1672"
"C:\Users\Shadow\Web-PDFTimeSaver\vendor\composer\autoload_real.sync-conflict-20251012-143452-6SA55L2.php","9/28/2025 11:41:54 PM","1672"
"C:\Users\Shadow\Web-PDFTimeSaver\output\mvp_20250929_084242_t_fl105_gc120.sync-conflict-20251012-143451-6SA55L2.pdf","9/28/2025 11:42:42 PM","1703"
"C:\Users\Shadow\Web-PDFTimeSaver\output\mvp_20250929_084242_t_fl105_gc120.pdf","9/28/2025 11:42:42 PM","1703"
"C:\Users\Shadow\Web-PDFTimeSaver\output\mvp_20250929_084242_t_fl105_gc120.sync-conflict-20251012-163503-6SA55L2.pdf","9/28/2025 11:42:42 PM","1703"
"C:\Users\Shadow\Web-PDFTimeSaver\output\mvp_20250929_085550_t_fl105_gc120.pdf","9/28/2025 11:55:50 PM","1703"
"C:\Users\Shadow\Web-PDFTimeSaver\output\mvp_20250929_085550_t_fl105_gc120.sync-conflict-20251012-143452-6SA55L2.pdf","9/28/2025 11:55:50 PM","1703"
"C:\Users\Shadow\Web-PDFTimeSaver\output\mvp_20250929_085550_t_fl105_gc120.sync-conflict-20251012-163504-6SA55L2.pdf","9/28/2025 11:55:50 PM","1703"
"C:\Users\Shadow\Web-PDFTimeSaver\output\mvp_20250929_100212_t_fl105_gc120.sync-conflict-20251012-163510-6SA55L2.pdf","9/29/2025 1:02:12 AM","1703"
"C:\Users\Shadow\Web-PDFTimeSaver\output\mvp_20250929_100212_t_fl105_gc120.pdf","9/29/2025 1:02:12 AM","1703"
"C:\Users\Shadow\Web-PDFTimeSaver\output\mvp_20250929_100212_t_fl105_gc120.sync-conflict-20251012-143451-6SA55L2.pdf","9/29/2025 1:02:12 AM","1703"
"C:\Users\Shadow\Web-PDFTimeSaver\output\signed_mvp_20250929_100313_t_fl105_gc120.sync-conflict-20251012-163509-6SA55L2.pdf","9/29/2025 1:03:13 AM","1572"
"C:\Users\Shadow\Web-PDFTimeSaver\output\signed_mvp_20250929_100313_t_fl105_gc120.pdf","9/29/2025 1:03:13 AM","1572"
"C:\Users\Shadow\Web-PDFTimeSaver\output\signed_mvp_20250929_100313_t_fl105_gc120.sync-conflict-20251012-143453-6SA55L2.pdf","9/29/2025 1:03:13 AM","1572"
"C:\Users\Shadow\Web-PDFTimeSaver\output\mvp_20250929_100313_t_fl105_gc120.pdf","9/29/2025 1:03:13 AM","1703"
"C:\Users\Shadow\Web-PDFTimeSaver\output\mvp_20250929_100313_t_fl105_gc120.sync-conflict-20251012-143450-6SA55L2.pdf","9/29/2025 1:03:13 AM","1703"
"C:\Users\Shadow\Web-PDFTimeSaver\output\mvp_20250929_100313_t_fl105_gc120.sync-conflict-20251012-163513-6SA55L2.pdf","9/29/2025 1:03:13 AM","1703"
"C:\Users\Shadow\Web-PDFTimeSaver\output\signed_mvp_20250929_100442_t_fl105_gc120.sync-conflict-20251012-163515-6SA55L2.pdf","9/29/2025 1:04:42 AM","1572"
"C:\Users\Shadow\Web-PDFTimeSaver\output\signed_mvp_20250929_100442_t_fl105_gc120.pdf","9/29/2025 1:04:42 AM","1572"
"C:\Users\Shadow\Web-PDFTimeSaver\output\signed_mvp_20250929_100442_t_fl105_gc120.sync-conflict-20251012-143456-6SA55L2.pdf","9/29/2025 1:04:42 AM","1572"
"C:\Users\Shadow\Web-PDFTimeSaver\output\mvp_20250929_100442_t_fl105_gc120.sync-conflict-20251012-163501-6SA55L2.pdf","9/29/2025 1:04:42 AM","1703"
"C:\Users\Shadow\Web-PDFTimeSaver\output\mvp_20250929_100442_t_fl105_gc120.pdf","9/29/2025 1:04:42 AM","1703"
"C:\Users\Shadow\Web-PDFTimeSaver\output\mvp_20250929_100442_t_fl105_gc120.sync-conflict-20251012-143453-6SA55L2.pdf","9/29/2025 1:04:42 AM","1703"
"C:\Users\Shadow\Web-PDFTimeSaver\output\mvp_20250929_100731_t_fl105_gc120.sync-conflict-20251012-163515-6SA55L2.pdf","9/29/2025 1:07:31 AM","1654"
"C:\Users\Shadow\Web-PDFTimeSaver\output\mvp_20250929_100731_t_fl105_gc120.pdf","9/29/2025 1:07:31 AM","1654"
"C:\Users\Shadow\Web-PDFTimeSaver\output\mvp_20250929_100731_t_fl105_gc120.sync-conflict-20251012-143451-6SA55L2.pdf","9/29/2025 1:07:31 AM","1654"
"C:\Users\Shadow\Web-PDFTimeSaver\output\signed_mvp_20250929_100731_t_fl105_gc120.pdf","9/29/2025 1:07:31 AM","1572"
"C:\Users\Shadow\Web-PDFTimeSaver\output\signed_mvp_20250929_100731_t_fl105_gc120.sync-conflict-20251012-163501-6SA55L2.pdf","9/29/2025 1:07:31 AM","1572"
"C:\Users\Shadow\Web-PDFTimeSaver\output\signed_mvp_20250929_100731_t_fl105_gc120.sync-conflict-20251012-143455-6SA55L2.pdf","9/29/2025 1:07:31 AM","1572"
"C:\Users\Shadow\Web-PDFTimeSaver\output\mvp_20250929_101434_t_fl105_gc120.pdf","9/29/2025 1:14:34 AM","1654"
"C:\Users\Shadow\Web-PDFTimeSaver\output\mvp_20250929_101434_t_fl105_gc120.sync-conflict-20251012-163506-6SA55L2.pdf","9/29/2025 1:14:34 AM","1654"
"C:\Users\Shadow\Web-PDFTimeSaver\output\mvp_20250929_101434_t_fl105_gc120.sync-conflict-20251012-143452-6SA55L2.pdf","9/29/2025 1:14:34 AM","1654"
"C:\Users\Shadow\Web-PDFTimeSaver\output\signed_mvp_20250929_101434_t_fl105_gc120.sync-conflict-20251012-163504-6SA55L2.pdf","9/29/2025 1:14:34 AM","1572"
"C:\Users\Shadow\Web-PDFTimeSaver\output\signed_mvp_20250929_101434_t_fl105_gc120.sync-conflict-20251012-143451-6SA55L2.pdf","9/29/2025 1:14:34 AM","1572"
"C:\Users\Shadow\Web-PDFTimeSaver\output\signed_mvp_20250929_101434_t_fl105_gc120.pdf","9/29/2025 1:14:34 AM","1572"
"C:\Users\Shadow\Web-PDFTimeSaver\output\signed_mvp_20250929_101527_t_fl105_gc120.sync-conflict-20251012-143452-6SA55L2.pdf","9/29/2025 1:15:27 AM","1572"
"C:\Users\Shadow\Web-PDFTimeSaver\output\signed_mvp_20250929_101527_t_fl105_gc120.pdf","9/29/2025 1:15:27 AM","1572"
"C:\Users\Shadow\Web-PDFTimeSaver\output\signed_mvp_20250929_101527_t_fl105_gc120.sync-conflict-20251012-163504-6SA55L2.pdf","9/29/2025 1:15:27 AM","1572"
"C:\Users\Shadow\Web-PDFTimeSaver\output\mvp_20250929_101527_t_fl105_gc120.sync-conflict-20251012-143455-6SA55L2.pdf","9/29/2025 1:15:27 AM","1703"
"C:\Users\Shadow\Web-PDFTimeSaver\output\mvp_20250929_101527_t_fl105_gc120.pdf","9/29/2025 1:15:27 AM","1703"
"C:\Users\Shadow\Web-PDFTimeSaver\output\mvp_20250929_101527_t_fl105_gc120.sync-conflict-20251012-163504-6SA55L2.pdf","9/29/2025 1:15:27 AM","1703"
"C:\Users\Shadow\Web-PDFTimeSaver\output\mvp_20250929_101528_t_fl105_gc120.sync-conflict-20251012-163500-6SA55L2.pdf","9/29/2025 1:15:28 AM","1654"
"C:\Users\Shadow\Web-PDFTimeSaver\output\mvp_20250929_101528_t_fl105_gc120.sync-conflict-20251012-143451-6SA55L2.pdf","9/29/2025 1:15:28 AM","1654"
"C:\Users\Shadow\Web-PDFTimeSaver\output\mvp_20250929_101528_t_fl105_gc120.pdf","9/29/2025 1:15:28 AM","1654"
"C:\Users\Shadow\Web-PDFTimeSaver\output\signed_mvp_20250929_101528_t_fl105_gc120.sync-conflict-20251012-163502-6SA55L2.pdf","9/29/2025 1:15:28 AM","1572"
"C:\Users\Shadow\Web-PDFTimeSaver\output\signed_mvp_20250929_101528_t_fl105_gc120.pdf","9/29/2025 1:15:28 AM","1572"
"C:\Users\Shadow\Web-PDFTimeSaver\output\signed_mvp_20250929_101528_t_fl105_gc120.sync-conflict-20251012-143456-6SA55L2.pdf","9/29/2025 1:15:28 AM","1572"
"C:\Users\Shadow\Web-PDFTimeSaver\output\mvp_20250929_101910_t_fl105_gc120.sync-conflict-20251012-163509-6SA55L2.pdf","9/29/2025 1:19:10 AM","1654"
"C:\Users\Shadow\Web-PDFTimeSaver\output\mvp_20250929_101910_t_fl105_gc120.pdf","9/29/2025 1:19:10 AM","1654"
"C:\Users\Shadow\Web-PDFTimeSaver\output\mvp_20250929_101910_t_fl105_gc120.sync-conflict-20251012-143455-6SA55L2.pdf","9/29/2025 1:19:10 AM","1654"
"C:\Users\Shadow\Web-PDFTimeSaver\output\signed_mvp_20250929_101910_t_fl105_gc120.sync-conflict-20251012-163514-6SA55L2.pdf","9/29/2025 1:19:10 AM","1572"
"C:\Users\Shadow\Web-PDFTimeSaver\output\signed_mvp_20250929_101910_t_fl105_gc120.sync-conflict-20251012-143453-6SA55L2.pdf","9/29/2025 1:19:10 AM","1572"
"C:\Users\Shadow\Web-PDFTimeSaver\output\signed_mvp_20250929_101910_t_fl105_gc120.pdf","9/29/2025 1:19:10 AM","1572"
"C:\Users\Shadow\Web-PDFTimeSaver\tests\projects_ui_test.php","9/29/2025 2:35:32 AM","1283"
"C:\Users\Shadow\Web-PDFTimeSaver\tests\actions_flow_test.php","9/29/2025 2:35:32 AM","1496"
"C:\Users\Shadow\Web-PDFTimeSaver\mvp\views\support.php","9/29/2025 2:35:32 AM","713"
"C:\Users\Shadow\Web-PDFTimeSaver\output\signed_mvp_20250929_114323_t_fl105_gc120.pdf","9/29/2025 2:43:23 AM","1572"
"C:\Users\Shadow\Web-PDFTimeSaver\output\signed_mvp_20250929_114323_t_fl105_gc120.sync-conflict-20251012-143451-6SA55L2.pdf","9/29/2025 2:43:23 AM","1572"
"C:\Users\Shadow\Web-PDFTimeSaver\output\signed_mvp_20250929_114323_t_fl105_gc120.sync-conflict-20251012-163500-6SA55L2.pdf","9/29/2025 2:43:23 AM","1572"
"C:\Users\Shadow\Web-PDFTimeSaver\output\mvp_20250929_114323_t_fl105_gc120.sync-conflict-20251012-163513-6SA55L2.pdf","9/29/2025 2:43:23 AM","1703"
"C:\Users\Shadow\Web-PDFTimeSaver\output\mvp_20250929_114323_t_fl105_gc120.sync-conflict-20251012-143453-6SA55L2.pdf","9/29/2025 2:43:23 AM","1703"
"C:\Users\Shadow\Web-PDFTimeSaver\output\mvp_20250929_114323_t_fl105_gc120.pdf","9/29/2025 2:43:23 AM","1703"
"C:\Users\Shadow\Web-PDFTimeSaver\output\mvp_20250929_114324_t_fl105_gc120.pdf","9/29/2025 2:43:24 AM","1654"
"C:\Users\Shadow\Web-PDFTimeSaver\output\mvp_20250929_114324_t_fl105_gc120.sync-conflict-20251012-163509-6SA55L2.pdf","9/29/2025 2:43:24 AM","1654"
"C:\Users\Shadow\Web-PDFTimeSaver\output\mvp_20250929_114324_t_fl105_gc120.sync-conflict-20251012-143450-6SA55L2.pdf","9/29/2025 2:43:24 AM","1654"
"C:\Users\Shadow\Web-PDFTimeSaver\output\signed_mvp_20250929_114324_t_fl105_gc120.pdf","9/29/2025 2:43:24 AM","1572"
"C:\Users\Shadow\Web-PDFTimeSaver\output\signed_mvp_20250929_114324_t_fl105_gc120.sync-conflict-20251012-143451-6SA55L2.pdf","9/29/2025 2:43:24 AM","1572"
"C:\Users\Shadow\Web-PDFTimeSaver\output\signed_mvp_20250929_114324_t_fl105_gc120.sync-conflict-20251012-163500-6SA55L2.pdf","9/29/2025 2:43:24 AM","1572"
"C:\Users\Shadow\Web-PDFTimeSaver\mvp\lib\fill_service.sync-conflict-20251012-163459-6SA55L2.php","9/29/2025 2:58:45 AM","1944"
"C:\Users\Shadow\Web-PDFTimeSaver\mvp\lib\fill_service.sync-conflict-20251012-143454-6SA55L2.php","9/29/2025 2:58:45 AM","1944"
"C:\Users\Shadow\Web-PDFTimeSaver\mvp\lib\logger.sync-conflict-20251012-143453-6SA55L2.php","9/29/2025 2:58:45 AM","709"
"C:\Users\Shadow\Web-PDFTimeSaver\mvp\lib\logger.sync-conflict-20251012-163502-6SA55L2.php","9/29/2025 2:58:45 AM","709"
"C:\Users\Shadow\Web-PDFTimeSaver\output\mvp_20250929_120303_t_fl105_gc120.sync-conflict-20251012-163500-6SA55L2.pdf","9/29/2025 3:03:03 AM","1654"
"C:\Users\Shadow\Web-PDFTimeSaver\output\mvp_20250929_120303_t_fl105_gc120.sync-conflict-20251012-143451-6SA55L2.pdf","9/29/2025 3:03:03 AM","1654"
"C:\Users\Shadow\Web-PDFTimeSaver\output\mvp_20250929_120303_t_fl105_gc120.pdf","9/29/2025 3:03:03 AM","1654"
"C:\Users\Shadow\Web-PDFTimeSaver\output\signed_mvp_20250929_120303_t_fl105_gc120.pdf","9/29/2025 3:03:03 AM","1572"
"C:\Users\Shadow\Web-PDFTimeSaver\output\signed_mvp_20250929_120303_t_fl105_gc120.sync-conflict-20251012-143451-6SA55L2.pdf","9/29/2025 3:03:03 AM","1572"
"C:\Users\Shadow\Web-PDFTimeSaver\output\signed_mvp_20250929_120303_t_fl105_gc120.sync-conflict-20251012-163508-6SA55L2.pdf","9/29/2025 3:03:03 AM","1572"
"C:\Users\Shadow\Web-PDFTimeSaver\data\mvp_test.sync-conflict-20251012-143454-6SA55L2.json","9/29/2025 3:03:04 AM","25913"
"C:\Users\Shadow\Web-PDFTimeSaver\data\mvp_test.sync-conflict-20251012-163511-6SA55L2.json","9/29/2025 3:03:04 AM","25913"
"C:\Users\Shadow\Web-PDFTimeSaver\scripts\cleanup-sync-conflicts.ps1","9/29/2025 3:03:24 AM","326"
"C:\Users\Shadow\Web-PDFTimeSaver\.github\workflows\php-tests.sync-conflict-20251012-163507-6SA55L2.yml","9/29/2025 3:03:59 AM","787"
"C:\Users\Shadow\Web-PDFTimeSaver\.github\workflows\php-tests.sync-conflict-20251012-143451-6SA55L2.yml","9/29/2025 3:03:59 AM","787"
"C:\Users\Shadow\Web-PDFTimeSaver\.vscode\mcp.sync-conflict-20251012-163510-6SA55L2.json","9/29/2025 3:10:24 AM","176"
"C:\Users\Shadow\Web-PDFTimeSaver\.vscode\mcp.sync-conflict-20251012-143454-6SA55L2.json","9/29/2025 3:10:24 AM","176"
"C:\Users\Shadow\Web-PDFTimeSaver\mcp-server\package.sync-conflict-20251012-163511-6SA55L2.json","9/29/2025 3:10:24 AM","278"
"C:\Users\Shadow\Web-PDFTimeSaver\mcp-server\package.sync-conflict-20251012-143454-6SA55L2.json","9/29/2025 3:10:24 AM","278"
"C:\Users\Shadow\Web-PDFTimeSaver\mcp-server\tsconfig.sync-conflict-20251012-143454-6SA55L2.json","9/29/2025 3:10:24 AM","210"
"C:\Users\Shadow\Web-PDFTimeSaver\mcp-server\README.sync-conflict-20251012-163513-6SA55L2.md","9/29/2025 3:10:24 AM","252"
"C:\Users\Shadow\Web-PDFTimeSaver\mcp-server\tsconfig.json","9/29/2025 3:10:24 AM","210"
"C:\Users\Shadow\Web-PDFTimeSaver\mcp-server\README.sync-conflict-20251012-143454-6SA55L2.md","9/29/2025 3:10:24 AM","252"
"C:\Users\Shadow\Web-PDFTimeSaver\mcp-server\README.md","9/29/2025 3:10:24 AM","252"
"C:\Users\Shadow\Web-PDFTimeSaver\mcp-server\tsconfig.sync-conflict-20251012-163503-6SA55L2.json","9/29/2025 3:10:24 AM","210"
"C:\Users\Shadow\Web-PDFTimeSaver\mcp-server\src\server.sync-conflict-20251012-143456-6SA55L2.ts","9/29/2025 3:10:24 AM","2002"
"C:\Users\Shadow\Web-PDFTimeSaver\mcp-server\src\server.sync-conflict-20251012-163515-6SA55L2.ts","9/29/2025 3:10:24 AM","2002"
"C:\Users\Shadow\Web-PDFTimeSaver\.github\copilot-instructions.sync-conflict-20251012-143451-6SA55L2.md","9/29/2025 3:10:24 AM","367"
"C:\Users\Shadow\Web-PDFTimeSaver\.github\copilot-instructions.sync-conflict-20251012-163504-6SA55L2.md","9/29/2025 3:10:24 AM","367"
"C:\Users\Shadow\Web-PDFTimeSaver\mcp-server\.gitignore","9/29/2025 3:10:24 AM","22"
"C:\Users\Shadow\Web-PDFTimeSaver\mcp-server\.sync-conflict-20251012-143456-6SA55L2.gitignore","9/29/2025 3:10:24 AM","22"
"C:\Users\Shadow\Web-PDFTimeSaver\mcp-server\.sync-conflict-20251012-163504-6SA55L2.gitignore","9/29/2025 3:10:24 AM","22"
"C:\Users\Shadow\Web-PDFTimeSaver\.vscode\launch.sync-conflict-20251012-163506-6SA55L2.json","9/29/2025 3:14:00 AM","780"
"C:\Users\Shadow\Web-PDFTimeSaver\.vscode\launch.sync-conflict-20251012-143456-6SA55L2.json","9/29/2025 3:14:00 AM","780"
"C:\Users\Shadow\Web-PDFTimeSaver\.vscode\tasks.sync-conflict-20251012-143455-6SA55L2.json","9/29/2025 3:14:00 AM","344"
"C:\Users\Shadow\Web-PDFTimeSaver\.vscode\tasks.sync-conflict-20251012-163507-6SA55L2.json","9/29/2025 3:14:00 AM","344"
"C:\Users\Shadow\Web-PDFTimeSaver\mcp-server\package-lock.sync-conflict-20251012-143451-6SA55L2.json","9/29/2025 3:15:08 AM","1490"
"C:\Users\Shadow\Web-PDFTimeSaver\mcp-server\dist\server.sync-conflict-20251012-163514-6SA55L2.js","9/29/2025 3:15:09 AM","2306"
"C:\Users\Shadow\Web-PDFTimeSaver\mcp-server\dist\server.sync-conflict-20251012-143452-6SA55L2.js","9/29/2025 3:15:09 AM","2306"
"C:\Users\Shadow\Web-PDFTimeSaver\vendor\composer\installed.sync-conflict-20251012-143453-6SA55L2.php","9/29/2025 3:48:39 AM","2221"
"C:\Users\Shadow\Web-PDFTimeSaver\vendor\composer\installed.sync-conflict-20251012-163501-6SA55L2.php","9/29/2025 3:48:39 AM","2221"
"C:\Users\Shadow\Web-PDFTimeSaver\output\mvp_20250929_130417_t_fl105_gc120.sync-conflict-20251012-143455-6SA55L2.pdf","9/29/2025 4:04:17 AM","1688"
"C:\Users\Shadow\Web-PDFTimeSaver\output\mvp_20250929_130417_t_fl105_gc120.sync-conflict-20251012-163507-6SA55L2.pdf","9/29/2025 4:04:17 AM","1688"
"C:\Users\Shadow\Web-PDFTimeSaver\output\mvp_20250929_130417_t_fl105_gc120.pdf","9/29/2025 4:04:17 AM","1688"
"C:\Users\Shadow\Web-PDFTimeSaver\setup-xampp.bat","9/30/2025 1:49:05 AM","2195"
"C:\Users\Shadow\Web-PDFTimeSaver\XAMPP-SETUP.md","9/30/2025 1:49:05 AM","3360"
"C:\Users\Shadow\Web-PDFTimeSaver\output\mvp_20250930_182519_t_fl105_gc120.sync-conflict-20251012-143456-6SA55L2.pdf","9/30/2025 9:25:19 AM","1648"
"C:\Users\Shadow\Web-PDFTimeSaver\output\mvp_20250930_182519_t_fl105_gc120.sync-conflict-20251012-163504-6SA55L2.pdf","9/30/2025 9:25:19 AM","1648"
"C:\Users\Shadow\Web-PDFTimeSaver\output\mvp_20250930_182519_t_fl105_gc120.pdf","9/30/2025 9:25:19 AM","1648"
"C:\Users\Shadow\Web-PDFTimeSaver\output\signed_mvp_20250930_182519_t_fl105_gc120.sync-conflict-20251012-143454-6SA55L2.pdf","9/30/2025 9:25:27 AM","1572"
"C:\Users\Shadow\Web-PDFTimeSaver\output\signed_mvp_20250930_182519_t_fl105_gc120.sync-conflict-20251012-163518-6SA55L2.pdf","9/30/2025 9:25:27 AM","1572"
"C:\Users\Shadow\Web-PDFTimeSaver\output\signed_mvp_20250930_182519_t_fl105_gc120.pdf","9/30/2025 9:25:27 AM","1572"
"C:\Users\Shadow\Web-PDFTimeSaver\mvp\lib\data.sync-conflict-20251012-163506-6SA55L2.php","10/1/2025 4:26:21 PM","11205"
"C:\Users\Shadow\Web-PDFTimeSaver\mvp\lib\data.sync-conflict-20251012-143452-6SA55L2.php","10/1/2025 4:26:21 PM","11205"
"C:\Users\Shadow\Web-PDFTimeSaver\mvp\lib\pdf_field_service.sync-conflict-20251012-163507-6SA55L2.php","10/1/2025 4:26:21 PM","4177"
"C:\Users\Shadow\Web-PDFTimeSaver\mvp\lib\pdf_field_service.sync-conflict-20251012-143451-6SA55L2.php","10/1/2025 4:26:21 PM","4177"
"C:\Users\Shadow\Web-PDFTimeSaver\data\mvp.sync-conflict-20251012-163511-6SA55L2.json","10/1/2025 4:26:23 PM","3567"
"C:\Users\Shadow\Web-PDFTimeSaver\data\mvp.sync-conflict-20251012-143454-6SA55L2.json","10/1/2025 4:26:23 PM","3567"
"C:\Users\Shadow\Web-PDFTimeSaver\output\mvp_20251002_015658_t_fl105_gc120.pdf","10/1/2025 4:56:58 PM","1648"
"C:\Users\Shadow\Web-PDFTimeSaver\output\mvp_20251002_030458_t_fl105_gc120.pdf","10/1/2025 6:04:58 PM","1648"
"C:\Users\Shadow\Web-PDFTimeSaver\mvp\views\settings.php","10/1/2025 7:08:18 PM","2151"
"C:\Users\Shadow\Web-PDFTimeSaver\mvp\views\bills.php","10/1/2025 7:08:18 PM","758"
"C:\Users\Shadow\Web-PDFTimeSaver\mvp\views\activities.php","10/1/2025 7:08:18 PM","766"
"C:\Users\Shadow\Web-PDFTimeSaver\mvp\views\reports.php","10/1/2025 7:08:18 PM","758"
"C:\Users\Shadow\Web-PDFTimeSaver\setup-xampp-services.bat","10/1/2025 7:15:31 PM","2894"
"C:\Users\Shadow\Web-PDFTimeSaver\output\mvp_20251002_042642_t_fl105_gc120.pdf","10/1/2025 7:26:42 PM","2321"
"C:\Users\Shadow\Web-PDFTimeSaver\output\mvp_20251002_042835_t_fl105_gc120.pdf","10/1/2025 7:28:35 PM","2289"
"C:\Users\Shadow\Web-PDFTimeSaver\output\mvp_20251002_043131_t_fl105_gc120.pdf","10/1/2025 7:31:31 PM","4271"
"C:\Users\Shadow\Web-PDFTimeSaver\output\mvp_20251002_043347_t_fl105_gc120.pdf","10/1/2025 7:33:47 PM","1439"
"C:\Users\Shadow\Web-PDFTimeSaver\output\mvp_20251002_045115_t_fl100_gc120.pdf","10/1/2025 7:51:15 PM","1313"
"C:\Users\Shadow\Web-PDFTimeSaver\output\mvp_20251002_050015_t_fl100_gc120.pdf","10/1/2025 8:00:15 PM","1313"
"C:\Users\Shadow\Web-PDFTimeSaver\output\mvp_20251002_050057_t_fl100_gc120.pdf","10/1/2025 8:00:57 PM","1313"
"C:\Users\Shadow\Web-PDFTimeSaver\output\mvp_20251002_050144_t_fl100_gc120.pdf","10/1/2025 8:01:44 PM","1313"
"C:\Users\Shadow\Web-PDFTimeSaver\output\mvp_20251002_050211_t_fl100_gc120.pdf","10/1/2025 8:02:11 PM","1313"
"C:\Users\Shadow\Web-PDFTimeSaver\output\mvp_20251002_050241_t_fl100_gc120.pdf","10/1/2025 8:02:41 PM","1313"
"C:\Users\Shadow\Web-PDFTimeSaver\output\mvp_20251002_050441_t_fl100_gc120.pdf","10/1/2025 8:04:41 PM","1313"
"C:\Users\Shadow\Web-PDFTimeSaver\output\mvp_20251002_050813_t_fl100_gc120.pdf","10/1/2025 8:08:13 PM","1437"
"C:\Users\Shadow\Web-PDFTimeSaver\output\mvp_20251002_051046_t_fl100_gc120.pdf","10/1/2025 8:10:46 PM","2265"
"C:\Users\Shadow\Web-PDFTimeSaver\pdftk_installer.exe","10/1/2025 8:17:18 PM","3054862"
"C:\Users\Shadow\Web-PDFTimeSaver\uploads\fl100_official.pdf","10/1/2025 8:20:42 PM","192902"
"C:\Users\Shadow\Web-PDFTimeSaver\output\mvp_20251002_052545_t_fl100_gc120.pdf","10/1/2025 8:25:45 PM","2265"
"C:\Users\Shadow\Web-PDFTimeSaver\output\mvp_20251002_212025_t_fl100_gc120.pdf","10/2/2025 12:20:25 PM","2638"
"C:\Users\Shadow\Web-PDFTimeSaver\output\mvp_20251002_212149_t_fl100_gc120.pdf","10/2/2025 12:21:49 PM","2638"
"C:\Users\Shadow\Web-PDFTimeSaver\output\mvp_20251002_212402_t_fl100_gc120.pdf","10/2/2025 12:24:02 PM","2638"
"C:\Users\Shadow\Web-PDFTimeSaver\output\mvp_20251002_212558_t_fl100_gc120.pdf","10/2/2025 12:25:59 PM","2638"
"C:\Users\Shadow\Web-PDFTimeSaver\output\mvp_20251002_214053_t_fl100_gc120.pdf","10/2/2025 12:40:53 PM","2638"
"C:\Users\Shadow\Web-PDFTimeSaver\output\mvp_20251002_215559_t_fl100_gc120.pdf","10/2/2025 12:55:59 PM","2638"
"C:\Users\Shadow\Web-PDFTimeSaver\output\mvp_20251002_215624_t_fl100_gc120.pdf","10/2/2025 12:56:24 PM","2638"
"C:\Users\Shadow\Web-PDFTimeSaver\gs1000w64.exe","10/2/2025 5:14:05 PM","54711744"
"C:\Users\Shadow\Web-PDFTimeSaver\uploads\fl100_background.png","10/2/2025 5:20:45 PM","33218"
"C:\Users\Shadow\Web-PDFTimeSaver\output\mvp_20251003_022649_t_fl100_gc120.pdf","10/2/2025 5:26:49 PM","29086"
"C:\Users\Shadow\Web-PDFTimeSaver\output\mvp_20251003_022842_t_fl100_gc120.pdf","10/2/2025 5:28:42 PM","29314"
"C:\Users\Shadow\Web-PDFTimeSaver\mvp\lib\fl100_test_data_generator.php","10/2/2025 8:33:53 PM","9849"
"C:\Users\Shadow\Web-PDFTimeSaver\output\mvp_20251003_055130_t_fl100_gc120.pdf","10/2/2025 8:51:31 PM","31700"
"C:\Users\Shadow\Web-PDFTimeSaver\output\mvp_20251003_055726_t_fl100_gc120.pdf","10/2/2025 8:57:26 PM","31717"
"C:\Users\Shadow\Web-PDFTimeSaver\output\mvp_20251003_060538_t_fl100_gc120.pdf","10/2/2025 9:05:38 PM","31722"
"C:\Users\Shadow\Web-PDFTimeSaver\output\mvp_20251003_060903_t_fl100_gc120.pdf","10/2/2025 9:09:03 PM","31476"
"C:\Users\Shadow\Web-PDFTimeSaver\output\mvp_20251003_062902_t_fl100_gc120.pdf","10/2/2025 9:29:02 PM","31209"
"C:\Users\Shadow\Web-PDFTimeSaver\mcp-field-editor\tsconfig.json","10/2/2025 9:31:36 PM","464"
"C:\Users\Shadow\Web-PDFTimeSaver\mcp-field-editor\package-lock.json","10/2/2025 9:40:07 PM","57826"
"C:\Users\Shadow\Web-PDFTimeSaver\mcp-field-editor\README.md","10/3/2025 12:07:50 AM","2908"
"C:\Users\Shadow\Web-PDFTimeSaver\mcp-field-editor\package.sync-conflict-20251012-153848-TCAG4SV.json","10/3/2025 12:07:50 AM","893"
"C:\Users\Shadow\Web-PDFTimeSaver\mcp-field-editor\package.sync-conflict-20251012-153849-TCAG4SV.json","10/3/2025 12:07:50 AM","893"
"C:\Users\Shadow\Web-PDFTimeSaver\output\mvp_20251003_090908_t_fl100_gc120.pdf","10/3/2025 12:09:08 AM","31209"
"C:\Users\Shadow\Web-PDFTimeSaver\output\mvp_20251003_090946_t_fl100_gc120.pdf","10/3/2025 12:09:46 AM","31209"
"C:\Users\Shadow\Web-PDFTimeSaver\output\mvp_20251003_091252_t_fl100_gc120.pdf","10/3/2025 12:12:53 AM","31210"
"C:\Users\Shadow\Web-PDFTimeSaver\output\mvp_20251003_091503_t_fl100_gc120.pdf","10/3/2025 12:15:03 AM","31210"
"C:\Users\Shadow\Web-PDFTimeSaver\output\mvp_20251003_091729_t_fl100_gc120.pdf","10/3/2025 12:17:29 AM","31215"
"C:\Users\Shadow\Web-PDFTimeSaver\output\mvp_20251003_092233_t_fl100_gc120.pdf","10/3/2025 12:22:33 AM","31215"
"C:\Users\Shadow\Web-PDFTimeSaver\output\mvp_20251003_092437_t_fl100_gc120.pdf","10/3/2025 12:24:37 AM","31215"
"C:\Users\Shadow\Web-PDFTimeSaver\output\mvp_20251003_092815_t_fl100_gc120.pdf","10/3/2025 12:28:15 AM","29349"
"C:\Users\Shadow\Web-PDFTimeSaver\output\mvp_20251003_093816_t_fl100_gc120.pdf","10/3/2025 12:38:16 AM","31215"
"C:\Users\Shadow\Web-PDFTimeSaver\output\mvp_20251003_094759_t_fl100_gc120.pdf","10/3/2025 12:47:59 AM","29348"
"C:\Users\Shadow\Web-PDFTimeSaver\output\mvp_20251003_100214_t_fl100_gc120.pdf","10/3/2025 1:02:14 AM","29498"
"C:\Users\Shadow\Web-PDFTimeSaver\output\mvp_20251003_100431_t_fl100_gc120.pdf","10/3/2025 1:04:31 AM","29499"
"C:\Users\Shadow\Web-PDFTimeSaver\output\mvp_20251003_100612_t_fl100_gc120.pdf","10/3/2025 1:06:12 AM","29498"
"C:\Users\Shadow\Web-PDFTimeSaver\output\mvp_20251003_101142_t_fl100_gc120.pdf","10/3/2025 1:11:42 AM","29500"
"C:\Users\Shadow\Web-PDFTimeSaver\output\mvp_20251003_101503_t_fl100_gc120.pdf","10/3/2025 1:15:03 AM","29499"
"C:\Users\Shadow\Web-PDFTimeSaver\output\mvp_20251003_101639_t_fl100_gc120.pdf","10/3/2025 1:16:39 AM","29499"
"C:\Users\Shadow\Web-PDFTimeSaver\output\mvp_20251003_101910_t_fl100_gc120.pdf","10/3/2025 1:19:10 AM","29502"
"C:\Users\Shadow\Web-PDFTimeSaver\output\mvp_20251003_102209_t_fl100_gc120.pdf","10/3/2025 1:22:09 AM","29501"
"C:\Users\Shadow\Web-PDFTimeSaver\output\mvp_20251003_102815_t_fl100_gc120.pdf","10/3/2025 1:28:15 AM","29345"
"C:\Users\Shadow\Web-PDFTimeSaver\output\mvp_20251003_103301_t_fl100_gc120.pdf","10/3/2025 1:33:01 AM","29276"
"C:\Users\Shadow\Web-PDFTimeSaver\output\mvp_20251003_103535_t_fl100_gc120.pdf","10/3/2025 1:35:35 AM","3323"
"C:\Users\Shadow\Web-PDFTimeSaver\output\mvp_20251003_104048_t_fl100_gc120.pdf","10/3/2025 1:40:48 AM","3069"
"C:\Users\Shadow\Web-PDFTimeSaver\output\mvp_20251003_104439_t_fl100_gc120.pdf","10/3/2025 1:44:39 AM","3069"
"C:\Users\Shadow\Web-PDFTimeSaver\output\mvp_20251003_121322_t_fl100_gc120.pdf","10/3/2025 3:13:23 AM","29117"
"C:\Users\Shadow\Web-PDFTimeSaver\output\signed_mvp_20251003_121322_t_fl100_gc120.pdf","10/3/2025 3:13:23 AM","30355"
"C:\Users\Shadow\Web-PDFTimeSaver\composer.json","10/3/2025 3:14:59 AM","268"
"C:\Users\Shadow\Web-PDFTimeSaver\composer.lock","10/3/2025 3:15:00 AM","74856"
"C:\Users\Shadow\Web-PDFTimeSaver\vendor\sebastian\version\.gitattributes","10/3/2025 3:17:02 AM","80"
"C:\Users\Shadow\Web-PDFTimeSaver\vendor\sebastian\version\.github\FUNDING.yml","10/3/2025 3:17:02 AM","27"
"C:\Users\Shadow\Web-PDFTimeSaver\vendor\sebastian\version\.gitignore","10/3/2025 3:17:02 AM","24"
"C:\Users\Shadow\Web-PDFTimeSaver\vendor\sebastian\version\.php_cs.dist","10/3/2025 3:17:02 AM","6069"
"C:\Users\Shadow\Web-PDFTimeSaver\vendor\sebastian\version\ChangeLog.md","10/3/2025 3:17:02 AM","689"
"C:\Users\Shadow\Web-PDFTimeSaver\vendor\sebastian\version\LICENSE","10/3/2025 3:17:02 AM","1575"
"C:\Users\Shadow\Web-PDFTimeSaver\vendor\sebastian\version\README.md","10/3/2025 3:17:02 AM","2090"
"C:\Users\Shadow\Web-PDFTimeSaver\vendor\sebastian\version\composer.json","10/3/2025 3:17:02 AM","917"
"C:\Users\Shadow\Web-PDFTimeSaver\vendor\sebastian\version\src\Version.php","10/3/2025 3:17:02 AM","2174"
"C:\Users\Shadow\Web-PDFTimeSaver\vendor\sebastian\type\.gitattributes","10/3/2025 3:17:04 AM","362"
"C:\Users\Shadow\Web-PDFTimeSaver\vendor\sebastian\type\.github\FUNDING.yml","10/3/2025 3:17:04 AM","27"
"C:\Users\Shadow\Web-PDFTimeSaver\vendor\sebastian\type\.github\workflows\ci.yml","10/3/2025 3:17:04 AM","2536"
"C:\Users\Shadow\Web-PDFTimeSaver\vendor\sebastian\type\.gitignore","10/3/2025 3:17:04 AM","92"
"C:\Users\Shadow\Web-PDFTimeSaver\vendor\sebastian\type\.phive\phars.xml","10/3/2025 3:17:04 AM","502"
"C:\Users\Shadow\Web-PDFTimeSaver\vendor\sebastian\type\.php-cs-fixer.dist.php","10/3/2025 3:17:04 AM","11187"
"C:\Users\Shadow\Web-PDFTimeSaver\vendor\sebastian\type\.psalm\baseline.xml","10/3/2025 3:17:04 AM","1142"
"C:\Users\Shadow\Web-PDFTimeSaver\vendor\sebastian\type\.psalm\config.xml","10/3/2025 3:17:04 AM","481"
"C:\Users\Shadow\Web-PDFTimeSaver\vendor\sebastian\type\ChangeLog.md","10/3/2025 3:17:04 AM","5760"
"C:\Users\Shadow\Web-PDFTimeSaver\vendor\sebastian\type\LICENSE","10/3/2025 3:17:04 AM","1582"
"C:\Users\Shadow\Web-PDFTimeSaver\vendor\sebastian\type\README.md","10/3/2025 3:17:04 AM","765"
"C:\Users\Shadow\Web-PDFTimeSaver\vendor\sebastian\type\build.xml","10/3/2025 3:17:04 AM","935"
"C:\Users\Shadow\Web-PDFTimeSaver\vendor\sebastian\type\composer.json","10/3/2025 3:17:04 AM","1244"
"C:\Users\Shadow\Web-PDFTimeSaver\vendor\sebastian\type\phpunit.xml","10/3/2025 3:17:04 AM","994"
"C:\Users\Shadow\Web-PDFTimeSaver\vendor\sebastian\type\src\Parameter.php","10/3/2025 3:17:04 AM","824"
"C:\Users\Shadow\Web-PDFTimeSaver\vendor\sebastian\type\src\ReflectionMapper.php","10/3/2025 3:17:04 AM","5774"
"C:\Users\Shadow\Web-PDFTimeSaver\vendor\sebastian\type\src\TypeName.php","10/3/2025 3:17:04 AM","1996"
"C:\Users\Shadow\Web-PDFTimeSaver\vendor\sebastian\type\src\exception\Exception.php","10/3/2025 3:17:04 AM","369"
"C:\Users\Shadow\Web-PDFTimeSaver\vendor\sebastian\type\src\exception\RuntimeException.php","10/3/2025 3:17:04 AM","389"
"C:\Users\Shadow\Web-PDFTimeSaver\vendor\sebastian\type\src\type\CallableType.php","10/3/2025 3:17:04 AM","5315"
"C:\Users\Shadow\Web-PDFTimeSaver\vendor\sebastian\type\src\type\FalseType.php","10/3/2025 3:17:04 AM","922"
"C:\Users\Shadow\Web-PDFTimeSaver\vendor\sebastian\type\src\type\GenericObjectType.php","10/3/2025 3:17:04 AM","1127"
"C:\Users\Shadow\Web-PDFTimeSaver\vendor\sebastian\type\src\type\IntersectionType.php","10/3/2025 3:17:04 AM","2915"
"C:\Users\Shadow\Web-PDFTimeSaver\vendor\sebastian\type\src\type\IterableType.php","10/3/2025 3:17:04 AM","1977"
"C:\Users\Shadow\Web-PDFTimeSaver\vendor\sebastian\type\src\type\MixedType.php","10/3/2025 3:17:04 AM","835"
"C:\Users\Shadow\Web-PDFTimeSaver\vendor\sebastian\type\src\type\NeverType.php","10/3/2025 3:17:04 AM","750"
"C:\Users\Shadow\Web-PDFTimeSaver\vendor\sebastian\type\src\type\NullType.php","10/3/2025 3:17:04 AM","832"
"C:\Users\Shadow\Web-PDFTimeSaver\vendor\sebastian\type\src\type\ObjectType.php","10/3/2025 3:17:04 AM","1694"
"C:\Users\Shadow\Web-PDFTimeSaver\vendor\sebastian\type\src\type\SimpleType.php","10/3/2025 3:17:04 AM","2155"
"C:\Users\Shadow\Web-PDFTimeSaver\vendor\sebastian\type\src\type\StaticType.php","10/3/2025 3:17:04 AM","1534"
"C:\Users\Shadow\Web-PDFTimeSaver\vendor\sebastian\type\src\type\TrueType.php","10/3/2025 3:17:04 AM","917"
"C:\Users\Shadow\Web-PDFTimeSaver\vendor\sebastian\type\src\type\Type.php","10/3/2025 3:17:04 AM","5010"
"C:\Users\Shadow\Web-PDFTimeSaver\vendor\sebastian\type\src\type\UnionType.php","10/3/2025 3:17:04 AM","3091"
"C:\Users\Shadow\Web-PDFTimeSaver\vendor\sebastian\type\src\type\UnknownType.php","10/3/2025 3:17:04 AM","820"
"C:\Users\Shadow\Web-PDFTimeSaver\vendor\sebastian\type\src\type\VoidType.php","10/3/2025 3:17:04 AM","746"
"C:\Users\Shadow\Web-PDFTimeSaver\vendor\sebastian\type\tests\_fixture\AnInterface.php","10/3/2025 3:17:04 AM","347"
"C:\Users\Shadow\Web-PDFTimeSaver\vendor\sebastian\type\tests\_fixture\AnotherInterface.php","10/3/2025 3:17:04 AM","352"
"C:\Users\Shadow\Web-PDFTimeSaver\vendor\sebastian\type\tests\_fixture\ChildClass.php","10/3/2025 3:17:04 AM","411"
"C:\Users\Shadow\Web-PDFTimeSaver\vendor\sebastian\type\tests\_fixture\ChildClassThatExtendsClassWithMethodThatHasStaticReturnType.php","10/3/2025 3:17:04 AM","444"
"C:\Users\Shadow\Web-PDFTimeSaver\vendor\sebastian\type\tests\_fixture\ClassImplementingAnInterfaceAndAnotherInterface.php","10/3/2025 3:17:04 AM","426"
"C:\Users\Shadow\Web-PDFTimeSaver\vendor\sebastian\type\tests\_fixture\ClassWithCallbackMethods.php","10/3/2025 3:17:04 AM","490"
"C:\Users\Shadow\Web-PDFTimeSaver\vendor\sebastian\type\tests\_fixture\ClassWithInvokeMethod.php","10/3/2025 3:17:04 AM","411"
"C:\Users\Shadow\Web-PDFTimeSaver\vendor\sebastian\type\tests\_fixture\ClassWithMethodThatDeclaresFalseReturnType.php","10/3/2025 3:17:04 AM","440"
"C:\Users\Shadow\Web-PDFTimeSaver\vendor\sebastian\type\tests\_fixture\ClassWithMethodThatDeclaresIntersectionReturnType.php","10/3/2025 3:17:04 AM","485"
"C:\Users\Shadow\Web-PDFTimeSaver\vendor\sebastian\type\tests\_fixture\ClassWithMethodThatDeclaresNeverReturnType.php","10/3/2025 3:17:04 AM","440"
"C:\Users\Shadow\Web-PDFTimeSaver\vendor\sebastian\type\tests\_fixture\ClassWithMethodThatDeclaresNullReturnType.php","10/3/2025 3:17:04 AM","437"
"C:\Users\Shadow\Web-PDFTimeSaver\vendor\sebastian\type\tests\_fixture\ClassWithMethodThatDeclaresTrueReturnType.php","10/3/2025 3:17:04 AM","437"
"C:\Users\Shadow\Web-PDFTimeSaver\vendor\sebastian\type\tests\_fixture\ClassWithMethodsThatDeclareDisjunctiveNormalFormParameterTypes.php","10/3/2025 3:17:04 AM","600"
"C:\Users\Shadow\Web-PDFTimeSaver\vendor\sebastian\type\tests\_fixture\ClassWithMethodsThatDeclareDisjunctiveNormalFormReturnTypes.php","10/3/2025 3:17:04 AM","561"
"C:\Users\Shadow\Web-PDFTimeSaver\vendor\sebastian\type\tests\_fixture\ClassWithMethodsThatDeclareParameterTypes.php","10/3/2025 3:17:04 AM","487"
"C:\Users\Shadow\Web-PDFTimeSaver\vendor\sebastian\type\tests\_fixture\ClassWithMethodsThatDeclareIntersectionParameterTypes.php","10/3/2025 3:17:04 AM","453"
"C:\Users\Shadow\Web-PDFTimeSaver\vendor\sebastian\type\tests\_fixture\ClassWithMethodsThatDeclareReturnTypes.php","10/3/2025 3:17:04 AM","1035"
"C:\Users\Shadow\Web-PDFTimeSaver\vendor\sebastian\type\tests\_fixture\ClassWithMethodsThatDeclareUnionParameterTypes.php","10/3/2025 3:17:04 AM","444"
"C:\Users\Shadow\Web-PDFTimeSaver\vendor\sebastian\type\tests\_fixture\ClassWithMethodsThatDeclareUnionReturnTypes.php","10/3/2025 3:17:04 AM","643"
"C:\Users\Shadow\Web-PDFTimeSaver\vendor\sebastian\type\tests\_fixture\ClassWithMethodsThatHaveStaticReturnTypes.php","10/3/2025 3:17:04 AM","582"
"C:\Users\Shadow\Web-PDFTimeSaver\vendor\sebastian\type\tests\_fixture\Iterator.php","10/3/2025 3:17:04 AM","691"
"C:\Users\Shadow\Web-PDFTimeSaver\vendor\sebastian\type\tests\_fixture\ParentClass.php","10/3/2025 3:17:04 AM","390"
"C:\Users\Shadow\Web-PDFTimeSaver\vendor\sebastian\type\tests\_fixture\ParentClassWithMethodThatHasStaticReturnType.php","10/3/2025 3:17:04 AM","423"
"C:\Users\Shadow\Web-PDFTimeSaver\vendor\sebastian\type\tests\_fixture\callback_function.php","10/3/2025 3:17:04 AM","360"
"C:\Users\Shadow\Web-PDFTimeSaver\vendor\sebastian\type\tests\_fixture\functions_that_declare_return_types.php","10/3/2025 3:17:04 AM","748"
"C:\Users\Shadow\Web-PDFTimeSaver\vendor\sebastian\type\tests\unit\ParameterTest.php","10/3/2025 3:17:04 AM","935"
"C:\Users\Shadow\Web-PDFTimeSaver\vendor\sebastian\type\tests\unit\ReflectionMapperTest.php","10/3/2025 3:17:04 AM","15736"
"C:\Users\Shadow\Web-PDFTimeSaver\vendor\sebastian\type\tests\unit\TypeNameTest.php","10/3/2025 3:17:04 AM","2170"
"C:\Users\Shadow\Web-PDFTimeSaver\vendor\sebastian\type\tests\unit\type\CallableTypeTest.php","10/3/2025 3:17:04 AM","4989"
"C:\Users\Shadow\Web-PDFTimeSaver\vendor\sebastian\type\tests\unit\type\FalseTypeTest.php","10/3/2025 3:17:04 AM","2667"
"C:\Users\Shadow\Web-PDFTimeSaver\vendor\sebastian\type\tests\unit\type\GenericObjectTypeTest.php","10/3/2025 3:17:04 AM","2868"
"C:\Users\Shadow\Web-PDFTimeSaver\vendor\sebastian\type\tests\unit\type\IntersectionTypeTest.php","10/3/2025 3:17:04 AM","4691"
"C:\Users\Shadow\Web-PDFTimeSaver\vendor\sebastian\type\tests\unit\type\IterableTypeTest.php","10/3/2025 3:17:04 AM","3169"
"C:\Users\Shadow\Web-PDFTimeSaver\vendor\sebastian\type\tests\unit\type\MixedTypeTest.php","10/3/2025 3:17:04 AM","2544"
"C:\Users\Shadow\Web-PDFTimeSaver\vendor\sebastian\type\tests\unit\type\NeverTypeTest.php","10/3/2025 3:17:04 AM","2561"
"C:\Users\Shadow\Web-PDFTimeSaver\vendor\sebastian\type\tests\unit\type\NullTypeTest.php","10/3/2025 3:17:04 AM","2806"
"C:\Users\Shadow\Web-PDFTimeSaver\vendor\sebastian\type\tests\unit\type\ObjectTypeTest.php","10/3/2025 3:17:04 AM","5081"
"C:\Users\Shadow\Web-PDFTimeSaver\vendor\sebastian\type\tests\unit\type\SimpleTypeTest.php","10/3/2025 3:17:04 AM","5614"
"C:\Users\Shadow\Web-PDFTimeSaver\vendor\sebastian\type\tests\unit\type\StaticTypeTest.php","10/3/2025 3:17:04 AM","4940"
"C:\Users\Shadow\Web-PDFTimeSaver\vendor\sebastian\type\tests\unit\type\TrueTypeTest.php","10/3/2025 3:17:04 AM","2725"
"C:\Users\Shadow\Web-PDFTimeSaver\vendor\sebastian\type\tests\unit\type\TypeTest.php","10/3/2025 3:17:04 AM","4868"
"C:\Users\Shadow\Web-PDFTimeSaver\vendor\sebastian\type\tests\unit\type\UnionTypeTest.php","10/3/2025 3:17:04 AM","5990"
"C:\Users\Shadow\Web-PDFTimeSaver\vendor\sebastian\type\tests\unit\type\UnknownTypeTest.php","10/3/2025 3:17:04 AM","2514"
"C:\Users\Shadow\Web-PDFTimeSaver\vendor\sebastian\type\tests\unit\type\VoidTypeTest.php","10/3/2025 3:17:04 AM","2552"
"C:\Users\Shadow\Web-PDFTimeSaver\vendor\sebastian\type\tools\composer","10/3/2025 3:17:04 AM","2801573"
"C:\Users\Shadow\Web-PDFTimeSaver\vendor\sebastian\type\tools\infection","10/3/2025 3:17:04 AM","995086"
"C:\Users\Shadow\Web-PDFTimeSaver\vendor\sebastian\type\tools\php-cs-fixer","10/3/2025 3:17:04 AM","2673771"
"C:\Users\Shadow\Web-PDFTimeSaver\vendor\sebastian\type\tools\psalm","10/3/2025 3:17:04 AM","12038902"
"C:\Users\Shadow\Web-PDFTimeSaver\vendor\sebastian\resource-operations\.gitattributes","10/3/2025 3:17:06 AM","235"
"C:\Users\Shadow\Web-PDFTimeSaver\vendor\sebastian\resource-operations\.github\FUNDING.yml","10/3/2025 3:17:06 AM","27"
"C:\Users\Shadow\Web-PDFTimeSaver\vendor\sebastian\resource-operations\.gitignore","10/3/2025 3:17:06 AM","106"
"C:\Users\Shadow\Web-PDFTimeSaver\vendor\sebastian\resource-operations\.php_cs.dist","10/3/2025 3:17:06 AM","7980"
"C:\Users\Shadow\Web-PDFTimeSaver\vendor\sebastian\resource-operations\ChangeLog.md","10/3/2025 3:17:06 AM","1841"
"C:\Users\Shadow\Web-PDFTimeSaver\vendor\sebastian\resource-operations\LICENSE","10/3/2025 3:17:06 AM","1587"
"C:\Users\Shadow\Web-PDFTimeSaver\vendor\sebastian\resource-operations\README.md","10/3/2025 3:17:06 AM","510"
"C:\Users\Shadow\Web-PDFTimeSaver\vendor\sebastian\resource-operations\SECURITY.md","10/3/2025 3:17:06 AM","1939"
"C:\Users\Shadow\Web-PDFTimeSaver\vendor\sebastian\resource-operations\build.xml","10/3/2025 3:17:06 AM","1498"
"C:\Users\Shadow\Web-PDFTimeSaver\vendor\sebastian\resource-operations\build\generate.php","10/3/2025 3:17:06 AM","1546"
"C:\Users\Shadow\Web-PDFTimeSaver\vendor\sebastian\resource-operations\composer.json","10/3/2025 3:17:06 AM","896"
"C:\Users\Shadow\Web-PDFTimeSaver\vendor\sebastian\resource-operations\phpunit.xml","10/3/2025 3:17:06 AM","819"
"C:\Users\Shadow\Web-PDFTimeSaver\vendor\sebastian\resource-operations\src\ResourceOperations.php","10/3/2025 3:17:06 AM","74529"
"C:\Users\Shadow\Web-PDFTimeSaver\vendor\sebastian\resource-operations\tests\ResourceOperationsTest.php","10/3/2025 3:17:06 AM","714"
"C:\Users\Shadow\Web-PDFTimeSaver\vendor\sebastian\recursion-context\.gitattributes","10/3/2025 3:17:09 AM","362"
"C:\Users\Shadow\Web-PDFTimeSaver\vendor\sebastian\recursion-context\.github\FUNDING.yml","10/3/2025 3:17:09 AM","27"
"C:\Users\Shadow\Web-PDFTimeSaver\vendor\sebastian\recursion-context\.github\workflows\ci.yml","10/3/2025 3:17:09 AM","2473"
"C:\Users\Shadow\Web-PDFTimeSaver\vendor\sebastian\recursion-context\.gitignore","10/3/2025 3:17:09 AM","79"
"C:\Users\Shadow\Web-PDFTimeSaver\vendor\sebastian\recursion-context\.phive\phars.xml","10/3/2025 3:17:09 AM","398"
"C:\Users\Shadow\Web-PDFTimeSaver\vendor\sebastian\recursion-context\.php-cs-fixer.dist.php","10/3/2025 3:17:09 AM","11121"
"C:\Users\Shadow\Web-PDFTimeSaver\vendor\sebastian\recursion-context\.psalm\baseline.xml","10/3/2025 3:17:09 AM","471"
"C:\Users\Shadow\Web-PDFTimeSaver\vendor\sebastian\recursion-context\ChangeLog.md","10/3/2025 3:17:09 AM","1517"
"C:\Users\Shadow\Web-PDFTimeSaver\vendor\sebastian\recursion-context\.psalm\config.xml","10/3/2025 3:17:09 AM","481"
"C:\Users\Shadow\Web-PDFTimeSaver\vendor\sebastian\recursion-context\LICENSE","10/3/2025 3:17:09 AM","1585"
"C:\Users\Shadow\Web-PDFTimeSaver\vendor\sebastian\recursion-context\README.md","10/3/2025 3:17:09 AM","776"
"C:\Users\Shadow\Web-PDFTimeSaver\vendor\sebastian\recursion-context\build.xml","10/3/2025 3:17:09 AM","972"
"C:\Users\Shadow\Web-PDFTimeSaver\vendor\sebastian\recursion-context\composer.json","10/3/2025 3:17:09 AM","1058"
"C:\Users\Shadow\Web-PDFTimeSaver\vendor\sebastian\recursion-context\phpunit.xml","10/3/2025 3:17:09 AM","866"
"C:\Users\Shadow\Web-PDFTimeSaver\vendor\sebastian\recursion-context\src\Context.php","10/3/2025 3:17:09 AM","4928"
"C:\Users\Shadow\Web-PDFTimeSaver\vendor\sebastian\recursion-context\src\Exception.php","10/3/2025 3:17:09 AM","394"
"C:\Users\Shadow\Web-PDFTimeSaver\vendor\sebastian\recursion-context\src\InvalidArgumentException.php","10/3/2025 3:17:09 AM","430"
"C:\Users\Shadow\Web-PDFTimeSaver\vendor\sebastian\recursion-context\tests\ContextTest.php","10/3/2025 3:17:09 AM","3916"
"C:\Users\Shadow\Web-PDFTimeSaver\vendor\sebastian\recursion-context\tools\composer","10/3/2025 3:17:09 AM","2801849"
"C:\Users\Shadow\Web-PDFTimeSaver\vendor\sebastian\recursion-context\tools\php-cs-fixer","10/3/2025 3:17:09 AM","2668506"
"C:\Users\Shadow\Web-PDFTimeSaver\vendor\sebastian\recursion-context\tools\psalm","10/3/2025 3:17:09 AM","12033011"
"C:\Users\Shadow\Web-PDFTimeSaver\vendor\sebastian\object-reflector\.gitattributes","10/3/2025 3:17:11 AM","352"
"C:\Users\Shadow\Web-PDFTimeSaver\vendor\sebastian\object-reflector\.github\FUNDING.yml","10/3/2025 3:17:11 AM","27"
"C:\Users\Shadow\Web-PDFTimeSaver\vendor\sebastian\object-reflector\.github\workflows\ci.yml","10/3/2025 3:17:11 AM","2825"
"C:\Users\Shadow\Web-PDFTimeSaver\vendor\sebastian\object-reflector\.gitignore","10/3/2025 3:17:11 AM","83"
"C:\Users\Shadow\Web-PDFTimeSaver\vendor\sebastian\object-reflector\.phive\phars.xml","10/3/2025 3:17:11 AM","445"
"C:\Users\Shadow\Web-PDFTimeSaver\vendor\sebastian\object-reflector\.php_cs.dist","10/3/2025 3:17:11 AM","8151"
"C:\Users\Shadow\Web-PDFTimeSaver\vendor\sebastian\object-reflector\.psalm\baseline.xml","10/3/2025 3:17:11 AM","295"
"C:\Users\Shadow\Web-PDFTimeSaver\vendor\sebastian\object-reflector\.psalm\config.xml","10/3/2025 3:17:11 AM","507"
"C:\Users\Shadow\Web-PDFTimeSaver\vendor\sebastian\object-reflector\ChangeLog.md","10/3/2025 3:17:11 AM","1703"
"C:\Users\Shadow\Web-PDFTimeSaver\vendor\sebastian\object-reflector\LICENSE","10/3/2025 3:17:11 AM","1584"
"C:\Users\Shadow\Web-PDFTimeSaver\vendor\sebastian\object-reflector\README.md","10/3/2025 3:17:11 AM","853"
"C:\Users\Shadow\Web-PDFTimeSaver\vendor\sebastian\object-reflector\build.xml","10/3/2025 3:17:11 AM","1105"
"C:\Users\Shadow\Web-PDFTimeSaver\vendor\sebastian\object-reflector\composer.json","10/3/2025 3:17:11 AM","970"
"C:\Users\Shadow\Web-PDFTimeSaver\vendor\sebastian\object-reflector\phpunit.xml","10/3/2025 3:17:11 AM","866"
"C:\Users\Shadow\Web-PDFTimeSaver\vendor\sebastian\object-reflector\src\Exception.php","10/3/2025 3:17:11 AM","392"
"C:\Users\Shadow\Web-PDFTimeSaver\vendor\sebastian\object-reflector\src\InvalidArgumentException.php","10/3/2025 3:17:11 AM","422"
"C:\Users\Shadow\Web-PDFTimeSaver\vendor\sebastian\object-reflector\src\ObjectReflector.php","10/3/2025 3:17:11 AM","1282"
"C:\Users\Shadow\Web-PDFTimeSaver\vendor\sebastian\object-reflector\tests\ObjectReflectorTest.php","10/3/2025 3:17:11 AM","2340"
"C:\Users\Shadow\Web-PDFTimeSaver\vendor\sebastian\object-reflector\tests\_fixture\ChildClass.php","10/3/2025 3:17:11 AM","611"
"C:\Users\Shadow\Web-PDFTimeSaver\vendor\sebastian\object-reflector\tests\_fixture\ClassWithIntegerAttributeName.php","10/3/2025 3:17:11 AM","481"
"C:\Users\Shadow\Web-PDFTimeSaver\vendor\sebastian\object-reflector\tests\_fixture\ParentClass.php","10/3/2025 3:17:11 AM","501"
"C:\Users\Shadow\Web-PDFTimeSaver\vendor\sebastian\object-reflector\tools\composer","10/3/2025 3:17:11 AM","2177123"
"C:\Users\Shadow\Web-PDFTimeSaver\vendor\sebastian\object-reflector\tools\php-cs-fixer","10/3/2025 3:17:11 AM","1852521"
"C:\Users\Shadow\Web-PDFTimeSaver\vendor\sebastian\object-reflector\tools\psalm","10/3/2025 3:17:11 AM","8944572"
"C:\Users\Shadow\Web-PDFTimeSaver\vendor\sebastian\object-reflector\tools\roave-backward-compatibility-check","10/3/2025 3:17:11 AM","1636911"
"C:\Users\Shadow\Web-PDFTimeSaver\vendor\sebastian\object-enumerator\.gitattributes","10/3/2025 3:17:14 AM","321"
"C:\Users\Shadow\Web-PDFTimeSaver\vendor\sebastian\object-enumerator\.github\FUNDING.yml","10/3/2025 3:17:14 AM","27"
"C:\Users\Shadow\Web-PDFTimeSaver\vendor\sebastian\object-enumerator\.github\workflows\ci.yml","10/3/2025 3:17:14 AM","2825"
"C:\Users\Shadow\Web-PDFTimeSaver\vendor\sebastian\object-enumerator\.gitignore","10/3/2025 3:17:14 AM","83"
"C:\Users\Shadow\Web-PDFTimeSaver\vendor\sebastian\object-enumerator\.phive\phars.xml","10/3/2025 3:17:14 AM","445"
"C:\Users\Shadow\Web-PDFTimeSaver\vendor\sebastian\object-enumerator\.php_cs.dist","10/3/2025 3:17:14 AM","8157"
"C:\Users\Shadow\Web-PDFTimeSaver\vendor\sebastian\object-enumerator\.psalm\baseline.xml","10/3/2025 3:17:14 AM","366"
"C:\Users\Shadow\Web-PDFTimeSaver\vendor\sebastian\object-enumerator\ChangeLog.md","10/3/2025 3:17:14 AM","2442"
"C:\Users\Shadow\Web-PDFTimeSaver\vendor\sebastian\object-enumerator\.psalm\config.xml","10/3/2025 3:17:14 AM","507"
"C:\Users\Shadow\Web-PDFTimeSaver\vendor\sebastian\object-enumerator\LICENSE","10/3/2025 3:17:14 AM","1585"
"C:\Users\Shadow\Web-PDFTimeSaver\vendor\sebastian\object-enumerator\README.md","10/3/2025 3:17:14 AM","861"
"C:\Users\Shadow\Web-PDFTimeSaver\vendor\sebastian\object-enumerator\build.xml","10/3/2025 3:17:14 AM","1106"
"C:\Users\Shadow\Web-PDFTimeSaver\vendor\sebastian\object-enumerator\composer.json","10/3/2025 3:17:14 AM","1068"
"C:\Users\Shadow\Web-PDFTimeSaver\vendor\sebastian\object-enumerator\phpunit.xml","10/3/2025 3:17:14 AM","866"
"C:\Users\Shadow\Web-PDFTimeSaver\vendor\sebastian\object-enumerator\src\Enumerator.php","10/3/2025 3:17:14 AM","2385"
"C:\Users\Shadow\Web-PDFTimeSaver\vendor\sebastian\object-enumerator\src\Exception.php","10/3/2025 3:17:14 AM","394"
"C:\Users\Shadow\Web-PDFTimeSaver\vendor\sebastian\object-enumerator\src\InvalidArgumentException.php","10/3/2025 3:17:14 AM","424"
"C:\Users\Shadow\Web-PDFTimeSaver\vendor\sebastian\object-enumerator\tests\_fixture\ExceptionThrower.php","10/3/2025 3:17:14 AM","594"
"C:\Users\Shadow\Web-PDFTimeSaver\vendor\sebastian\object-enumerator\tests\unit\EnumeratorTest.php","10/3/2025 3:17:14 AM","3606"
"C:\Users\Shadow\Web-PDFTimeSaver\vendor\sebastian\object-enumerator\tools\composer","10/3/2025 3:17:14 AM","2177123"
"C:\Users\Shadow\Web-PDFTimeSaver\vendor\sebastian\object-enumerator\tools\php-cs-fixer","10/3/2025 3:17:14 AM","1852521"
"C:\Users\Shadow\Web-PDFTimeSaver\vendor\sebastian\object-enumerator\tools\psalm","10/3/2025 3:17:14 AM","8944572"
"C:\Users\Shadow\Web-PDFTimeSaver\vendor\sebastian\object-enumerator\tools\roave-backward-compatibility-check","10/3/2025 3:17:14 AM","1636911"
"C:\Users\Shadow\Web-PDFTimeSaver\vendor\sebastian\global-state\.gitattributes","10/3/2025 3:17:16 AM","362"
"C:\Users\Shadow\Web-PDFTimeSaver\vendor\sebastian\global-state\.github\FUNDING.yml","10/3/2025 3:17:16 AM","27"
"C:\Users\Shadow\Web-PDFTimeSaver\vendor\sebastian\global-state\.github\workflows\ci.yml","10/3/2025 3:17:16 AM","2195"
"C:\Users\Shadow\Web-PDFTimeSaver\vendor\sebastian\global-state\.gitignore","10/3/2025 3:17:16 AM","114"
"C:\Users\Shadow\Web-PDFTimeSaver\vendor\sebastian\global-state\.phive\phars.xml","10/3/2025 3:17:16 AM","546"
"C:\Users\Shadow\Web-PDFTimeSaver\vendor\sebastian\global-state\.php-cs-fixer.dist.php","10/3/2025 3:17:16 AM","11116"
"C:\Users\Shadow\Web-PDFTimeSaver\vendor\sebastian\global-state\.psalm\baseline.xml","10/3/2025 3:17:16 AM","892"
"C:\Users\Shadow\Web-PDFTimeSaver\vendor\sebastian\global-state\.psalm\config.xml","10/3/2025 3:17:16 AM","542"
"C:\Users\Shadow\Web-PDFTimeSaver\vendor\sebastian\global-state\ChangeLog.md","10/3/2025 3:17:16 AM","3085"
"C:\Users\Shadow\Web-PDFTimeSaver\vendor\sebastian\global-state\LICENSE","10/3/2025 3:17:16 AM","1590"
"C:\Users\Shadow\Web-PDFTimeSaver\vendor\sebastian\global-state\README.md","10/3/2025 3:17:16 AM","828"
"C:\Users\Shadow\Web-PDFTimeSaver\vendor\sebastian\global-state\build.xml","10/3/2025 3:17:16 AM","967"
"C:\Users\Shadow\Web-PDFTimeSaver\vendor\sebastian\global-state\composer.json","10/3/2025 3:17:16 AM","1203"
"C:\Users\Shadow\Web-PDFTimeSaver\vendor\sebastian\global-state\phpunit.xml","10/3/2025 3:17:16 AM","1049"
"C:\Users\Shadow\Web-PDFTimeSaver\vendor\sebastian\global-state\src\CodeExporter.php","10/3/2025 3:17:16 AM","2774"
"C:\Users\Shadow\Web-PDFTimeSaver\vendor\sebastian\global-state\src\ExcludeList.php","10/3/2025 3:17:16 AM","2856"
"C:\Users\Shadow\Web-PDFTimeSaver\vendor\sebastian\global-state\src\Restorer.php","10/3/2025 3:17:16 AM","4982"
"C:\Users\Shadow\Web-PDFTimeSaver\vendor\sebastian\global-state\src\Snapshot.php","10/3/2025 3:17:16 AM","11774"
"C:\Users\Shadow\Web-PDFTimeSaver\vendor\sebastian\global-state\src\exceptions\RuntimeException.php","10/3/2025 3:17:16 AM","404"
"C:\Users\Shadow\Web-PDFTimeSaver\vendor\sebastian\global-state\src\exceptions\Exception.php","10/3/2025 3:17:16 AM","384"
"C:\Users\Shadow\Web-PDFTimeSaver\vendor\sebastian\global-state\tests\_fixture\ExcludedChildClass.php","10/3/2025 3:17:16 AM","387"
"C:\Users\Shadow\Web-PDFTimeSaver\vendor\sebastian\global-state\tests\_fixture\ExcludedClass.php","10/3/2025 3:17:16 AM","421"
"C:\Users\Shadow\Web-PDFTimeSaver\vendor\sebastian\global-state\tests\_fixture\ExcludedImplementor.php","10/3/2025 3:17:16 AM","427"
"C:\Users\Shadow\Web-PDFTimeSaver\vendor\sebastian\global-state\tests\_fixture\ExcludedInterface.php","10/3/2025 3:17:16 AM","368"
"C:\Users\Shadow\Web-PDFTimeSaver\vendor\sebastian\global-state\tests\_fixture\SnapshotClass.php","10/3/2025 3:17:16 AM","889"
"C:\Users\Shadow\Web-PDFTimeSaver\vendor\sebastian\global-state\tests\_fixture\SnapshotClassTyped.php","10/3/2025 3:17:16 AM","534"
"C:\Users\Shadow\Web-PDFTimeSaver\vendor\sebastian\global-state\tests\_fixture\SnapshotDomDocument.php","10/3/2025 3:17:16 AM","406"
"C:\Users\Shadow\Web-PDFTimeSaver\vendor\sebastian\global-state\tests\_fixture\SnapshotFunctions.php","10/3/2025 3:17:16 AM","374"
"C:\Users\Shadow\Web-PDFTimeSaver\vendor\sebastian\global-state\tests\_fixture\SnapshotTrait.php","10/3/2025 3:17:16 AM","360"
"C:\Users\Shadow\Web-PDFTimeSaver\vendor\sebastian\global-state\tests\unit\CodeExporterTest.php","10/3/2025 3:17:16 AM","2495"
"C:\Users\Shadow\Web-PDFTimeSaver\vendor\sebastian\global-state\tests\unit\ExcludeListTest.php","10/3/2025 3:17:16 AM","3357"
"C:\Users\Shadow\Web-PDFTimeSaver\vendor\sebastian\global-state\tests\unit\RestorerTest.php","10/3/2025 3:17:16 AM","2247"
"C:\Users\Shadow\Web-PDFTimeSaver\vendor\sebastian\global-state\tests\unit\SnapshotTest.php","10/3/2025 3:17:16 AM","6946"
"C:\Users\Shadow\Web-PDFTimeSaver\vendor\sebastian\global-state\tools\composer","10/3/2025 3:17:16 AM","2361099"
"C:\Users\Shadow\Web-PDFTimeSaver\vendor\sebastian\global-state\tools\php-cs-fixer","10/3/2025 3:17:16 AM","2584781"
"C:\Users\Shadow\Web-PDFTimeSaver\vendor\sebastian\global-state\tools\psalm","10/3/2025 3:17:16 AM","11749531"
"C:\Users\Shadow\Web-PDFTimeSaver\vendor\sebastian\global-state\tools\roave-backward-compatibility-check","10/3/2025 3:17:16 AM","1636911"
"C:\Users\Shadow\Web-PDFTimeSaver\vendor\sebastian\exporter\.gitattributes","10/3/2025 3:17:19 AM","362"
"C:\Users\Shadow\Web-PDFTimeSaver\vendor\sebastian\exporter\.github\FUNDING.yml","10/3/2025 3:17:19 AM","27"
"C:\Users\Shadow\Web-PDFTimeSaver\vendor\sebastian\exporter\.github\workflows\ci.yml","10/3/2025 3:17:19 AM","2046"
"C:\Users\Shadow\Web-PDFTimeSaver\vendor\sebastian\exporter\.gitignore","10/3/2025 3:17:19 AM","107"
"C:\Users\Shadow\Web-PDFTimeSaver\vendor\sebastian\exporter\.phive\phars.xml","10/3/2025 3:17:19 AM","395"
"C:\Users\Shadow\Web-PDFTimeSaver\vendor\sebastian\exporter\.php-cs-fixer.dist.php","10/3/2025 3:17:19 AM","11185"
"C:\Users\Shadow\Web-PDFTimeSaver\vendor\sebastian\exporter\.psalm\baseline.xml","10/3/2025 3:17:19 AM","666"
"C:\Users\Shadow\Web-PDFTimeSaver\vendor\sebastian\exporter\.psalm\config.xml","10/3/2025 3:17:19 AM","542"
"C:\Users\Shadow\Web-PDFTimeSaver\vendor\sebastian\exporter\ChangeLog.md","10/3/2025 3:17:19 AM","1891"
"C:\Users\Shadow\Web-PDFTimeSaver\vendor\sebastian\exporter\LICENSE","10/3/2025 3:17:19 AM","1576"
"C:\Users\Shadow\Web-PDFTimeSaver\vendor\sebastian\exporter\README.md","10/3/2025 3:17:19 AM","3198"
"C:\Users\Shadow\Web-PDFTimeSaver\vendor\sebastian\exporter\build.xml","10/3/2025 3:17:19 AM","963"
"C:\Users\Shadow\Web-PDFTimeSaver\vendor\sebastian\exporter\composer.json","10/3/2025 3:17:19 AM","1386"
"C:\Users\Shadow\Web-PDFTimeSaver\vendor\sebastian\exporter\phpunit.xml","10/3/2025 3:17:19 AM","989"
"C:\Users\Shadow\Web-PDFTimeSaver\vendor\sebastian\exporter\src\Exporter.php","10/3/2025 3:17:19 AM","10389"
"C:\Users\Shadow\Web-PDFTimeSaver\vendor\sebastian\exporter\tests\ExporterTest.php","10/3/2025 3:17:19 AM","13292"
"C:\Users\Shadow\Web-PDFTimeSaver\vendor\sebastian\exporter\tools\composer","10/3/2025 3:17:19 AM","2287395"
"C:\Users\Shadow\Web-PDFTimeSaver\vendor\sebastian\exporter\tools\php-cs-fixer","10/3/2025 3:17:19 AM","2246188"
"C:\Users\Shadow\Web-PDFTimeSaver\vendor\sebastian\exporter\tools\psalm","10/3/2025 3:17:19 AM","11459502"
"C:\Users\Shadow\Web-PDFTimeSaver\vendor\sebastian\environment\.gitattributes","10/3/2025 3:17:21 AM","364"
"C:\Users\Shadow\Web-PDFTimeSaver\vendor\sebastian\environment\.github\FUNDING.yml","10/3/2025 3:17:21 AM","27"
"C:\Users\Shadow\Web-PDFTimeSaver\vendor\sebastian\environment\.github\workflows\ci.yml","10/3/2025 3:17:21 AM","2439"
"C:\Users\Shadow\Web-PDFTimeSaver\vendor\sebastian\environment\.gitignore","10/3/2025 3:17:21 AM","114"
"C:\Users\Shadow\Web-PDFTimeSaver\vendor\sebastian\environment\.phive\phars.xml","10/3/2025 3:17:21 AM","394"
"C:\Users\Shadow\Web-PDFTimeSaver\vendor\sebastian\environment\.php-cs-fixer.dist.php","10/3/2025 3:17:21 AM","11115"
"C:\Users\Shadow\Web-PDFTimeSaver\vendor\sebastian\environment\.psalm\baseline.xml","10/3/2025 3:17:21 AM","799"
"C:\Users\Shadow\Web-PDFTimeSaver\vendor\sebastian\environment\.psalm\config.xml","10/3/2025 3:17:21 AM","516"
"C:\Users\Shadow\Web-PDFTimeSaver\vendor\sebastian\environment\ChangeLog.md","10/3/2025 3:17:21 AM","6033"
"C:\Users\Shadow\Web-PDFTimeSaver\vendor\sebastian\environment\LICENSE","10/3/2025 3:17:21 AM","1589"
"C:\Users\Shadow\Web-PDFTimeSaver\vendor\sebastian\environment\README.md","10/3/2025 3:17:21 AM","1021"
"C:\Users\Shadow\Web-PDFTimeSaver\vendor\sebastian\environment\build.xml","10/3/2025 3:17:21 AM","966"
"C:\Users\Shadow\Web-PDFTimeSaver\vendor\sebastian\environment\composer.json","10/3/2025 3:17:21 AM","943"
"C:\Users\Shadow\Web-PDFTimeSaver\vendor\sebastian\environment\phpunit.xml","10/3/2025 3:17:21 AM","837"
"C:\Users\Shadow\Web-PDFTimeSaver\vendor\sebastian\environment\src\Console.php","10/3/2025 3:17:21 AM","5205"
"C:\Users\Shadow\Web-PDFTimeSaver\vendor\sebastian\environment\src\OperatingSystem.php","10/3/2025 3:17:21 AM","1303"
"C:\Users\Shadow\Web-PDFTimeSaver\vendor\sebastian\environment\src\Runtime.php","10/3/2025 3:17:21 AM","8592"
"C:\Users\Shadow\Web-PDFTimeSaver\vendor\sebastian\environment\tests\ConsoleTest.php","10/3/2025 3:17:21 AM","1879"
"C:\Users\Shadow\Web-PDFTimeSaver\vendor\sebastian\environment\tests\OperatingSystemTest.php","10/3/2025 3:17:21 AM","1495"
"C:\Users\Shadow\Web-PDFTimeSaver\vendor\sebastian\environment\tests\RuntimeTest.php","10/3/2025 3:17:21 AM","4884"
"C:\Users\Shadow\Web-PDFTimeSaver\vendor\sebastian\environment\tools\composer","10/3/2025 3:17:21 AM","2693189"
"C:\Users\Shadow\Web-PDFTimeSaver\vendor\sebastian\environment\tools\php-cs-fixer","10/3/2025 3:17:21 AM","2605585"
"C:\Users\Shadow\Web-PDFTimeSaver\vendor\sebastian\environment\tools\psalm","10/3/2025 3:17:21 AM","11782721"
"C:\Users\Shadow\Web-PDFTimeSaver\vendor\sebastian\diff\.gitattributes","10/3/2025 3:17:24 AM","352"
"C:\Users\Shadow\Web-PDFTimeSaver\vendor\sebastian\diff\.github\FUNDING.yml","10/3/2025 3:17:24 AM","27"
"C:\Users\Shadow\Web-PDFTimeSaver\vendor\sebastian\diff\.github\workflows\ci.yml","10/3/2025 3:17:24 AM","2864"
"C:\Users\Shadow\Web-PDFTimeSaver\vendor\sebastian\diff\.gitignore","10/3/2025 3:17:24 AM","98"
"C:\Users\Shadow\Web-PDFTimeSaver\vendor\sebastian\diff\.phive\phars.xml","10/3/2025 3:17:24 AM","445"
"C:\Users\Shadow\Web-PDFTimeSaver\vendor\sebastian\diff\.php_cs.dist","10/3/2025 3:17:24 AM","8139"
"C:\Users\Shadow\Web-PDFTimeSaver\vendor\sebastian\diff\.psalm\baseline.xml","10/3/2025 3:17:24 AM","1506"
"C:\Users\Shadow\Web-PDFTimeSaver\vendor\sebastian\diff\.psalm\config.xml","10/3/2025 3:17:24 AM","542"
"C:\Users\Shadow\Web-PDFTimeSaver\vendor\sebastian\diff\ChangeLog.md","10/3/2025 3:17:24 AM","3124"
"C:\Users\Shadow\Web-PDFTimeSaver\vendor\sebastian\diff\LICENSE","10/3/2025 3:17:24 AM","1582"
"C:\Users\Shadow\Web-PDFTimeSaver\vendor\sebastian\diff\README.md","10/3/2025 3:17:24 AM","7917"
"C:\Users\Shadow\Web-PDFTimeSaver\vendor\sebastian\diff\build.xml","10/3/2025 3:17:24 AM","1093"
"C:\Users\Shadow\Web-PDFTimeSaver\vendor\sebastian\diff\composer.json","10/3/2025 3:17:24 AM","1088"
"C:\Users\Shadow\Web-PDFTimeSaver\vendor\sebastian\diff\phpunit.xml","10/3/2025 3:17:24 AM","866"
"C:\Users\Shadow\Web-PDFTimeSaver\vendor\sebastian\diff\src\Chunk.php","10/3/2025 3:17:24 AM","1733"
"C:\Users\Shadow\Web-PDFTimeSaver\vendor\sebastian\diff\src\Diff.php","10/3/2025 3:17:24 AM","1193"
"C:\Users\Shadow\Web-PDFTimeSaver\vendor\sebastian\diff\src\Differ.php","10/3/2025 3:17:24 AM","9773"
"C:\Users\Shadow\Web-PDFTimeSaver\vendor\sebastian\diff\src\Exception\ConfigurationException.php","10/3/2025 3:17:24 AM","1025"
"C:\Users\Shadow\Web-PDFTimeSaver\vendor\sebastian\diff\src\Exception\Exception.php","10/3/2025 3:17:24 AM","369"
"C:\Users\Shadow\Web-PDFTimeSaver\vendor\sebastian\diff\src\Exception\InvalidArgumentException.php","10/3/2025 3:17:24 AM","399"
"C:\Users\Shadow\Web-PDFTimeSaver\vendor\sebastian\diff\src\Line.php","10/3/2025 3:17:24 AM","893"
"C:\Users\Shadow\Web-PDFTimeSaver\vendor\sebastian\diff\src\MemoryEfficientLongestCommonSubsequenceCalculator.php","10/3/2025 3:17:24 AM","2598"
"C:\Users\Shadow\Web-PDFTimeSaver\vendor\sebastian\diff\src\LongestCommonSubsequenceCalculator.php","10/3/2025 3:17:24 AM","504"
"C:\Users\Shadow\Web-PDFTimeSaver\vendor\sebastian\diff\src\Output\AbstractChunkOutputBuilder.php","10/3/2025 3:17:24 AM","1590"
"C:\Users\Shadow\Web-PDFTimeSaver\vendor\sebastian\diff\src\Output\DiffOnlyOutputBuilder.php","10/3/2025 3:17:24 AM","2170"
"C:\Users\Shadow\Web-PDFTimeSaver\vendor\sebastian\diff\src\Output\DiffOutputBuilderInterface.php","10/3/2025 3:17:24 AM","540"
"C:\Users\Shadow\Web-PDFTimeSaver\vendor\sebastian\diff\src\Output\StrictUnifiedDiffOutputBuilder.php","10/3/2025 3:17:24 AM","11316"
"C:\Users\Shadow\Web-PDFTimeSaver\vendor\sebastian\diff\src\Output\UnifiedDiffOutputBuilder.php","10/3/2025 3:17:24 AM","8758"
"C:\Users\Shadow\Web-PDFTimeSaver\vendor\sebastian\diff\src\Parser.php","10/3/2025 3:17:24 AM","3204"
"C:\Users\Shadow\Web-PDFTimeSaver\vendor\sebastian\diff\src\TimeEfficientLongestCommonSubsequenceCalculator.php","10/3/2025 3:17:24 AM","2452"
"C:\Users\Shadow\Web-PDFTimeSaver\vendor\sebastian\diff\tests\ChunkTest.php","10/3/2025 3:17:24 AM","1797"
"C:\Users\Shadow\Web-PDFTimeSaver\vendor\sebastian\diff\tests\DiffTest.php","10/3/2025 3:17:24 AM","1708"
"C:\Users\Shadow\Web-PDFTimeSaver\vendor\sebastian\diff\tests\DifferTest.php","10/3/2025 3:17:24 AM","12129"
"C:\Users\Shadow\Web-PDFTimeSaver\vendor\sebastian\diff\tests\Exception\ConfigurationExceptionTest.php","10/3/2025 3:17:24 AM","1203"
"C:\Users\Shadow\Web-PDFTimeSaver\vendor\sebastian\diff\tests\Exception\InvalidArgumentExceptionTest.php","10/3/2025 3:17:24 AM","1049"
"C:\Users\Shadow\Web-PDFTimeSaver\vendor\sebastian\diff\tests\LineTest.php","10/3/2025 3:17:24 AM","985"
"C:\Users\Shadow\Web-PDFTimeSaver\vendor\sebastian\diff\tests\LongestCommonSubsequenceTest.php","10/3/2025 3:17:24 AM","6002"
"C:\Users\Shadow\Web-PDFTimeSaver\vendor\sebastian\diff\tests\MemoryEfficientImplementationTest.php","10/3/2025 3:17:24 AM","660"
"C:\Users\Shadow\Web-PDFTimeSaver\vendor\sebastian\diff\tests\Output\AbstractChunkOutputBuilderTest.php","10/3/2025 3:17:24 AM","4416"
"C:\Users\Shadow\Web-PDFTimeSaver\vendor\sebastian\diff\tests\Output\DiffOnlyOutputBuilderTest.php","10/3/2025 3:17:24 AM","1845"
"C:\Users\Shadow\Web-PDFTimeSaver\vendor\sebastian\diff\tests\Output\Integration\StrictUnifiedDiffOutputBuilderIntegrationTest.php","10/3/2025 3:17:24 AM","10517"
"C:\Users\Shadow\Web-PDFTimeSaver\vendor\sebastian\diff\tests\Output\Integration\UnifiedDiffOutputBuilderIntegrationTest.php","10/3/2025 3:17:24 AM","5143"
"C:\Users\Shadow\Web-PDFTimeSaver\vendor\sebastian\diff\tests\Output\StrictUnifiedDiffOutputBuilderDataProvider.php","10/3/2025 3:17:24 AM","3729"
"C:\Users\Shadow\Web-PDFTimeSaver\vendor\sebastian\diff\tests\Output\StrictUnifiedDiffOutputBuilderTest.php","10/3/2025 3:17:24 AM","17672"
"C:\Users\Shadow\Web-PDFTimeSaver\vendor\sebastian\diff\tests\Output\UnifiedDiffOutputBuilderDataProvider.php","10/3/2025 3:17:24 AM","6263"
"C:\Users\Shadow\Web-PDFTimeSaver\vendor\sebastian\diff\tests\ParserTest.php","10/3/2025 3:17:24 AM","6236"
"C:\Users\Shadow\Web-PDFTimeSaver\vendor\sebastian\diff\tests\Output\UnifiedDiffOutputBuilderTest.php","10/3/2025 3:17:24 AM","2958"
"C:\Users\Shadow\Web-PDFTimeSaver\vendor\sebastian\diff\tests\TimeEfficientImplementationTest.php","10/3/2025 3:17:24 AM","654"
"C:\Users\Shadow\Web-PDFTimeSaver\vendor\sebastian\diff\tests\Utils\FileUtils.php","10/3/2025 3:17:24 AM","900"
"C:\Users\Shadow\Web-PDFTimeSaver\vendor\sebastian\diff\tests\Utils\UnifiedDiffAssertTrait.php","10/3/2025 3:17:24 AM","11409"
"C:\Users\Shadow\Web-PDFTimeSaver\vendor\sebastian\diff\tests\Utils\UnifiedDiffAssertTraitIntegrationTest.php","10/3/2025 3:17:24 AM","4362"
"C:\Users\Shadow\Web-PDFTimeSaver\vendor\sebastian\diff\tests\Utils\UnifiedDiffAssertTraitTest.php","10/3/2025 3:17:24 AM","12039"
"C:\Users\Shadow\Web-PDFTimeSaver\vendor\sebastian\diff\tests\fixtures\.editorconfig","10/3/2025 3:17:24 AM","13"
"C:\Users\Shadow\Web-PDFTimeSaver\vendor\sebastian\diff\tests\fixtures\UnifiedDiffAssertTraitIntegrationTest\1_a.txt","10/3/2025 3:17:24 AM","1"
"C:\Users\Shadow\Web-PDFTimeSaver\vendor\sebastian\diff\tests\fixtures\UnifiedDiffAssertTraitIntegrationTest\1_b.txt","10/3/2025 3:17:24 AM","0"
"C:\Users\Shadow\Web-PDFTimeSaver\vendor\sebastian\diff\tests\fixtures\UnifiedDiffAssertTraitIntegrationTest\2_a.txt","10/3/2025 3:17:24 AM","103"
"C:\Users\Shadow\Web-PDFTimeSaver\vendor\sebastian\diff\tests\fixtures\UnifiedDiffAssertTraitIntegrationTest\2_b.txt","10/3/2025 3:17:24 AM","52"
"C:\Users\Shadow\Web-PDFTimeSaver\vendor\sebastian\diff\tests\fixtures\out\.editorconfig","10/3/2025 3:17:24 AM","13"
"C:\Users\Shadow\Web-PDFTimeSaver\vendor\sebastian\diff\tests\fixtures\out\.gitignore","10/3/2025 3:17:24 AM","69"
"C:\Users\Shadow\Web-PDFTimeSaver\vendor\sebastian\diff\tests\fixtures\patch.txt","10/3/2025 3:17:24 AM","209"
"C:\Users\Shadow\Web-PDFTimeSaver\vendor\sebastian\diff\tests\fixtures\patch2.txt","10/3/2025 3:17:24 AM","431"
"C:\Users\Shadow\Web-PDFTimeSaver\vendor\sebastian\diff\tests\fixtures\serialized_diff.bin","10/3/2025 3:17:24 AM","4143"
"C:\Users\Shadow\Web-PDFTimeSaver\vendor\sebastian\diff\tools\composer","10/3/2025 3:17:24 AM","2177123"
"C:\Users\Shadow\Web-PDFTimeSaver\vendor\sebastian\diff\tools\php-cs-fixer","10/3/2025 3:17:24 AM","1852521"
"C:\Users\Shadow\Web-PDFTimeSaver\vendor\sebastian\diff\tools\psalm","10/3/2025 3:17:24 AM","8944572"
"C:\Users\Shadow\Web-PDFTimeSaver\vendor\sebastian\diff\tools\roave-backward-compatibility-check","10/3/2025 3:17:24 AM","1636911"
"C:\Users\Shadow\Web-PDFTimeSaver\vendor\sebastian\comparator\.gitattributes","10/3/2025 3:17:26 AM","352"
"C:\Users\Shadow\Web-PDFTimeSaver\vendor\sebastian\comparator\.github\FUNDING.yml","10/3/2025 3:17:26 AM","27"
"C:\Users\Shadow\Web-PDFTimeSaver\vendor\sebastian\comparator\.github\workflows\ci.yml","10/3/2025 3:17:26 AM","2825"
"C:\Users\Shadow\Web-PDFTimeSaver\vendor\sebastian\comparator\.gitignore","10/3/2025 3:17:26 AM","98"
"C:\Users\Shadow\Web-PDFTimeSaver\vendor\sebastian\comparator\.phive\phars.xml","10/3/2025 3:17:26 AM","445"
"C:\Users\Shadow\Web-PDFTimeSaver\vendor\sebastian\comparator\.php_cs.dist","10/3/2025 3:17:26 AM","8146"
"C:\Users\Shadow\Web-PDFTimeSaver\vendor\sebastian\comparator\.psalm\baseline.xml","10/3/2025 3:17:26 AM","5023"
"C:\Users\Shadow\Web-PDFTimeSaver\vendor\sebastian\comparator\.psalm\config.xml","10/3/2025 3:17:26 AM","542"
"C:\Users\Shadow\Web-PDFTimeSaver\vendor\sebastian\comparator\ChangeLog.md","10/3/2025 3:17:26 AM","4608"
"C:\Users\Shadow\Web-PDFTimeSaver\vendor\sebastian\comparator\LICENSE","10/3/2025 3:17:26 AM","1578"
"C:\Users\Shadow\Web-PDFTimeSaver\vendor\sebastian\comparator\README.md","10/3/2025 3:17:26 AM","1353"
"C:\Users\Shadow\Web-PDFTimeSaver\vendor\sebastian\comparator\build.xml","10/3/2025 3:17:26 AM","1164"
"C:\Users\Shadow\Web-PDFTimeSaver\vendor\sebastian\comparator\composer.json","10/3/2025 3:17:26 AM","1391"
"C:\Users\Shadow\Web-PDFTimeSaver\vendor\sebastian\comparator\phpunit.xml","10/3/2025 3:17:26 AM","866"
"C:\Users\Shadow\Web-PDFTimeSaver\vendor\sebastian\comparator\src\ArrayComparator.php","10/3/2025 3:17:26 AM","4690"
"C:\Users\Shadow\Web-PDFTimeSaver\vendor\sebastian\comparator\src\Comparator.php","10/3/2025 3:17:26 AM","1724"
"C:\Users\Shadow\Web-PDFTimeSaver\vendor\sebastian\comparator\src\ComparisonFailure.php","10/3/2025 3:17:26 AM","3166"
"C:\Users\Shadow\Web-PDFTimeSaver\vendor\sebastian\comparator\src\DOMNodeComparator.php","10/3/2025 3:17:26 AM","3055"
"C:\Users\Shadow\Web-PDFTimeSaver\vendor\sebastian\comparator\src\DateTimeComparator.php","10/3/2025 3:17:26 AM","3284"
"C:\Users\Shadow\Web-PDFTimeSaver\vendor\sebastian\comparator\src\ExceptionComparator.php","10/3/2025 3:17:26 AM","1340"
"C:\Users\Shadow\Web-PDFTimeSaver\vendor\sebastian\comparator\src\DoubleComparator.php","10/3/2025 3:17:26 AM","1842"
"C:\Users\Shadow\Web-PDFTimeSaver\vendor\sebastian\comparator\src\Factory.php","10/3/2025 3:17:26 AM","4132"
"C:\Users\Shadow\Web-PDFTimeSaver\vendor\sebastian\comparator\src\MockObjectComparator.php","10/3/2025 3:17:26 AM","1272"
"C:\Users\Shadow\Web-PDFTimeSaver\vendor\sebastian\comparator\src\NumericComparator.php","10/3/2025 3:17:26 AM","2666"
"C:\Users\Shadow\Web-PDFTimeSaver\vendor\sebastian\comparator\src\ObjectComparator.php","10/3/2025 3:17:26 AM","3866"
"C:\Users\Shadow\Web-PDFTimeSaver\vendor\sebastian\comparator\src\ResourceComparator.php","10/3/2025 3:17:26 AM","1696"
"C:\Users\Shadow\Web-PDFTimeSaver\vendor\sebastian\comparator\src\ScalarComparator.php","10/3/2025 3:17:26 AM","3555"
"C:\Users\Shadow\Web-PDFTimeSaver\vendor\sebastian\comparator\src\SplObjectStorageComparator.php","10/3/2025 3:17:26 AM","2399"
"C:\Users\Shadow\Web-PDFTimeSaver\vendor\sebastian\comparator\src\TypeComparator.php","10/3/2025 3:17:26 AM","1904"
"C:\Users\Shadow\Web-PDFTimeSaver\vendor\sebastian\comparator\src\exceptions\Exception.php","10/3/2025 3:17:26 AM","381"
"C:\Users\Shadow\Web-PDFTimeSaver\vendor\sebastian\comparator\src\exceptions\RuntimeException.php","10/3/2025 3:17:26 AM","401"
"C:\Users\Shadow\Web-PDFTimeSaver\vendor\sebastian\comparator\tests\ArrayComparatorTest.php","10/3/2025 3:17:26 AM","4112"
"C:\Users\Shadow\Web-PDFTimeSaver\vendor\sebastian\comparator\tests\ComparisonFailureTest.php","10/3/2025 3:17:26 AM","1627"
"C:\Users\Shadow\Web-PDFTimeSaver\vendor\sebastian\comparator\tests\DOMNodeComparatorTest.php","10/3/2025 3:17:26 AM","5307"
"C:\Users\Shadow\Web-PDFTimeSaver\vendor\sebastian\comparator\tests\DateTimeComparatorTest.php","10/3/2025 3:17:26 AM","7520"
"C:\Users\Shadow\Web-PDFTimeSaver\vendor\sebastian\comparator\tests\DoubleComparatorTest.php","10/3/2025 3:17:26 AM","3415"
"C:\Users\Shadow\Web-PDFTimeSaver\vendor\sebastian\comparator\tests\ExceptionComparatorTest.php","10/3/2025 3:17:26 AM","3844"
"C:\Users\Shadow\Web-PDFTimeSaver\vendor\sebastian\comparator\tests\FactoryTest.php","10/3/2025 3:17:26 AM","4910"
"C:\Users\Shadow\Web-PDFTimeSaver\vendor\sebastian\comparator\tests\MockObjectComparatorTest.php","10/3/2025 3:17:26 AM","6214"
"C:\Users\Shadow\Web-PDFTimeSaver\vendor\sebastian\comparator\tests\NumericComparatorTest.php","10/3/2025 3:17:26 AM","4451"
"C:\Users\Shadow\Web-PDFTimeSaver\vendor\sebastian\comparator\tests\ObjectComparatorTest.php","10/3/2025 3:17:26 AM","4434"
"C:\Users\Shadow\Web-PDFTimeSaver\vendor\sebastian\comparator\tests\ResourceComparatorTest.php","10/3/2025 3:17:26 AM","2984"
"C:\Users\Shadow\Web-PDFTimeSaver\vendor\sebastian\comparator\tests\ScalarComparatorTest.php","10/3/2025 3:17:26 AM","5245"
"C:\Users\Shadow\Web-PDFTimeSaver\vendor\sebastian\comparator\tests\SplObjectStorageComparatorTest.php","10/3/2025 3:17:26 AM","3958"
"C:\Users\Shadow\Web-PDFTimeSaver\vendor\sebastian\comparator\tests\TypeComparatorTest.php","10/3/2025 3:17:26 AM","2670"
"C:\Users\Shadow\Web-PDFTimeSaver\vendor\sebastian\comparator\tests\_fixture\Author.php","10/3/2025 3:17:26 AM","569"
"C:\Users\Shadow\Web-PDFTimeSaver\vendor\sebastian\comparator\tests\_fixture\Book.php","10/3/2025 3:17:26 AM","447"
"C:\Users\Shadow\Web-PDFTimeSaver\vendor\sebastian\comparator\tests\_fixture\ClassWithToString.php","10/3/2025 3:17:26 AM","438"
"C:\Users\Shadow\Web-PDFTimeSaver\vendor\sebastian\comparator\tests\_fixture\SampleClass.php","10/3/2025 3:17:26 AM","564"
"C:\Users\Shadow\Web-PDFTimeSaver\vendor\sebastian\comparator\tests\_fixture\Struct.php","10/3/2025 3:17:26 AM","463"
"C:\Users\Shadow\Web-PDFTimeSaver\vendor\sebastian\comparator\tests\_fixture\TestClass.php","10/3/2025 3:17:26 AM","341"
"C:\Users\Shadow\Web-PDFTimeSaver\vendor\sebastian\comparator\tests\_fixture\TestClassComparator.php","10/3/2025 3:17:26 AM","376"
"C:\Users\Shadow\Web-PDFTimeSaver\vendor\sebastian\comparator\tools\composer","10/3/2025 3:17:26 AM","2177123"
"C:\Users\Shadow\Web-PDFTimeSaver\vendor\sebastian\comparator\tools\php-cs-fixer","10/3/2025 3:17:26 AM","1852521"
"C:\Users\Shadow\Web-PDFTimeSaver\vendor\sebastian\comparator\tools\psalm","10/3/2025 3:17:26 AM","8944572"
"C:\Users\Shadow\Web-PDFTimeSaver\vendor\sebastian\comparator\tools\roave-backward-compatibility-check","10/3/2025 3:17:26 AM","1636911"
"C:\Users\Shadow\Web-PDFTimeSaver\vendor\sebastian\code-unit\.gitattributes","10/3/2025 3:17:29 AM","445"
"C:\Users\Shadow\Web-PDFTimeSaver\vendor\sebastian\code-unit\.github\FUNDING.yml","10/3/2025 3:17:29 AM","27"
"C:\Users\Shadow\Web-PDFTimeSaver\vendor\sebastian\code-unit\.github\workflows\ci.yml","10/3/2025 3:17:29 AM","2825"
"C:\Users\Shadow\Web-PDFTimeSaver\vendor\sebastian\code-unit\.gitignore","10/3/2025 3:17:29 AM","83"
"C:\Users\Shadow\Web-PDFTimeSaver\vendor\sebastian\code-unit\.phive\phars.xml","10/3/2025 3:17:29 AM","551"
"C:\Users\Shadow\Web-PDFTimeSaver\vendor\sebastian\code-unit\.php_cs.dist","10/3/2025 3:17:29 AM","8144"
"C:\Users\Shadow\Web-PDFTimeSaver\vendor\sebastian\code-unit\.psalm\baseline.xml","10/3/2025 3:17:29 AM","705"
"C:\Users\Shadow\Web-PDFTimeSaver\vendor\sebastian\code-unit\.psalm\config.xml","10/3/2025 3:17:29 AM","506"
"C:\Users\Shadow\Web-PDFTimeSaver\vendor\sebastian\code-unit\ChangeLog.md","10/3/2025 3:17:29 AM","2099"
"C:\Users\Shadow\Web-PDFTimeSaver\vendor\sebastian\code-unit\LICENSE","10/3/2025 3:17:29 AM","1582"
"C:\Users\Shadow\Web-PDFTimeSaver\vendor\sebastian\code-unit\README.md","10/3/2025 3:17:29 AM","494"
"C:\Users\Shadow\Web-PDFTimeSaver\vendor\sebastian\code-unit\build.xml","10/3/2025 3:17:29 AM","1074"
"C:\Users\Shadow\Web-PDFTimeSaver\vendor\sebastian\code-unit\composer.json","10/3/2025 3:17:29 AM","1230"
"C:\Users\Shadow\Web-PDFTimeSaver\vendor\sebastian\code-unit\infection.json","10/3/2025 3:17:29 AM","509"
"C:\Users\Shadow\Web-PDFTimeSaver\vendor\sebastian\code-unit\phpunit.xml","10/3/2025 3:17:29 AM","866"
"C:\Users\Shadow\Web-PDFTimeSaver\vendor\sebastian\code-unit\src\ClassMethodUnit.php","10/3/2025 3:17:29 AM","547"
"C:\Users\Shadow\Web-PDFTimeSaver\vendor\sebastian\code-unit\src\ClassUnit.php","10/3/2025 3:17:29 AM","529"
"C:\Users\Shadow\Web-PDFTimeSaver\vendor\sebastian\code-unit\src\CodeUnit.php","10/3/2025 3:17:29 AM","11924"
"C:\Users\Shadow\Web-PDFTimeSaver\vendor\sebastian\code-unit\src\CodeUnitCollection.php","10/3/2025 3:17:29 AM","1809"
"C:\Users\Shadow\Web-PDFTimeSaver\vendor\sebastian\code-unit\src\CodeUnitCollectionIterator.php","10/3/2025 3:17:29 AM","1131"
"C:\Users\Shadow\Web-PDFTimeSaver\vendor\sebastian\code-unit\src\FunctionUnit.php","10/3/2025 3:17:29 AM","538"
"C:\Users\Shadow\Web-PDFTimeSaver\vendor\sebastian\code-unit\src\InterfaceMethodUnit.php","10/3/2025 3:17:29 AM","555"
"C:\Users\Shadow\Web-PDFTimeSaver\vendor\sebastian\code-unit\src\InterfaceUnit.php","10/3/2025 3:17:29 AM","541"
"C:\Users\Shadow\Web-PDFTimeSaver\vendor\sebastian\code-unit\src\Mapper.php","10/3/2025 3:17:29 AM","12612"
"C:\Users\Shadow\Web-PDFTimeSaver\vendor\sebastian\code-unit\src\TraitMethodUnit.php","10/3/2025 3:17:29 AM","547"
"C:\Users\Shadow\Web-PDFTimeSaver\vendor\sebastian\code-unit\src\TraitUnit.php","10/3/2025 3:17:29 AM","529"
"C:\Users\Shadow\Web-PDFTimeSaver\vendor\sebastian\code-unit\src\exceptions\Exception.php","10/3/2025 3:17:29 AM","378"
"C:\Users\Shadow\Web-PDFTimeSaver\vendor\sebastian\code-unit\src\exceptions\InvalidCodeUnitException.php","10/3/2025 3:17:29 AM","430"
"C:\Users\Shadow\Web-PDFTimeSaver\vendor\sebastian\code-unit\src\exceptions\NoTraitException.php","10/3/2025 3:17:29 AM","422"
"C:\Users\Shadow\Web-PDFTimeSaver\vendor\sebastian\code-unit\src\exceptions\ReflectionException.php","10/3/2025 3:17:29 AM","425"
"C:\Users\Shadow\Web-PDFTimeSaver\vendor\sebastian\code-unit\tests\_fixture\FixtureAnotherTrait.php","10/3/2025 3:17:29 AM","429"
"C:\Users\Shadow\Web-PDFTimeSaver\vendor\sebastian\code-unit\tests\_fixture\FixtureChildClassWithTrait.php","10/3/2025 3:17:29 AM","509"
"C:\Users\Shadow\Web-PDFTimeSaver\vendor\sebastian\code-unit\tests\_fixture\FixtureClass.php","10/3/2025 3:17:29 AM","577"
"C:\Users\Shadow\Web-PDFTimeSaver\vendor\sebastian\code-unit\tests\_fixture\FixtureClassWithTrait.php","10/3/2025 3:17:29 AM","467"
"C:\Users\Shadow\Web-PDFTimeSaver\vendor\sebastian\code-unit\tests\_fixture\FixtureInterface.php","10/3/2025 3:17:29 AM","394"
"C:\Users\Shadow\Web-PDFTimeSaver\vendor\sebastian\code-unit\tests\_fixture\FixtureParentClassWithTrait.php","10/3/2025 3:17:29 AM","495"
"C:\Users\Shadow\Web-PDFTimeSaver\vendor\sebastian\code-unit\tests\_fixture\FixtureTrait.php","10/3/2025 3:17:29 AM","415"
"C:\Users\Shadow\Web-PDFTimeSaver\vendor\sebastian\code-unit\tests\_fixture\file_with_multiple_code_units.php","10/3/2025 3:17:29 AM","494"
"C:\Users\Shadow\Web-PDFTimeSaver\vendor\sebastian\code-unit\tests\_fixture\function.php","10/3/2025 3:17:29 AM","455"
"C:\Users\Shadow\Web-PDFTimeSaver\vendor\sebastian\code-unit\tests\_fixture\issue_3.php","10/3/2025 3:17:29 AM","489"
"C:\Users\Shadow\Web-PDFTimeSaver\vendor\sebastian\code-unit\tests\_fixture\issue_5.php","10/3/2025 3:17:29 AM","388"
"C:\Users\Shadow\Web-PDFTimeSaver\vendor\sebastian\code-unit\tests\unit\ClassMethodUnitTest.php","10/3/2025 3:17:29 AM","2404"
"C:\Users\Shadow\Web-PDFTimeSaver\vendor\sebastian\code-unit\tests\unit\ClassUnitTest.php","10/3/2025 3:17:29 AM","2260"
"C:\Users\Shadow\Web-PDFTimeSaver\vendor\sebastian\code-unit\tests\unit\CodeUnitCollectionTest.php","10/3/2025 3:17:29 AM","2915"
"C:\Users\Shadow\Web-PDFTimeSaver\vendor\sebastian\code-unit\tests\unit\FunctionUnitTest.php","10/3/2025 3:17:29 AM","1725"
"C:\Users\Shadow\Web-PDFTimeSaver\vendor\sebastian\code-unit\tests\unit\InterfaceMethodUnitTest.php","10/3/2025 3:17:29 AM","2403"
"C:\Users\Shadow\Web-PDFTimeSaver\vendor\sebastian\code-unit\tests\unit\InterfaceUnitTest.php","10/3/2025 3:17:29 AM","2298"
"C:\Users\Shadow\Web-PDFTimeSaver\vendor\sebastian\code-unit\tests\unit\MapperTest.php","10/3/2025 3:17:29 AM","11383"
"C:\Users\Shadow\Web-PDFTimeSaver\vendor\sebastian\code-unit\tests\unit\TraitMethodUnitTest.php","10/3/2025 3:17:29 AM","2158"
"C:\Users\Shadow\Web-PDFTimeSaver\vendor\sebastian\code-unit\tests\unit\TraitUnitTest.php","10/3/2025 3:17:29 AM","2048"
"C:\Users\Shadow\Web-PDFTimeSaver\vendor\sebastian\code-unit\tools\composer","10/3/2025 3:17:29 AM","2177123"
"C:\Users\Shadow\Web-PDFTimeSaver\vendor\sebastian\code-unit\tools\infection","10/3/2025 3:17:29 AM","926054"
"C:\Users\Shadow\Web-PDFTimeSaver\vendor\sebastian\code-unit\tools\php-cs-fixer","10/3/2025 3:17:29 AM","1852521"
"C:\Users\Shadow\Web-PDFTimeSaver\vendor\sebastian\code-unit\tools\psalm","10/3/2025 3:17:29 AM","8944572"
"C:\Users\Shadow\Web-PDFTimeSaver\vendor\sebastian\code-unit\tools\roave-backward-compatibility-check","10/3/2025 3:17:29 AM","1636911"
"C:\Users\Shadow\Web-PDFTimeSaver\vendor\sebastian\cli-parser\.gitattributes","10/3/2025 3:17:31 AM","352"
"C:\Users\Shadow\Web-PDFTimeSaver\vendor\sebastian\cli-parser\.github\FUNDING.yml","10/3/2025 3:17:31 AM","27"
"C:\Users\Shadow\Web-PDFTimeSaver\vendor\sebastian\cli-parser\.github\workflows\ci.yml","10/3/2025 3:17:31 AM","2793"
"C:\Users\Shadow\Web-PDFTimeSaver\vendor\sebastian\cli-parser\.gitignore","10/3/2025 3:17:31 AM","76"
"C:\Users\Shadow\Web-PDFTimeSaver\vendor\sebastian\cli-parser\.phive\phars.xml","10/3/2025 3:17:31 AM","552"
"C:\Users\Shadow\Web-PDFTimeSaver\vendor\sebastian\cli-parser\.php_cs.dist","10/3/2025 3:17:31 AM","8145"
"C:\Users\Shadow\Web-PDFTimeSaver\vendor\sebastian\cli-parser\.psalm\baseline.xml","10/3/2025 3:17:31 AM","253"
"C:\Users\Shadow\Web-PDFTimeSaver\vendor\sebastian\cli-parser\.psalm\config.xml","10/3/2025 3:17:31 AM","471"
"C:\Users\Shadow\Web-PDFTimeSaver\vendor\sebastian\cli-parser\ChangeLog.md","10/3/2025 3:17:31 AM","676"
"C:\Users\Shadow\Web-PDFTimeSaver\vendor\sebastian\cli-parser\LICENSE","10/3/2025 3:17:31 AM","1583"
"C:\Users\Shadow\Web-PDFTimeSaver\vendor\sebastian\cli-parser\README.md","10/3/2025 3:17:31 AM","508"
"C:\Users\Shadow\Web-PDFTimeSaver\vendor\sebastian\cli-parser\build.xml","10/3/2025 3:17:31 AM","1126"
"C:\Users\Shadow\Web-PDFTimeSaver\vendor\sebastian\cli-parser\composer.json","10/3/2025 3:17:31 AM","968"
"C:\Users\Shadow\Web-PDFTimeSaver\vendor\sebastian\cli-parser\infection.json","10/3/2025 3:17:31 AM","186"
"C:\Users\Shadow\Web-PDFTimeSaver\vendor\sebastian\cli-parser\phpunit.xml","10/3/2025 3:17:31 AM","1007"
"C:\Users\Shadow\Web-PDFTimeSaver\vendor\sebastian\cli-parser\src\Parser.php","10/3/2025 3:17:31 AM","5984"
"C:\Users\Shadow\Web-PDFTimeSaver\vendor\sebastian\cli-parser\src\exceptions\AmbiguousOptionException.php","10/3/2025 3:17:31 AM","667"
"C:\Users\Shadow\Web-PDFTimeSaver\vendor\sebastian\cli-parser\src\exceptions\Exception.php","10/3/2025 3:17:31 AM","380"
"C:\Users\Shadow\Web-PDFTimeSaver\vendor\sebastian\cli-parser\src\exceptions\OptionDoesNotAllowArgumentException.php","10/3/2025 3:17:31 AM","692"
"C:\Users\Shadow\Web-PDFTimeSaver\vendor\sebastian\cli-parser\src\exceptions\RequiredOptionArgumentMissingException.php","10/3/2025 3:17:31 AM","701"
"C:\Users\Shadow\Web-PDFTimeSaver\vendor\sebastian\cli-parser\src\exceptions\UnknownOptionException.php","10/3/2025 3:17:31 AM","660"
"C:\Users\Shadow\Web-PDFTimeSaver\vendor\sebastian\cli-parser\tests\ParserTest.php","10/3/2025 3:17:31 AM","7741"
"C:\Users\Shadow\Web-PDFTimeSaver\vendor\sebastian\cli-parser\tools\composer","10/3/2025 3:17:31 AM","1994202"
"C:\Users\Shadow\Web-PDFTimeSaver\vendor\sebastian\cli-parser\tools\infection","10/3/2025 3:17:31 AM","916622"
"C:\Users\Shadow\Web-PDFTimeSaver\vendor\sebastian\cli-parser\tools\php-cs-fixer","10/3/2025 3:17:31 AM","1852521"
"C:\Users\Shadow\Web-PDFTimeSaver\vendor\sebastian\cli-parser\tools\psalm","10/3/2025 3:17:31 AM","8766600"
"C:\Users\Shadow\Web-PDFTimeSaver\vendor\sebastian\cli-parser\tools\roave-backward-compatibility-check","10/3/2025 3:17:31 AM","1636911"
"C:\Users\Shadow\Web-PDFTimeSaver\vendor\phpunit\php-timer\.gitattributes","10/3/2025 3:17:34 AM","352"
"C:\Users\Shadow\Web-PDFTimeSaver\vendor\phpunit\php-timer\.github\FUNDING.yml","10/3/2025 3:17:34 AM","27"
"C:\Users\Shadow\Web-PDFTimeSaver\vendor\phpunit\php-timer\.github\workflows\ci.yml","10/3/2025 3:17:34 AM","2825"
"C:\Users\Shadow\Web-PDFTimeSaver\vendor\phpunit\php-timer\.gitignore","10/3/2025 3:17:34 AM","83"
"C:\Users\Shadow\Web-PDFTimeSaver\vendor\phpunit\php-timer\.phive\phars.xml","10/3/2025 3:17:34 AM","445"
"C:\Users\Shadow\Web-PDFTimeSaver\vendor\phpunit\php-timer\.php_cs.dist","10/3/2025 3:17:34 AM","8142"
"C:\Users\Shadow\Web-PDFTimeSaver\vendor\phpunit\php-timer\.psalm\baseline.xml","10/3/2025 3:17:34 AM","113"
"C:\Users\Shadow\Web-PDFTimeSaver\vendor\phpunit\php-timer\.psalm\config.xml","10/3/2025 3:17:34 AM","506"
"C:\Users\Shadow\Web-PDFTimeSaver\vendor\phpunit\php-timer\ChangeLog.md","10/3/2025 3:17:34 AM","4920"
"C:\Users\Shadow\Web-PDFTimeSaver\vendor\phpunit\php-timer\LICENSE","10/3/2025 3:17:34 AM","1585"
"C:\Users\Shadow\Web-PDFTimeSaver\vendor\phpunit\php-timer\README.md","10/3/2025 3:17:34 AM","2351"
"C:\Users\Shadow\Web-PDFTimeSaver\vendor\phpunit\php-timer\build.xml","10/3/2025 3:17:34 AM","1098"
"C:\Users\Shadow\Web-PDFTimeSaver\vendor\phpunit\php-timer\composer.json","10/3/2025 3:17:34 AM","1003"
"C:\Users\Shadow\Web-PDFTimeSaver\vendor\phpunit\php-timer\phpunit.xml","10/3/2025 3:17:34 AM","866"
"C:\Users\Shadow\Web-PDFTimeSaver\vendor\phpunit\php-timer\src\Duration.php","10/3/2025 3:17:34 AM","2787"
"C:\Users\Shadow\Web-PDFTimeSaver\vendor\phpunit\php-timer\src\ResourceUsageFormatter.php","10/3/2025 3:17:34 AM","2216"
"C:\Users\Shadow\Web-PDFTimeSaver\vendor\phpunit\php-timer\src\Timer.php","10/3/2025 3:17:34 AM","964"
"C:\Users\Shadow\Web-PDFTimeSaver\vendor\phpunit\php-timer\src\exceptions\Exception.php","10/3/2025 3:17:34 AM","373"
"C:\Users\Shadow\Web-PDFTimeSaver\vendor\phpunit\php-timer\src\exceptions\NoActiveTimerException.php","10/3/2025 3:17:34 AM","419"
"C:\Users\Shadow\Web-PDFTimeSaver\vendor\phpunit\php-timer\src\exceptions\TimeSinceStartOfRequestNotAvailableException.php","10/3/2025 3:17:34 AM","445"
"C:\Users\Shadow\Web-PDFTimeSaver\vendor\phpunit\php-timer\tests\DurationTest.php","10/3/2025 3:17:34 AM","3876"
"C:\Users\Shadow\Web-PDFTimeSaver\vendor\phpunit\php-timer\tests\ResourceUsageFormatterTest.php","10/3/2025 3:17:34 AM","2283"
"C:\Users\Shadow\Web-PDFTimeSaver\vendor\phpunit\php-timer\tests\TimerTest.php","10/3/2025 3:17:34 AM","1059"
"C:\Users\Shadow\Web-PDFTimeSaver\vendor\phpunit\php-timer\tools\composer","10/3/2025 3:17:34 AM","2177123"
"C:\Users\Shadow\Web-PDFTimeSaver\vendor\phpunit\php-timer\tools\php-cs-fixer","10/3/2025 3:17:34 AM","1852521"
"C:\Users\Shadow\Web-PDFTimeSaver\vendor\phpunit\php-timer\tools\psalm","10/3/2025 3:17:34 AM","8944572"
"C:\Users\Shadow\Web-PDFTimeSaver\vendor\phpunit\php-timer\tools\roave-backward-compatibility-check","10/3/2025 3:17:34 AM","1636911"
"C:\Users\Shadow\Web-PDFTimeSaver\vendor\phpunit\php-text-template\.gitattributes","10/3/2025 3:17:36 AM","352"
"C:\Users\Shadow\Web-PDFTimeSaver\vendor\phpunit\php-text-template\.github\FUNDING.yml","10/3/2025 3:17:36 AM","27"
"C:\Users\Shadow\Web-PDFTimeSaver\vendor\phpunit\php-text-template\.github\workflows\ci.yml","10/3/2025 3:17:36 AM","2825"
"C:\Users\Shadow\Web-PDFTimeSaver\vendor\phpunit\php-text-template\.gitignore","10/3/2025 3:17:36 AM","73"
"C:\Users\Shadow\Web-PDFTimeSaver\vendor\phpunit\php-text-template\.phive\phars.xml","10/3/2025 3:17:36 AM","445"
"C:\Users\Shadow\Web-PDFTimeSaver\vendor\phpunit\php-text-template\.php_cs.dist","10/3/2025 3:17:36 AM","8831"
"C:\Users\Shadow\Web-PDFTimeSaver\vendor\phpunit\php-text-template\.psalm\config.xml","10/3/2025 3:17:36 AM","507"
"C:\Users\Shadow\Web-PDFTimeSaver\vendor\phpunit\php-text-template\.psalm\baseline.xml","10/3/2025 3:17:36 AM","113"
"C:\Users\Shadow\Web-PDFTimeSaver\vendor\phpunit\php-text-template\ChangeLog.md","10/3/2025 3:17:36 AM","1230"
"C:\Users\Shadow\Web-PDFTimeSaver\vendor\phpunit\php-text-template\LICENSE","10/3/2025 3:17:36 AM","1593"
"C:\Users\Shadow\Web-PDFTimeSaver\vendor\phpunit\php-text-template\README.md","10/3/2025 3:17:36 AM","424"
"C:\Users\Shadow\Web-PDFTimeSaver\vendor\phpunit\php-text-template\composer.json","10/3/2025 3:17:36 AM","999"
"C:\Users\Shadow\Web-PDFTimeSaver\vendor\phpunit\php-text-template\build.xml","10/3/2025 3:17:36 AM","1106"
"C:\Users\Shadow\Web-PDFTimeSaver\vendor\phpunit\php-text-template\phpunit.xml","10/3/2025 3:17:36 AM","866"
"C:\Users\Shadow\Web-PDFTimeSaver\vendor\phpunit\php-text-template\src\Template.php","10/3/2025 3:17:36 AM","2626"
"C:\Users\Shadow\Web-PDFTimeSaver\vendor\phpunit\php-text-template\src\exceptions\Exception.php","10/3/2025 3:17:36 AM","384"
"C:\Users\Shadow\Web-PDFTimeSaver\vendor\phpunit\php-text-template\src\exceptions\InvalidArgumentException.php","10/3/2025 3:17:36 AM","420"
"C:\Users\Shadow\Web-PDFTimeSaver\vendor\phpunit\php-text-template\src\exceptions\RuntimeException.php","10/3/2025 3:17:36 AM","444"
"C:\Users\Shadow\Web-PDFTimeSaver\vendor\phpunit\php-text-template\tests\TemplateTest.php","10/3/2025 3:17:36 AM","1807"
"C:\Users\Shadow\Web-PDFTimeSaver\vendor\phpunit\php-text-template\tests\_fixture\one.txt","10/3/2025 3:17:36 AM","13"
"C:\Users\Shadow\Web-PDFTimeSaver\vendor\phpunit\php-text-template\tests\_fixture\two.txt.dist","10/3/2025 3:17:36 AM","13"
"C:\Users\Shadow\Web-PDFTimeSaver\vendor\phpunit\php-text-template\tools\composer","10/3/2025 3:17:36 AM","2177123"
"C:\Users\Shadow\Web-PDFTimeSaver\vendor\phpunit\php-text-template\tools\php-cs-fixer","10/3/2025 3:17:36 AM","1852521"
"C:\Users\Shadow\Web-PDFTimeSaver\vendor\phpunit\php-text-template\tools\psalm","10/3/2025 3:17:36 AM","8944572"
"C:\Users\Shadow\Web-PDFTimeSaver\vendor\phpunit\php-text-template\tools\roave-backward-compatibility-check","10/3/2025 3:17:36 AM","1636911"
"C:\Users\Shadow\Web-PDFTimeSaver\vendor\phpunit\php-invoker\.gitattributes","10/3/2025 3:17:38 AM","352"
"C:\Users\Shadow\Web-PDFTimeSaver\vendor\phpunit\php-invoker\.github\FUNDING.yml","10/3/2025 3:17:38 AM","27"
"C:\Users\Shadow\Web-PDFTimeSaver\vendor\phpunit\php-invoker\.github\workflows\ci.yml","10/3/2025 3:17:38 AM","2798"
"C:\Users\Shadow\Web-PDFTimeSaver\vendor\phpunit\php-invoker\.gitignore","10/3/2025 3:17:38 AM","83"
"C:\Users\Shadow\Web-PDFTimeSaver\vendor\phpunit\php-invoker\.phive\phars.xml","10/3/2025 3:17:38 AM","446"
"C:\Users\Shadow\Web-PDFTimeSaver\vendor\phpunit\php-invoker\.php_cs.dist","10/3/2025 3:17:38 AM","8144"
"C:\Users\Shadow\Web-PDFTimeSaver\vendor\phpunit\php-invoker\ChangeLog.md","10/3/2025 3:17:38 AM","1526"
"C:\Users\Shadow\Web-PDFTimeSaver\vendor\phpunit\php-invoker\LICENSE","10/3/2025 3:17:38 AM","1579"
"C:\Users\Shadow\Web-PDFTimeSaver\vendor\phpunit\php-invoker\README.md","10/3/2025 3:17:38 AM","728"
"C:\Users\Shadow\Web-PDFTimeSaver\vendor\phpunit\php-invoker\build.xml","10/3/2025 3:17:38 AM","1098"
"C:\Users\Shadow\Web-PDFTimeSaver\vendor\phpunit\php-invoker\composer.json","10/3/2025 3:17:38 AM","1193"
"C:\Users\Shadow\Web-PDFTimeSaver\vendor\phpunit\php-invoker\phpunit.xml","10/3/2025 3:17:38 AM","866"
"C:\Users\Shadow\Web-PDFTimeSaver\vendor\phpunit\php-invoker\psalm.xml","10/3/2025 3:17:38 AM","1956"
"C:\Users\Shadow\Web-PDFTimeSaver\vendor\phpunit\php-invoker\src\Invoker.php","10/3/2025 3:17:38 AM","1822"
"C:\Users\Shadow\Web-PDFTimeSaver\vendor\phpunit\php-invoker\src\exceptions\Exception.php","10/3/2025 3:17:38 AM","377"
"C:\Users\Shadow\Web-PDFTimeSaver\vendor\phpunit\php-invoker\src\exceptions\ProcessControlExtensionNotLoadedException.php","10/3/2025 3:17:38 AM","446"
"C:\Users\Shadow\Web-PDFTimeSaver\vendor\phpunit\php-invoker\src\exceptions\TimeoutException.php","10/3/2025 3:17:38 AM","421"
"C:\Users\Shadow\Web-PDFTimeSaver\vendor\phpunit\php-invoker\tests\InvokerTest.php","10/3/2025 3:17:38 AM","2423"
"C:\Users\Shadow\Web-PDFTimeSaver\vendor\phpunit\php-invoker\tests\_fixture\TestCallable.php","10/3/2025 3:17:38 AM","487"
"C:\Users\Shadow\Web-PDFTimeSaver\vendor\phpunit\php-invoker\tools\composer","10/3/2025 3:17:38 AM","1994202"
"C:\Users\Shadow\Web-PDFTimeSaver\vendor\phpunit\php-invoker\tools\php-cs-fixer","10/3/2025 3:17:38 AM","1852521"
"C:\Users\Shadow\Web-PDFTimeSaver\vendor\phpunit\php-invoker\tools\psalm","10/3/2025 3:17:38 AM","8766600"
"C:\Users\Shadow\Web-PDFTimeSaver\vendor\phpunit\php-invoker\tools\roave-backward-compatibility-check","10/3/2025 3:17:38 AM","1636911"
"C:\Users\Shadow\Web-PDFTimeSaver\vendor\phpunit\php-file-iterator\.gitattributes","10/3/2025 3:17:41 AM","362"
"C:\Users\Shadow\Web-PDFTimeSaver\vendor\phpunit\php-file-iterator\.github\FUNDING.yml","10/3/2025 3:17:41 AM","27"
"C:\Users\Shadow\Web-PDFTimeSaver\vendor\phpunit\php-file-iterator\.github\workflows\ci.yml","10/3/2025 3:17:41 AM","3030"
"C:\Users\Shadow\Web-PDFTimeSaver\vendor\phpunit\php-file-iterator\.gitignore","10/3/2025 3:17:41 AM","100"
"C:\Users\Shadow\Web-PDFTimeSaver\vendor\phpunit\php-file-iterator\.phive\phars.xml","10/3/2025 3:17:41 AM","545"
"C:\Users\Shadow\Web-PDFTimeSaver\vendor\phpunit\php-file-iterator\.php-cs-fixer.dist.php","10/3/2025 3:17:41 AM","11119"
"C:\Users\Shadow\Web-PDFTimeSaver\vendor\phpunit\php-file-iterator\.psalm\baseline.xml","10/3/2025 3:17:41 AM","237"
"C:\Users\Shadow\Web-PDFTimeSaver\vendor\phpunit\php-file-iterator\.psalm\config.xml","10/3/2025 3:17:41 AM","507"
"C:\Users\Shadow\Web-PDFTimeSaver\vendor\phpunit\php-file-iterator\ChangeLog.md","10/3/2025 3:17:41 AM","4900"
"C:\Users\Shadow\Web-PDFTimeSaver\vendor\phpunit\php-file-iterator\LICENSE","10/3/2025 3:17:41 AM","1585"
"C:\Users\Shadow\Web-PDFTimeSaver\vendor\phpunit\php-file-iterator\README.md","10/3/2025 3:17:41 AM","585"
"C:\Users\Shadow\Web-PDFTimeSaver\vendor\phpunit\php-file-iterator\build.xml","10/3/2025 3:17:41 AM","972"
"C:\Users\Shadow\Web-PDFTimeSaver\vendor\phpunit\php-file-iterator\composer.json","10/3/2025 3:17:41 AM","1104"
"C:\Users\Shadow\Web-PDFTimeSaver\vendor\phpunit\php-file-iterator\phpunit.xml","10/3/2025 3:17:41 AM","866"
"C:\Users\Shadow\Web-PDFTimeSaver\vendor\phpunit\php-file-iterator\src\Facade.php","10/3/2025 3:17:41 AM","2776"
"C:\Users\Shadow\Web-PDFTimeSaver\vendor\phpunit\php-file-iterator\src\Factory.php","10/3/2025 3:17:41 AM","2589"
"C:\Users\Shadow\Web-PDFTimeSaver\vendor\phpunit\php-file-iterator\src\Iterator.php","10/3/2025 3:17:41 AM","3091"
"C:\Users\Shadow\Web-PDFTimeSaver\vendor\phpunit\php-file-iterator\tests\FactoryTest.php","10/3/2025 3:17:41 AM","1434"
"C:\Users\Shadow\Web-PDFTimeSaver\vendor\phpunit\php-file-iterator\tools\composer","10/3/2025 3:17:41 AM","2256047"
"C:\Users\Shadow\Web-PDFTimeSaver\vendor\phpunit\php-file-iterator\tools\php-cs-fixer","10/3/2025 3:17:41 AM","2158428"
"C:\Users\Shadow\Web-PDFTimeSaver\vendor\phpunit\php-file-iterator\tools\psalm","10/3/2025 3:17:41 AM","9933680"
"C:\Users\Shadow\Web-PDFTimeSaver\vendor\phpunit\php-file-iterator\tools\roave-backward-compatibility-check","10/3/2025 3:17:41 AM","1636911"
"C:\Users\Shadow\Web-PDFTimeSaver\vendor\theseer\tokenizer\.gitattributes","10/3/2025 3:17:43 AM","288"
"C:\Users\Shadow\Web-PDFTimeSaver\vendor\theseer\tokenizer\.github\FUNDING.yml","10/3/2025 3:17:43 AM","68"
"C:\Users\Shadow\Web-PDFTimeSaver\vendor\theseer\tokenizer\.github\workflows\ci.yml","10/3/2025 3:17:43 AM","1186"
"C:\Users\Shadow\Web-PDFTimeSaver\vendor\theseer\tokenizer\.gitignore","10/3/2025 3:17:43 AM","92"
"C:\Users\Shadow\Web-PDFTimeSaver\vendor\theseer\tokenizer\.php_cs.dist","10/3/2025 3:17:43 AM","11926"
"C:\Users\Shadow\Web-PDFTimeSaver\vendor\theseer\tokenizer\CHANGELOG.md","10/3/2025 3:17:43 AM","2198"
"C:\Users\Shadow\Web-PDFTimeSaver\vendor\theseer\tokenizer\LICENSE","10/3/2025 3:17:43 AM","1562"
"C:\Users\Shadow\Web-PDFTimeSaver\vendor\theseer\tokenizer\README.md","10/3/2025 3:17:43 AM","1498"
"C:\Users\Shadow\Web-PDFTimeSaver\vendor\theseer\tokenizer\build.xml","10/3/2025 3:17:43 AM","1465"
"C:\Users\Shadow\Web-PDFTimeSaver\vendor\theseer\tokenizer\composer.json","10/3/2025 3:17:43 AM","589"
"C:\Users\Shadow\Web-PDFTimeSaver\vendor\theseer\tokenizer\composer.lock","10/3/2025 3:17:43 AM","677"
"C:\Users\Shadow\Web-PDFTimeSaver\vendor\theseer\tokenizer\phive.xml","10/3/2025 3:17:43 AM","401"
"C:\Users\Shadow\Web-PDFTimeSaver\vendor\theseer\tokenizer\phpunit.xml","10/3/2025 3:17:43 AM","816"
"C:\Users\Shadow\Web-PDFTimeSaver\vendor\theseer\tokenizer\src\Exception.php","10/3/2025 3:17:43 AM","107"
"C:\Users\Shadow\Web-PDFTimeSaver\vendor\theseer\tokenizer\src\NamespaceUri.php","10/3/2025 3:17:43 AM","620"
"C:\Users\Shadow\Web-PDFTimeSaver\vendor\theseer\tokenizer\src\NamespaceUriException.php","10/3/2025 3:17:43 AM","118"
"C:\Users\Shadow\Web-PDFTimeSaver\vendor\theseer\tokenizer\src\Token.php","10/3/2025 3:17:43 AM","679"
"C:\Users\Shadow\Web-PDFTimeSaver\vendor\theseer\tokenizer\src\TokenCollection.php","10/3/2025 3:17:43 AM","2331"
"C:\Users\Shadow\Web-PDFTimeSaver\vendor\theseer\tokenizer\src\TokenCollectionException.php","10/3/2025 3:17:43 AM","121"
"C:\Users\Shadow\Web-PDFTimeSaver\vendor\theseer\tokenizer\src\Tokenizer.php","10/3/2025 3:17:43 AM","3728"
"C:\Users\Shadow\Web-PDFTimeSaver\vendor\theseer\tokenizer\src\XMLSerializer.php","10/3/2025 3:17:43 AM","2366"
"C:\Users\Shadow\Web-PDFTimeSaver\vendor\theseer\tokenizer\tests\Issue18Test.php","10/3/2025 3:17:43 AM","585"
"C:\Users\Shadow\Web-PDFTimeSaver\vendor\theseer\tokenizer\tests\NamespaceUriTest.php","10/3/2025 3:17:43 AM","773"
"C:\Users\Shadow\Web-PDFTimeSaver\vendor\theseer\tokenizer\tests\TokenCollectionTest.php","10/3/2025 3:17:43 AM","2350"
"C:\Users\Shadow\Web-PDFTimeSaver\vendor\theseer\tokenizer\tests\TokenTest.php","10/3/2025 3:17:43 AM","817"
"C:\Users\Shadow\Web-PDFTimeSaver\vendor\theseer\tokenizer\tests\TokenizerTest.php","10/3/2025 3:17:43 AM","1161"
"C:\Users\Shadow\Web-PDFTimeSaver\vendor\theseer\tokenizer\tests\XMLSerializerTest.php","10/3/2025 3:17:43 AM","1654"
"C:\Users\Shadow\Web-PDFTimeSaver\vendor\theseer\tokenizer\tests\_files\Issue-18.php","10/3/2025 3:17:43 AM","1139"
"C:\Users\Shadow\Web-PDFTimeSaver\vendor\theseer\tokenizer\tests\_files\customns.xml","10/3/2025 3:17:43 AM","6034"
"C:\Users\Shadow\Web-PDFTimeSaver\vendor\theseer\tokenizer\tests\_files\source_with_single_empty_line.php","10/3/2025 3:17:43 AM","4"
"C:\Users\Shadow\Web-PDFTimeSaver\vendor\theseer\tokenizer\tests\_files\empty.xml","10/3/2025 3:17:43 AM","79"
"C:\Users\Shadow\Web-PDFTimeSaver\vendor\theseer\tokenizer\tests\_files\source_with_single_empty_line.php.tokens","10/3/2025 3:17:43 AM","694"
"C:\Users\Shadow\Web-PDFTimeSaver\vendor\theseer\tokenizer\tests\_files\test.php","10/3/2025 3:17:43 AM","445"
"C:\Users\Shadow\Web-PDFTimeSaver\vendor\theseer\tokenizer\tests\_files\test.php.tokens","10/3/2025 3:17:43 AM","25416"
"C:\Users\Shadow\Web-PDFTimeSaver\vendor\theseer\tokenizer\tests\_files\test.php.xml","10/3/2025 3:17:43 AM","6050"
"C:\Users\Shadow\Web-PDFTimeSaver\vendor\nikic\php-parser\.editorconfig","10/3/2025 3:17:45 AM","158"
"C:\Users\Shadow\Web-PDFTimeSaver\vendor\nikic\php-parser\.gitattributes","10/3/2025 3:17:45 AM","561"
"C:\Users\Shadow\Web-PDFTimeSaver\vendor\nikic\php-parser\.github\workflows\main.yml","10/3/2025 3:17:45 AM","3975"
"C:\Users\Shadow\Web-PDFTimeSaver\vendor\nikic\php-parser\.php-cs-fixer.dist.php","10/3/2025 3:17:45 AM","1039"
"C:\Users\Shadow\Web-PDFTimeSaver\vendor\nikic\php-parser\.gitignore","10/3/2025 3:17:45 AM","114"
"C:\Users\Shadow\Web-PDFTimeSaver\vendor\nikic\php-parser\CHANGELOG.md","10/3/2025 3:17:45 AM","52370"
"C:\Users\Shadow\Web-PDFTimeSaver\vendor\nikic\php-parser\CONTRIBUTING.md","10/3/2025 3:17:45 AM","1593"
"C:\Users\Shadow\Web-PDFTimeSaver\vendor\nikic\php-parser\LICENSE","10/3/2025 3:17:45 AM","1549"
"C:\Users\Shadow\Web-PDFTimeSaver\vendor\nikic\php-parser\Makefile","10/3/2025 3:17:45 AM","234"
"C:\Users\Shadow\Web-PDFTimeSaver\vendor\nikic\php-parser\UPGRADE-1.0.md","10/3/2025 3:17:45 AM","4881"
"C:\Users\Shadow\Web-PDFTimeSaver\vendor\nikic\php-parser\README.md","10/3/2025 3:17:45 AM","6537"
"C:\Users\Shadow\Web-PDFTimeSaver\vendor\nikic\php-parser\UPGRADE-2.0.md","10/3/2025 3:17:45 AM","2969"
"C:\Users\Shadow\Web-PDFTimeSaver\vendor\nikic\php-parser\UPGRADE-3.0.md","10/3/2025 3:17:45 AM","7444"
"C:\Users\Shadow\Web-PDFTimeSaver\vendor\nikic\php-parser\UPGRADE-4.0.md","10/3/2025 3:17:45 AM","4030"
"C:\Users\Shadow\Web-PDFTimeSaver\vendor\nikic\php-parser\UPGRADE-5.0.md","10/3/2025 3:17:45 AM","20322"
"C:\Users\Shadow\Web-PDFTimeSaver\vendor\nikic\php-parser\bin\php-parse","10/3/2025 3:17:45 AM","6755"
"C:\Users\Shadow\Web-PDFTimeSaver\vendor\nikic\php-parser\composer.json","10/3/2025 3:17:45 AM","886"
"C:\Users\Shadow\Web-PDFTimeSaver\vendor\nikic\php-parser\doc\0_Introduction.markdown","10/3/2025 3:17:45 AM","4696"
"C:\Users\Shadow\Web-PDFTimeSaver\vendor\nikic\php-parser\doc\2_Usage_of_basic_components.markdown","10/3/2025 3:17:45 AM","19592"
"C:\Users\Shadow\Web-PDFTimeSaver\vendor\nikic\php-parser\doc\README.md","10/3/2025 3:17:45 AM","1648"
"C:\Users\Shadow\Web-PDFTimeSaver\vendor\nikic\php-parser\doc\component\AST_builders.markdown","10/3/2025 3:17:45 AM","5693"
"C:\Users\Shadow\Web-PDFTimeSaver\vendor\nikic\php-parser\doc\component\Constant_expression_evaluation.markdown","10/3/2025 3:17:45 AM","3567"
"C:\Users\Shadow\Web-PDFTimeSaver\vendor\nikic\php-parser\doc\component\Error_handling.markdown","10/3/2025 3:17:45 AM","2359"
"C:\Users\Shadow\Web-PDFTimeSaver\vendor\nikic\php-parser\doc\component\FAQ.markdown","10/3/2025 3:17:45 AM","2665"
"C:\Users\Shadow\Web-PDFTimeSaver\vendor\nikic\php-parser\doc\component\JSON_representation.markdown","10/3/2025 3:17:45 AM","3897"
"C:\Users\Shadow\Web-PDFTimeSaver\vendor\nikic\php-parser\doc\component\Lexer.markdown","10/3/2025 3:17:45 AM","6456"
"C:\Users\Shadow\Web-PDFTimeSaver\vendor\nikic\php-parser\doc\component\Name_resolution.markdown","10/3/2025 3:17:45 AM","4241"
"C:\Users\Shadow\Web-PDFTimeSaver\vendor\nikic\php-parser\doc\component\Performance.markdown","10/3/2025 3:17:45 AM","2191"
"C:\Users\Shadow\Web-PDFTimeSaver\vendor\nikic\php-parser\doc\component\Pretty_printing.markdown","10/3/2025 3:17:45 AM","5205"
"C:\Users\Shadow\Web-PDFTimeSaver\vendor\nikic\php-parser\doc\component\Walking_the_AST.markdown","10/3/2025 3:17:45 AM","13060"
"C:\Users\Shadow\Web-PDFTimeSaver\vendor\nikic\php-parser\grammar\README.md","10/3/2025 3:17:45 AM","1221"
"C:\Users\Shadow\Web-PDFTimeSaver\vendor\nikic\php-parser\grammar\parser.template","10/3/2025 3:17:45 AM","2550"
"C:\Users\Shadow\Web-PDFTimeSaver\vendor\nikic\php-parser\grammar\php.y","10/3/2025 3:17:45 AM","63189"
"C:\Users\Shadow\Web-PDFTimeSaver\vendor\nikic\php-parser\grammar\phpyLang.php","10/3/2025 3:17:45 AM","5474"
"C:\Users\Shadow\Web-PDFTimeSaver\vendor\nikic\php-parser\grammar\rebuildParsers.php","10/3/2025 3:17:45 AM","2297"
"C:\Users\Shadow\Web-PDFTimeSaver\vendor\nikic\php-parser\lib\PhpParser\Builder.php","10/3/2025 3:17:45 AM","214"
"C:\Users\Shadow\Web-PDFTimeSaver\vendor\nikic\php-parser\lib\PhpParser\Builder\ClassConst.php","10/3/2025 3:17:45 AM","4025"
"C:\Users\Shadow\Web-PDFTimeSaver\vendor\nikic\php-parser\lib\PhpParser\Builder\Class_.php","10/3/2025 3:17:45 AM","4322"
"C:\Users\Shadow\Web-PDFTimeSaver\vendor\nikic\php-parser\lib\PhpParser\Builder\Declaration.php","10/3/2025 3:17:45 AM","1311"
"C:\Users\Shadow\Web-PDFTimeSaver\vendor\nikic\php-parser\lib\PhpParser\Builder\EnumCase.php","10/3/2025 3:17:45 AM","2090"
"C:\Users\Shadow\Web-PDFTimeSaver\vendor\nikic\php-parser\lib\PhpParser\Builder\Enum_.php","10/3/2025 3:17:45 AM","3374"
"C:\Users\Shadow\Web-PDFTimeSaver\vendor\nikic\php-parser\lib\PhpParser\Builder\FunctionLike.php","10/3/2025 3:17:45 AM","1879"
"C:\Users\Shadow\Web-PDFTimeSaver\vendor\nikic\php-parser\lib\PhpParser\Builder\Function_.php","10/3/2025 3:17:45 AM","1758"
"C:\Users\Shadow\Web-PDFTimeSaver\vendor\nikic\php-parser\lib\PhpParser\Builder\Interface_.php","10/3/2025 3:17:45 AM","2722"
"C:\Users\Shadow\Web-PDFTimeSaver\vendor\nikic\php-parser\lib\PhpParser\Builder\Method.php","10/3/2025 3:17:45 AM","3903"
"C:\Users\Shadow\Web-PDFTimeSaver\vendor\nikic\php-parser\lib\PhpParser\Builder\Namespace_.php","10/3/2025 3:17:45 AM","1118"
"C:\Users\Shadow\Web-PDFTimeSaver\vendor\nikic\php-parser\lib\PhpParser\Builder\Param.php","10/3/2025 3:17:45 AM","4637"
"C:\Users\Shadow\Web-PDFTimeSaver\vendor\nikic\php-parser\lib\PhpParser\Builder\Property.php","10/3/2025 3:17:45 AM","5970"
"C:\Users\Shadow\Web-PDFTimeSaver\vendor\nikic\php-parser\lib\PhpParser\Builder\TraitUse.php","10/3/2025 3:17:45 AM","1719"
"C:\Users\Shadow\Web-PDFTimeSaver\vendor\nikic\php-parser\lib\PhpParser\Builder\TraitUseAdaptation.php","10/3/2025 3:17:45 AM","4411"
"C:\Users\Shadow\Web-PDFTimeSaver\vendor\nikic\php-parser\lib\PhpParser\Builder\Use_.php","10/3/2025 3:17:45 AM","1326"
"C:\Users\Shadow\Web-PDFTimeSaver\vendor\nikic\php-parser\lib\PhpParser\Builder\Trait_.php","10/3/2025 3:17:45 AM","2439"
"C:\Users\Shadow\Web-PDFTimeSaver\vendor\nikic\php-parser\lib\PhpParser\BuilderFactory.php","10/3/2025 3:17:45 AM","10924"
"C:\Users\Shadow\Web-PDFTimeSaver\vendor\nikic\php-parser\lib\PhpParser\BuilderHelpers.php","10/3/2025 3:17:45 AM","10300"
"C:\Users\Shadow\Web-PDFTimeSaver\vendor\nikic\php-parser\lib\PhpParser\Comment.php","10/3/2025 3:17:45 AM","7116"
"C:\Users\Shadow\Web-PDFTimeSaver\vendor\nikic\php-parser\lib\PhpParser\ConstExprEvaluationException.php","10/3/2025 3:17:45 AM","118"
"C:\Users\Shadow\Web-PDFTimeSaver\vendor\nikic\php-parser\lib\PhpParser\Comment\Doc.php","10/3/2025 3:17:45 AM","109"
"C:\Users\Shadow\Web-PDFTimeSaver\vendor\nikic\php-parser\lib\PhpParser\ConstExprEvaluator.php","10/3/2025 3:17:45 AM","9788"
"C:\Users\Shadow\Web-PDFTimeSaver\vendor\nikic\php-parser\lib\PhpParser\Error.php","10/3/2025 3:17:45 AM","5125"
"C:\Users\Shadow\Web-PDFTimeSaver\vendor\nikic\php-parser\lib\PhpParser\ErrorHandler.php","10/3/2025 3:17:45 AM","312"
"C:\Users\Shadow\Web-PDFTimeSaver\vendor\nikic\php-parser\lib\PhpParser\ErrorHandler\Collecting.php","10/3/2025 3:17:45 AM","912"
"C:\Users\Shadow\Web-PDFTimeSaver\vendor\nikic\php-parser\lib\PhpParser\ErrorHandler\Throwing.php","10/3/2025 3:17:45 AM","385"
"C:\Users\Shadow\Web-PDFTimeSaver\vendor\nikic\php-parser\lib\PhpParser\Internal\DiffElem.php","10/3/2025 3:17:45 AM","794"
"C:\Users\Shadow\Web-PDFTimeSaver\vendor\nikic\php-parser\lib\PhpParser\Internal\Differ.php","10/3/2025 3:17:45 AM","5271"
"C:\Users\Shadow\Web-PDFTimeSaver\vendor\nikic\php-parser\lib\PhpParser\Internal\PrintableNewAnonClassNode.php","10/3/2025 3:17:45 AM","2740"
"C:\Users\Shadow\Web-PDFTimeSaver\vendor\nikic\php-parser\lib\PhpParser\Internal\TokenPolyfill.php","10/3/2025 3:17:45 AM","9869"
"C:\Users\Shadow\Web-PDFTimeSaver\vendor\nikic\php-parser\lib\PhpParser\Internal\TokenStream.php","10/3/2025 3:17:45 AM","9521"
"C:\Users\Shadow\Web-PDFTimeSaver\vendor\nikic\php-parser\lib\PhpParser\JsonDecoder.php","10/3/2025 3:17:45 AM","3628"
"C:\Users\Shadow\Web-PDFTimeSaver\vendor\nikic\php-parser\lib\PhpParser\Lexer.php","10/3/2025 3:17:45 AM","4482"
"C:\Users\Shadow\Web-PDFTimeSaver\vendor\nikic\php-parser\lib\PhpParser\Lexer\Emulative.php","10/3/2025 3:17:45 AM","8756"
"C:\Users\Shadow\Web-PDFTimeSaver\vendor\nikic\php-parser\lib\PhpParser\Lexer\TokenEmulator\AsymmetricVisibilityTokenEmulator.php","10/3/2025 3:17:45 AM","3437"
"C:\Users\Shadow\Web-PDFTimeSaver\vendor\nikic\php-parser\lib\PhpParser\Lexer\TokenEmulator\AttributeEmulator.php","10/3/2025 3:17:45 AM","1522"
"C:\Users\Shadow\Web-PDFTimeSaver\vendor\nikic\php-parser\lib\PhpParser\Lexer\TokenEmulator\EnumTokenEmulator.php","10/3/2025 3:17:45 AM","727"
"C:\Users\Shadow\Web-PDFTimeSaver\vendor\nikic\php-parser\lib\PhpParser\Lexer\TokenEmulator\ExplicitOctalEmulator.php","10/3/2025 3:17:45 AM","1614"
"C:\Users\Shadow\Web-PDFTimeSaver\vendor\nikic\php-parser\lib\PhpParser\Lexer\TokenEmulator\KeywordEmulator.php","10/3/2025 3:17:45 AM","1895"
"C:\Users\Shadow\Web-PDFTimeSaver\vendor\nikic\php-parser\lib\PhpParser\Lexer\TokenEmulator\MatchTokenEmulator.php","10/3/2025 3:17:45 AM","441"
"C:\Users\Shadow\Web-PDFTimeSaver\vendor\nikic\php-parser\lib\PhpParser\Lexer\TokenEmulator\NullsafeTokenEmulator.php","10/3/2025 3:17:45 AM","2342"
"C:\Users\Shadow\Web-PDFTimeSaver\vendor\nikic\php-parser\lib\PhpParser\Lexer\TokenEmulator\PipeOperatorEmulator.php","10/3/2025 3:17:45 AM","1489"
"C:\Users\Shadow\Web-PDFTimeSaver\vendor\nikic\php-parser\lib\PhpParser\Lexer\TokenEmulator\PropertyTokenEmulator.php","10/3/2025 3:17:45 AM","456"
"C:\Users\Shadow\Web-PDFTimeSaver\vendor\nikic\php-parser\lib\PhpParser\Lexer\TokenEmulator\ReadonlyFunctionTokenEmulator.php","10/3/2025 3:17:45 AM","1007"
"C:\Users\Shadow\Web-PDFTimeSaver\vendor\nikic\php-parser\lib\PhpParser\Lexer\TokenEmulator\ReadonlyTokenEmulator.php","10/3/2025 3:17:45 AM","936"
"C:\Users\Shadow\Web-PDFTimeSaver\vendor\nikic\php-parser\lib\PhpParser\Lexer\TokenEmulator\ReverseEmulator.php","10/3/2025 3:17:45 AM","1050"
"C:\Users\Shadow\Web-PDFTimeSaver\vendor\nikic\php-parser\lib\PhpParser\Lexer\TokenEmulator\TokenEmulator.php","10/3/2025 3:17:45 AM","849"
"C:\Users\Shadow\Web-PDFTimeSaver\vendor\nikic\php-parser\lib\PhpParser\Lexer\TokenEmulator\VoidCastEmulator.php","10/3/2025 3:17:45 AM","3206"
"C:\Users\Shadow\Web-PDFTimeSaver\vendor\nikic\php-parser\lib\PhpParser\Modifiers.php","10/3/2025 3:17:45 AM","2864"
"C:\Users\Shadow\Web-PDFTimeSaver\vendor\nikic\php-parser\lib\PhpParser\Node.php","10/3/2025 3:17:45 AM","4272"
"C:\Users\Shadow\Web-PDFTimeSaver\vendor\nikic\php-parser\lib\PhpParser\NameContext.php","10/3/2025 3:17:45 AM","10337"
"C:\Users\Shadow\Web-PDFTimeSaver\vendor\nikic\php-parser\lib\PhpParser\Node\ArrayItem.php","10/3/2025 3:17:45 AM","1255"
"C:\Users\Shadow\Web-PDFTimeSaver\vendor\nikic\php-parser\lib\PhpParser\Node\Arg.php","10/3/2025 3:17:45 AM","1343"
"C:\Users\Shadow\Web-PDFTimeSaver\vendor\nikic\php-parser\lib\PhpParser\Node\Attribute.php","10/3/2025 3:17:45 AM","853"
"C:\Users\Shadow\Web-PDFTimeSaver\vendor\nikic\php-parser\lib\PhpParser\Node\AttributeGroup.php","10/3/2025 3:17:45 AM","674"
"C:\Users\Shadow\Web-PDFTimeSaver\vendor\nikic\php-parser\lib\PhpParser\Node\ClosureUse.php","10/3/2025 3:17:45 AM","1009"
"C:\Users\Shadow\Web-PDFTimeSaver\vendor\nikic\php-parser\lib\PhpParser\Node\ComplexType.php","10/3/2025 3:17:45 AM","336"
"C:\Users\Shadow\Web-PDFTimeSaver\vendor\nikic\php-parser\lib\PhpParser\Node\DeclareItem.php","10/3/2025 3:17:45 AM","1029"
"C:\Users\Shadow\Web-PDFTimeSaver\vendor\nikic\php-parser\lib\PhpParser\Node\Const_.php","10/3/2025 3:17:45 AM","1007"
"C:\Users\Shadow\Web-PDFTimeSaver\vendor\nikic\php-parser\lib\PhpParser\Node\Expr.php","10/3/2025 3:17:45 AM","141"
"C:\Users\Shadow\Web-PDFTimeSaver\vendor\nikic\php-parser\lib\PhpParser\Node\Expr\ArrayDimFetch.php","10/3/2025 3:17:45 AM","855"
"C:\Users\Shadow\Web-PDFTimeSaver\vendor\nikic\php-parser\lib\PhpParser\Node\Expr\ArrayItem.php","10/3/2025 3:17:45 AM","235"
"C:\Users\Shadow\Web-PDFTimeSaver\vendor\nikic\php-parser\lib\PhpParser\Node\Expr\Array_.php","10/3/2025 3:17:45 AM","865"
"C:\Users\Shadow\Web-PDFTimeSaver\vendor\nikic\php-parser\lib\PhpParser\Node\Expr\ArrowFunction.php","10/3/2025 3:17:45 AM","2636"
"C:\Users\Shadow\Web-PDFTimeSaver\vendor\nikic\php-parser\lib\PhpParser\Node\Expr\Assign.php","10/3/2025 3:17:45 AM","807"
"C:\Users\Shadow\Web-PDFTimeSaver\vendor\nikic\php-parser\lib\PhpParser\Node\Expr\AssignOp.php","10/3/2025 3:17:45 AM","755"
"C:\Users\Shadow\Web-PDFTimeSaver\vendor\nikic\php-parser\lib\PhpParser\Node\Expr\AssignOp\BitwiseAnd.php","10/3/2025 3:17:45 AM","246"
"C:\Users\Shadow\Web-PDFTimeSaver\vendor\nikic\php-parser\lib\PhpParser\Node\Expr\AssignOp\BitwiseXor.php","10/3/2025 3:17:45 AM","246"
"C:\Users\Shadow\Web-PDFTimeSaver\vendor\nikic\php-parser\lib\PhpParser\Node\Expr\AssignOp\BitwiseOr.php","10/3/2025 3:17:45 AM","244"
"C:\Users\Shadow\Web-PDFTimeSaver\vendor\nikic\php-parser\lib\PhpParser\Node\Expr\AssignOp\Coalesce.php","10/3/2025 3:17:45 AM","242"
"C:\Users\Shadow\Web-PDFTimeSaver\vendor\nikic\php-parser\lib\PhpParser\Node\Expr\AssignOp\Concat.php","10/3/2025 3:17:45 AM","238"
"C:\Users\Shadow\Web-PDFTimeSaver\vendor\nikic\php-parser\lib\PhpParser\Node\Expr\AssignOp\Div.php","10/3/2025 3:17:45 AM","232"
"C:\Users\Shadow\Web-PDFTimeSaver\vendor\nikic\php-parser\lib\PhpParser\Node\Expr\AssignOp\Minus.php","10/3/2025 3:17:45 AM","236"
"C:\Users\Shadow\Web-PDFTimeSaver\vendor\nikic\php-parser\lib\PhpParser\Node\Expr\AssignOp\Mod.php","10/3/2025 3:17:45 AM","232"
"C:\Users\Shadow\Web-PDFTimeSaver\vendor\nikic\php-parser\lib\PhpParser\Node\Expr\AssignOp\Mul.php","10/3/2025 3:17:45 AM","232"
"C:\Users\Shadow\Web-PDFTimeSaver\vendor\nikic\php-parser\lib\PhpParser\Node\Expr\AssignOp\Plus.php","10/3/2025 3:17:45 AM","234"
"C:\Users\Shadow\Web-PDFTimeSaver\vendor\nikic\php-parser\lib\PhpParser\Node\Expr\AssignOp\Pow.php","10/3/2025 3:17:45 AM","232"
"C:\Users\Shadow\Web-PDFTimeSaver\vendor\nikic\php-parser\lib\PhpParser\Node\Expr\AssignOp\ShiftRight.php","10/3/2025 3:17:45 AM","246"
"C:\Users\Shadow\Web-PDFTimeSaver\vendor\nikic\php-parser\lib\PhpParser\Node\Expr\AssignOp\ShiftLeft.php","10/3/2025 3:17:45 AM","244"
"C:\Users\Shadow\Web-PDFTimeSaver\vendor\nikic\php-parser\lib\PhpParser\Node\Expr\AssignRef.php","10/3/2025 3:17:45 AM","856"
"C:\Users\Shadow\Web-PDFTimeSaver\vendor\nikic\php-parser\lib\PhpParser\Node\Expr\BinaryOp.php","10/3/2025 3:17:45 AM","1132"
"C:\Users\Shadow\Web-PDFTimeSaver\vendor\nikic\php-parser\lib\PhpParser\Node\Expr\BinaryOp\BitwiseAnd.php","10/3/2025 3:17:45 AM","326"
"C:\Users\Shadow\Web-PDFTimeSaver\vendor\nikic\php-parser\lib\PhpParser\Node\Expr\BinaryOp\BitwiseOr.php","10/3/2025 3:17:45 AM","324"
"C:\Users\Shadow\Web-PDFTimeSaver\vendor\nikic\php-parser\lib\PhpParser\Node\Expr\BinaryOp\BitwiseXor.php","10/3/2025 3:17:45 AM","326"
"C:\Users\Shadow\Web-PDFTimeSaver\vendor\nikic\php-parser\lib\PhpParser\Node\Expr\BinaryOp\BooleanAnd.php","10/3/2025 3:17:45 AM","327"
"C:\Users\Shadow\Web-PDFTimeSaver\vendor\nikic\php-parser\lib\PhpParser\Node\Expr\BinaryOp\BooleanOr.php","10/3/2025 3:17:45 AM","325"
"C:\Users\Shadow\Web-PDFTimeSaver\vendor\nikic\php-parser\lib\PhpParser\Node\Expr\BinaryOp\Coalesce.php","10/3/2025 3:17:45 AM","323"
"C:\Users\Shadow\Web-PDFTimeSaver\vendor\nikic\php-parser\lib\PhpParser\Node\Expr\BinaryOp\Concat.php","10/3/2025 3:17:45 AM","318"
"C:\Users\Shadow\Web-PDFTimeSaver\vendor\nikic\php-parser\lib\PhpParser\Node\Expr\BinaryOp\Div.php","10/3/2025 3:17:45 AM","312"
"C:\Users\Shadow\Web-PDFTimeSaver\vendor\nikic\php-parser\lib\PhpParser\Node\Expr\BinaryOp\Equal.php","10/3/2025 3:17:45 AM","317"
"C:\Users\Shadow\Web-PDFTimeSaver\vendor\nikic\php-parser\lib\PhpParser\Node\Expr\BinaryOp\Greater.php","10/3/2025 3:17:45 AM","320"
"C:\Users\Shadow\Web-PDFTimeSaver\vendor\nikic\php-parser\lib\PhpParser\Node\Expr\BinaryOp\GreaterOrEqual.php","10/3/2025 3:17:45 AM","335"
"C:\Users\Shadow\Web-PDFTimeSaver\vendor\nikic\php-parser\lib\PhpParser\Node\Expr\BinaryOp\LogicalAnd.php","10/3/2025 3:17:45 AM","328"
"C:\Users\Shadow\Web-PDFTimeSaver\vendor\nikic\php-parser\lib\PhpParser\Node\Expr\BinaryOp\Identical.php","10/3/2025 3:17:45 AM","326"
"C:\Users\Shadow\Web-PDFTimeSaver\vendor\nikic\php-parser\lib\PhpParser\Node\Expr\BinaryOp\LogicalOr.php","10/3/2025 3:17:45 AM","325"
"C:\Users\Shadow\Web-PDFTimeSaver\vendor\nikic\php-parser\lib\PhpParser\Node\Expr\BinaryOp\LogicalXor.php","10/3/2025 3:17:45 AM","328"
"C:\Users\Shadow\Web-PDFTimeSaver\vendor\nikic\php-parser\lib\PhpParser\Node\Expr\BinaryOp\Minus.php","10/3/2025 3:17:45 AM","316"
"C:\Users\Shadow\Web-PDFTimeSaver\vendor\nikic\php-parser\lib\PhpParser\Node\Expr\BinaryOp\Mul.php","10/3/2025 3:17:45 AM","312"
"C:\Users\Shadow\Web-PDFTimeSaver\vendor\nikic\php-parser\lib\PhpParser\Node\Expr\BinaryOp\Mod.php","10/3/2025 3:17:45 AM","312"
"C:\Users\Shadow\Web-PDFTimeSaver\vendor\nikic\php-parser\lib\PhpParser\Node\Expr\BinaryOp\NotEqual.php","10/3/2025 3:17:45 AM","323"
"C:\Users\Shadow\Web-PDFTimeSaver\vendor\nikic\php-parser\lib\PhpParser\Node\Expr\BinaryOp\NotIdentical.php","10/3/2025 3:17:45 AM","332"
"C:\Users\Shadow\Web-PDFTimeSaver\vendor\nikic\php-parser\lib\PhpParser\Node\Expr\BinaryOp\Pipe.php","10/3/2025 3:17:45 AM","315"
"C:\Users\Shadow\Web-PDFTimeSaver\vendor\nikic\php-parser\lib\PhpParser\Node\Expr\BinaryOp\Plus.php","10/3/2025 3:17:45 AM","314"
"C:\Users\Shadow\Web-PDFTimeSaver\vendor\nikic\php-parser\lib\PhpParser\Node\Expr\BinaryOp\Pow.php","10/3/2025 3:17:45 AM","313"
"C:\Users\Shadow\Web-PDFTimeSaver\vendor\nikic\php-parser\lib\PhpParser\Node\Expr\BinaryOp\ShiftLeft.php","10/3/2025 3:17:45 AM","325"
"C:\Users\Shadow\Web-PDFTimeSaver\vendor\nikic\php-parser\lib\PhpParser\Node\Expr\BinaryOp\ShiftRight.php","10/3/2025 3:17:45 AM","327"
"C:\Users\Shadow\Web-PDFTimeSaver\vendor\nikic\php-parser\lib\PhpParser\Node\Expr\BinaryOp\Smaller.php","10/3/2025 3:17:45 AM","320"
"C:\Users\Shadow\Web-PDFTimeSaver\vendor\nikic\php-parser\lib\PhpParser\Node\Expr\BinaryOp\SmallerOrEqual.php","10/3/2025 3:17:45 AM","335"
"C:\Users\Shadow\Web-PDFTimeSaver\vendor\nikic\php-parser\lib\PhpParser\Node\Expr\BinaryOp\Spaceship.php","10/3/2025 3:17:45 AM","326"
"C:\Users\Shadow\Web-PDFTimeSaver\vendor\nikic\php-parser\lib\PhpParser\Node\Expr\BitwiseNot.php","10/3/2025 3:17:45 AM","681"
"C:\Users\Shadow\Web-PDFTimeSaver\vendor\nikic\php-parser\lib\PhpParser\Node\Expr\BooleanNot.php","10/3/2025 3:17:45 AM","681"
"C:\Users\Shadow\Web-PDFTimeSaver\vendor\nikic\php-parser\lib\PhpParser\Node\Expr\CallLike.php","10/3/2025 3:17:45 AM","1865"
"C:\Users\Shadow\Web-PDFTimeSaver\vendor\nikic\php-parser\lib\PhpParser\Node\Expr\Cast.php","10/3/2025 3:17:45 AM","592"
"C:\Users\Shadow\Web-PDFTimeSaver\vendor\nikic\php-parser\lib\PhpParser\Node\Expr\Cast\Array_.php","10/3/2025 3:17:45 AM","221"
"C:\Users\Shadow\Web-PDFTimeSaver\vendor\nikic\php-parser\lib\PhpParser\Node\Expr\Cast\Bool_.php","10/3/2025 3:17:45 AM","363"
"C:\Users\Shadow\Web-PDFTimeSaver\vendor\nikic\php-parser\lib\PhpParser\Node\Expr\Cast\Double.php","10/3/2025 3:17:45 AM","417"
"C:\Users\Shadow\Web-PDFTimeSaver\vendor\nikic\php-parser\lib\PhpParser\Node\Expr\Cast\Int_.php","10/3/2025 3:17:45 AM","359"
"C:\Users\Shadow\Web-PDFTimeSaver\vendor\nikic\php-parser\lib\PhpParser\Node\Expr\Cast\Object_.php","10/3/2025 3:17:45 AM","223"
"C:\Users\Shadow\Web-PDFTimeSaver\vendor\nikic\php-parser\lib\PhpParser\Node\Expr\Cast\String_.php","10/3/2025 3:17:45 AM","369"
"C:\Users\Shadow\Web-PDFTimeSaver\vendor\nikic\php-parser\lib\PhpParser\Node\Expr\Cast\Unset_.php","10/3/2025 3:17:45 AM","221"
"C:\Users\Shadow\Web-PDFTimeSaver\vendor\nikic\php-parser\lib\PhpParser\Node\Expr\Cast\Void_.php","10/3/2025 3:17:45 AM","219"
"C:\Users\Shadow\Web-PDFTimeSaver\vendor\nikic\php-parser\lib\PhpParser\Node\Expr\ClassConstFetch.php","10/3/2025 3:17:45 AM","1022"
"C:\Users\Shadow\Web-PDFTimeSaver\vendor\nikic\php-parser\lib\PhpParser\Node\Expr\Clone_.php","10/3/2025 3:17:45 AM","666"
"C:\Users\Shadow\Web-PDFTimeSaver\vendor\nikic\php-parser\lib\PhpParser\Node\Expr\Closure.php","10/3/2025 3:17:45 AM","2922"
"C:\Users\Shadow\Web-PDFTimeSaver\vendor\nikic\php-parser\lib\PhpParser\Node\Expr\ClosureUse.php","10/3/2025 3:17:45 AM","238"
"C:\Users\Shadow\Web-PDFTimeSaver\vendor\nikic\php-parser\lib\PhpParser\Node\Expr\ConstFetch.php","10/3/2025 3:17:45 AM","713"
"C:\Users\Shadow\Web-PDFTimeSaver\vendor\nikic\php-parser\lib\PhpParser\Node\Expr\Error.php","10/3/2025 3:17:45 AM","787"
"C:\Users\Shadow\Web-PDFTimeSaver\vendor\nikic\php-parser\lib\PhpParser\Node\Expr\Empty_.php","10/3/2025 3:17:45 AM","669"
"C:\Users\Shadow\Web-PDFTimeSaver\vendor\nikic\php-parser\lib\PhpParser\Node\Expr\ErrorSuppress.php","10/3/2025 3:17:45 AM","691"
"C:\Users\Shadow\Web-PDFTimeSaver\vendor\nikic\php-parser\lib\PhpParser\Node\Expr\Eval_.php","10/3/2025 3:17:45 AM","666"
"C:\Users\Shadow\Web-PDFTimeSaver\vendor\nikic\php-parser\lib\PhpParser\Node\Expr\Exit_.php","10/3/2025 3:17:45 AM","791"
"C:\Users\Shadow\Web-PDFTimeSaver\vendor\nikic\php-parser\lib\PhpParser\Node\Expr\FuncCall.php","10/3/2025 3:17:45 AM","1032"
"C:\Users\Shadow\Web-PDFTimeSaver\vendor\nikic\php-parser\lib\PhpParser\Node\Expr\Include_.php","10/3/2025 3:17:45 AM","989"
"C:\Users\Shadow\Web-PDFTimeSaver\vendor\nikic\php-parser\lib\PhpParser\Node\Expr\Instanceof_.php","10/3/2025 3:17:45 AM","895"
"C:\Users\Shadow\Web-PDFTimeSaver\vendor\nikic\php-parser\lib\PhpParser\Node\Expr\Isset_.php","10/3/2025 3:17:45 AM","671"
"C:\Users\Shadow\Web-PDFTimeSaver\vendor\nikic\php-parser\lib\PhpParser\Node\Expr\List_.php","10/3/2025 3:17:45 AM","913"
"C:\Users\Shadow\Web-PDFTimeSaver\vendor\nikic\php-parser\lib\PhpParser\Node\Expr\Match_.php","10/3/2025 3:17:45 AM","814"
"C:\Users\Shadow\Web-PDFTimeSaver\vendor\nikic\php-parser\lib\PhpParser\Node\Expr\MethodCall.php","10/3/2025 3:17:45 AM","1322"
"C:\Users\Shadow\Web-PDFTimeSaver\vendor\nikic\php-parser\lib\PhpParser\Node\Expr\New_.php","10/3/2025 3:17:45 AM","1141"
"C:\Users\Shadow\Web-PDFTimeSaver\vendor\nikic\php-parser\lib\PhpParser\Node\Expr\NullsafeMethodCall.php","10/3/2025 3:17:45 AM","1345"
"C:\Users\Shadow\Web-PDFTimeSaver\vendor\nikic\php-parser\lib\PhpParser\Node\Expr\NullsafePropertyFetch.php","10/3/2025 3:17:45 AM","1006"
"C:\Users\Shadow\Web-PDFTimeSaver\vendor\nikic\php-parser\lib\PhpParser\Node\Expr\PostDec.php","10/3/2025 3:17:45 AM","668"
"C:\Users\Shadow\Web-PDFTimeSaver\vendor\nikic\php-parser\lib\PhpParser\Node\Expr\PostInc.php","10/3/2025 3:17:45 AM","668"
"C:\Users\Shadow\Web-PDFTimeSaver\vendor\nikic\php-parser\lib\PhpParser\Node\Expr\PreDec.php","10/3/2025 3:17:45 AM","665"
"C:\Users\Shadow\Web-PDFTimeSaver\vendor\nikic\php-parser\lib\PhpParser\Node\Expr\PreInc.php","10/3/2025 3:17:45 AM","665"
"C:\Users\Shadow\Web-PDFTimeSaver\vendor\nikic\php-parser\lib\PhpParser\Node\Expr\Print_.php","10/3/2025 3:17:45 AM","669"
"C:\Users\Shadow\Web-PDFTimeSaver\vendor\nikic\php-parser\lib\PhpParser\Node\Expr\PropertyFetch.php","10/3/2025 3:17:45 AM","980"
"C:\Users\Shadow\Web-PDFTimeSaver\vendor\nikic\php-parser\lib\PhpParser\Node\Expr\StaticCall.php","10/3/2025 3:17:45 AM","1333"
"C:\Users\Shadow\Web-PDFTimeSaver\vendor\nikic\php-parser\lib\PhpParser\Node\Expr\ShellExec.php","10/3/2025 3:17:45 AM","825"
"C:\Users\Shadow\Web-PDFTimeSaver\vendor\nikic\php-parser\lib\PhpParser\Node\Expr\StaticPropertyFetch.php","10/3/2025 3:17:45 AM","1050"
"C:\Users\Shadow\Web-PDFTimeSaver\vendor\nikic\php-parser\lib\PhpParser\Node\Expr\Ternary.php","10/3/2025 3:17:45 AM","1004"
"C:\Users\Shadow\Web-PDFTimeSaver\vendor\nikic\php-parser\lib\PhpParser\Node\Expr\Throw_.php","10/3/2025 3:17:45 AM","697"
"C:\Users\Shadow\Web-PDFTimeSaver\vendor\nikic\php-parser\lib\PhpParser\Node\Expr\UnaryPlus.php","10/3/2025 3:17:45 AM","678"
"C:\Users\Shadow\Web-PDFTimeSaver\vendor\nikic\php-parser\lib\PhpParser\Node\Expr\UnaryMinus.php","10/3/2025 3:17:45 AM","681"
"C:\Users\Shadow\Web-PDFTimeSaver\vendor\nikic\php-parser\lib\PhpParser\Node\Expr\Variable.php","10/3/2025 3:17:45 AM","666"
"C:\Users\Shadow\Web-PDFTimeSaver\vendor\nikic\php-parser\lib\PhpParser\Node\Expr\YieldFrom.php","10/3/2025 3:17:45 AM","695"
"C:\Users\Shadow\Web-PDFTimeSaver\vendor\nikic\php-parser\lib\PhpParser\Node\FunctionLike.php","10/3/2025 3:17:45 AM","771"
"C:\Users\Shadow\Web-PDFTimeSaver\vendor\nikic\php-parser\lib\PhpParser\Node\Expr\Yield_.php","10/3/2025 3:17:45 AM","879"
"C:\Users\Shadow\Web-PDFTimeSaver\vendor\nikic\php-parser\lib\PhpParser\Node\Identifier.php","10/3/2025 3:17:45 AM","2202"
"C:\Users\Shadow\Web-PDFTimeSaver\vendor\nikic\php-parser\lib\PhpParser\Node\InterpolatedStringPart.php","10/3/2025 3:17:45 AM","882"
"C:\Users\Shadow\Web-PDFTimeSaver\vendor\nikic\php-parser\lib\PhpParser\Node\IntersectionType.php","10/3/2025 3:17:45 AM","692"
"C:\Users\Shadow\Web-PDFTimeSaver\vendor\nikic\php-parser\lib\PhpParser\Node\MatchArm.php","10/3/2025 3:17:45 AM","681"
"C:\Users\Shadow\Web-PDFTimeSaver\vendor\nikic\php-parser\lib\PhpParser\Node\Name.php","10/3/2025 3:17:45 AM","8949"
"C:\Users\Shadow\Web-PDFTimeSaver\vendor\nikic\php-parser\lib\PhpParser\Node\Name\FullyQualified.php","10/3/2025 3:17:45 AM","1219"
"C:\Users\Shadow\Web-PDFTimeSaver\vendor\nikic\php-parser\lib\PhpParser\Node\Name\Relative.php","10/3/2025 3:17:45 AM","1216"
"C:\Users\Shadow\Web-PDFTimeSaver\vendor\nikic\php-parser\lib\PhpParser\Node\NullableType.php","10/3/2025 3:17:45 AM","708"
"C:\Users\Shadow\Web-PDFTimeSaver\vendor\nikic\php-parser\lib\PhpParser\Node\Param.php","10/3/2025 3:17:45 AM","3804"
"C:\Users\Shadow\Web-PDFTimeSaver\vendor\nikic\php-parser\lib\PhpParser\Node\PropertyHook.php","10/3/2025 3:17:45 AM","3536"
"C:\Users\Shadow\Web-PDFTimeSaver\vendor\nikic\php-parser\lib\PhpParser\Node\PropertyItem.php","10/3/2025 3:17:45 AM","1109"
"C:\Users\Shadow\Web-PDFTimeSaver\vendor\nikic\php-parser\lib\PhpParser\Node\Scalar.php","10/3/2025 3:17:45 AM","104"
"C:\Users\Shadow\Web-PDFTimeSaver\vendor\nikic\php-parser\lib\PhpParser\Node\Scalar\DNumber.php","10/3/2025 3:17:45 AM","210"
"C:\Users\Shadow\Web-PDFTimeSaver\vendor\nikic\php-parser\lib\PhpParser\Node\Scalar\Encapsed.php","10/3/2025 3:17:45 AM","235"
"C:\Users\Shadow\Web-PDFTimeSaver\vendor\nikic\php-parser\lib\PhpParser\Node\Scalar\EncapsedStringPart.php","10/3/2025 3:17:45 AM","302"
"C:\Users\Shadow\Web-PDFTimeSaver\vendor\nikic\php-parser\lib\PhpParser\Node\Scalar\Float_.php","10/3/2025 3:17:45 AM","2179"
"C:\Users\Shadow\Web-PDFTimeSaver\vendor\nikic\php-parser\lib\PhpParser\Node\Scalar\Int_.php","10/3/2025 3:17:45 AM","2594"
"C:\Users\Shadow\Web-PDFTimeSaver\vendor\nikic\php-parser\lib\PhpParser\Node\Scalar\InterpolatedString.php","10/3/2025 3:17:45 AM","967"
"C:\Users\Shadow\Web-PDFTimeSaver\vendor\nikic\php-parser\lib\PhpParser\Node\Scalar\LNumber.php","10/3/2025 3:17:45 AM","206"
"C:\Users\Shadow\Web-PDFTimeSaver\vendor\nikic\php-parser\lib\PhpParser\Node\Scalar\MagicConst.php","10/3/2025 3:17:45 AM","629"
"C:\Users\Shadow\Web-PDFTimeSaver\vendor\nikic\php-parser\lib\PhpParser\Node\Scalar\MagicConst\Dir.php","10/3/2025 3:17:45 AM","323"
"C:\Users\Shadow\Web-PDFTimeSaver\vendor\nikic\php-parser\lib\PhpParser\Node\Scalar\MagicConst\Class_.php","10/3/2025 3:17:45 AM","330"
"C:\Users\Shadow\Web-PDFTimeSaver\vendor\nikic\php-parser\lib\PhpParser\Node\Scalar\MagicConst\File.php","10/3/2025 3:17:45 AM","326"
"C:\Users\Shadow\Web-PDFTimeSaver\vendor\nikic\php-parser\lib\PhpParser\Node\Scalar\MagicConst\Function_.php","10/3/2025 3:17:45 AM","339"
"C:\Users\Shadow\Web-PDFTimeSaver\vendor\nikic\php-parser\lib\PhpParser\Node\Scalar\MagicConst\Line.php","10/3/2025 3:17:45 AM","326"
"C:\Users\Shadow\Web-PDFTimeSaver\vendor\nikic\php-parser\lib\PhpParser\Node\Scalar\MagicConst\Method.php","10/3/2025 3:17:45 AM","332"
"C:\Users\Shadow\Web-PDFTimeSaver\vendor\nikic\php-parser\lib\PhpParser\Node\Scalar\MagicConst\Namespace_.php","10/3/2025 3:17:45 AM","342"
"C:\Users\Shadow\Web-PDFTimeSaver\vendor\nikic\php-parser\lib\PhpParser\Node\Scalar\MagicConst\Property.php","10/3/2025 3:17:45 AM","338"
"C:\Users\Shadow\Web-PDFTimeSaver\vendor\nikic\php-parser\lib\PhpParser\Node\Scalar\MagicConst\Trait_.php","10/3/2025 3:17:45 AM","330"
"C:\Users\Shadow\Web-PDFTimeSaver\vendor\nikic\php-parser\lib\PhpParser\Node\Scalar\String_.php","10/3/2025 3:17:45 AM","5232"
"C:\Users\Shadow\Web-PDFTimeSaver\vendor\nikic\php-parser\lib\PhpParser\Node\StaticVar.php","10/3/2025 3:17:45 AM","1038"
"C:\Users\Shadow\Web-PDFTimeSaver\vendor\nikic\php-parser\lib\PhpParser\Node\Stmt.php","10/3/2025 3:17:45 AM","141"
"C:\Users\Shadow\Web-PDFTimeSaver\vendor\nikic\php-parser\lib\PhpParser\Node\Stmt\Block.php","10/3/2025 3:17:45 AM","675"
"C:\Users\Shadow\Web-PDFTimeSaver\vendor\nikic\php-parser\lib\PhpParser\Node\Stmt\Break_.php","10/3/2025 3:17:45 AM","727"
"C:\Users\Shadow\Web-PDFTimeSaver\vendor\nikic\php-parser\lib\PhpParser\Node\Stmt\Case_.php","10/3/2025 3:17:45 AM","902"
"C:\Users\Shadow\Web-PDFTimeSaver\vendor\nikic\php-parser\lib\PhpParser\Node\Stmt\Catch_.php","10/3/2025 3:17:45 AM","1154"
"C:\Users\Shadow\Web-PDFTimeSaver\vendor\nikic\php-parser\lib\PhpParser\Node\Stmt\ClassConst.php","10/3/2025 3:17:45 AM","2209"
"C:\Users\Shadow\Web-PDFTimeSaver\vendor\nikic\php-parser\lib\PhpParser\Node\Stmt\ClassLike.php","10/3/2025 3:17:45 AM","3153"
"C:\Users\Shadow\Web-PDFTimeSaver\vendor\nikic\php-parser\lib\PhpParser\Node\Stmt\ClassMethod.php","10/3/2025 3:17:45 AM","4870"
"C:\Users\Shadow\Web-PDFTimeSaver\vendor\nikic\php-parser\lib\PhpParser\Node\Stmt\Class_.php","10/3/2025 3:17:45 AM","3309"
"C:\Users\Shadow\Web-PDFTimeSaver\vendor\nikic\php-parser\lib\PhpParser\Node\Stmt\Const_.php","10/3/2025 3:17:45 AM","1004"
"C:\Users\Shadow\Web-PDFTimeSaver\vendor\nikic\php-parser\lib\PhpParser\Node\Stmt\Continue_.php","10/3/2025 3:17:45 AM","742"
"C:\Users\Shadow\Web-PDFTimeSaver\vendor\nikic\php-parser\lib\PhpParser\Node\Stmt\DeclareDeclare.php","10/3/2025 3:17:45 AM","263"
"C:\Users\Shadow\Web-PDFTimeSaver\vendor\nikic\php-parser\lib\PhpParser\Node\Stmt\Do_.php","10/3/2025 3:17:45 AM","852"
"C:\Users\Shadow\Web-PDFTimeSaver\vendor\nikic\php-parser\lib\PhpParser\Node\Stmt\Declare_.php","10/3/2025 3:17:45 AM","946"
"C:\Users\Shadow\Web-PDFTimeSaver\vendor\nikic\php-parser\lib\PhpParser\Node\Stmt\Echo_.php","10/3/2025 3:17:45 AM","688"
"C:\Users\Shadow\Web-PDFTimeSaver\vendor\nikic\php-parser\lib\PhpParser\Node\Stmt\ElseIf_.php","10/3/2025 3:17:45 AM","859"
"C:\Users\Shadow\Web-PDFTimeSaver\vendor\nikic\php-parser\lib\PhpParser\Node\Stmt\Else_.php","10/3/2025 3:17:45 AM","691"
"C:\Users\Shadow\Web-PDFTimeSaver\vendor\nikic\php-parser\lib\PhpParser\Node\Stmt\EnumCase.php","10/3/2025 3:17:45 AM","1202"
"C:\Users\Shadow\Web-PDFTimeSaver\vendor\nikic\php-parser\lib\PhpParser\Node\Stmt\Enum_.php","10/3/2025 3:17:45 AM","1622"
"C:\Users\Shadow\Web-PDFTimeSaver\vendor\nikic\php-parser\lib\PhpParser\Node\Stmt\Expression.php","10/3/2025 3:17:45 AM","758"
"C:\Users\Shadow\Web-PDFTimeSaver\vendor\nikic\php-parser\lib\PhpParser\Node\Stmt\For_.php","10/3/2025 3:17:45 AM","1482"
"C:\Users\Shadow\Web-PDFTimeSaver\vendor\nikic\php-parser\lib\PhpParser\Node\Stmt\Finally_.php","10/3/2025 3:17:45 AM","699"
"C:\Users\Shadow\Web-PDFTimeSaver\vendor\nikic\php-parser\lib\PhpParser\Node\Stmt\Foreach_.php","10/3/2025 3:17:45 AM","1760"
"C:\Users\Shadow\Web-PDFTimeSaver\vendor\nikic\php-parser\lib\PhpParser\Node\Stmt\Function_.php","10/3/2025 3:17:45 AM","2753"
"C:\Users\Shadow\Web-PDFTimeSaver\vendor\nikic\php-parser\lib\PhpParser\Node\Stmt\Global_.php","10/3/2025 3:17:45 AM","707"
"C:\Users\Shadow\Web-PDFTimeSaver\vendor\nikic\php-parser\lib\PhpParser\Node\Stmt\Goto_.php","10/3/2025 3:17:45 AM","787"
"C:\Users\Shadow\Web-PDFTimeSaver\vendor\nikic\php-parser\lib\PhpParser\Node\Stmt\GroupUse.php","10/3/2025 3:17:45 AM","1102"
"C:\Users\Shadow\Web-PDFTimeSaver\vendor\nikic\php-parser\lib\PhpParser\Node\Stmt\If_.php","10/3/2025 3:17:45 AM","1438"
"C:\Users\Shadow\Web-PDFTimeSaver\vendor\nikic\php-parser\lib\PhpParser\Node\Stmt\HaltCompiler.php","10/3/2025 3:17:45 AM","797"
"C:\Users\Shadow\Web-PDFTimeSaver\vendor\nikic\php-parser\lib\PhpParser\Node\Stmt\Interface_.php","10/3/2025 3:17:45 AM","1365"
"C:\Users\Shadow\Web-PDFTimeSaver\vendor\nikic\php-parser\lib\PhpParser\Node\Stmt\InlineHTML.php","10/3/2025 3:17:45 AM","688"
"C:\Users\Shadow\Web-PDFTimeSaver\vendor\nikic\php-parser\lib\PhpParser\Node\Stmt\Label.php","10/3/2025 3:17:45 AM","749"
"C:\Users\Shadow\Web-PDFTimeSaver\vendor\nikic\php-parser\lib\PhpParser\Node\Stmt\Namespace_.php","10/3/2025 3:17:45 AM","994"
"C:\Users\Shadow\Web-PDFTimeSaver\vendor\nikic\php-parser\lib\PhpParser\Node\Stmt\Property.php","10/3/2025 3:17:45 AM","3547"
"C:\Users\Shadow\Web-PDFTimeSaver\vendor\nikic\php-parser\lib\PhpParser\Node\Stmt\Nop.php","10/3/2025 3:17:45 AM","311"
"C:\Users\Shadow\Web-PDFTimeSaver\vendor\nikic\php-parser\lib\PhpParser\Node\Stmt\PropertyProperty.php","10/3/2025 3:17:45 AM","268"
"C:\Users\Shadow\Web-PDFTimeSaver\vendor\nikic\php-parser\lib\PhpParser\Node\Stmt\StaticVar.php","10/3/2025 3:17:45 AM","235"
"C:\Users\Shadow\Web-PDFTimeSaver\vendor\nikic\php-parser\lib\PhpParser\Node\Stmt\Return_.php","10/3/2025 3:17:45 AM","708"
"C:\Users\Shadow\Web-PDFTimeSaver\vendor\nikic\php-parser\lib\PhpParser\Node\Stmt\Static_.php","10/3/2025 3:17:45 AM","751"
"C:\Users\Shadow\Web-PDFTimeSaver\vendor\nikic\php-parser\lib\PhpParser\Node\Stmt\Switch_.php","10/3/2025 3:17:45 AM","841"
"C:\Users\Shadow\Web-PDFTimeSaver\vendor\nikic\php-parser\lib\PhpParser\Node\Stmt\TraitUseAdaptation.php","10/3/2025 3:17:45 AM","305"
"C:\Users\Shadow\Web-PDFTimeSaver\vendor\nikic\php-parser\lib\PhpParser\Node\Stmt\TraitUse.php","10/3/2025 3:17:45 AM","922"
"C:\Users\Shadow\Web-PDFTimeSaver\vendor\nikic\php-parser\lib\PhpParser\Node\Stmt\TraitUseAdaptation\Alias.php","10/3/2025 3:17:45 AM","1333"
"C:\Users\Shadow\Web-PDFTimeSaver\vendor\nikic\php-parser\lib\PhpParser\Node\Stmt\TraitUseAdaptation\Precedence.php","10/3/2025 3:17:45 AM","1086"
"C:\Users\Shadow\Web-PDFTimeSaver\vendor\nikic\php-parser\lib\PhpParser\Node\Stmt\Trait_.php","10/3/2025 3:17:45 AM","1105"
"C:\Users\Shadow\Web-PDFTimeSaver\vendor\nikic\php-parser\lib\PhpParser\Node\Stmt\TryCatch.php","10/3/2025 3:17:45 AM","1082"
"C:\Users\Shadow\Web-PDFTimeSaver\vendor\nikic\php-parser\lib\PhpParser\Node\Stmt\UseUse.php","10/3/2025 3:17:45 AM","243"
"C:\Users\Shadow\Web-PDFTimeSaver\vendor\nikic\php-parser\lib\PhpParser\Node\Stmt\Unset_.php","10/3/2025 3:17:45 AM","699"
"C:\Users\Shadow\Web-PDFTimeSaver\vendor\nikic\php-parser\lib\PhpParser\Node\Stmt\Use_.php","10/3/2025 3:17:45 AM","1495"
"C:\Users\Shadow\Web-PDFTimeSaver\vendor\nikic\php-parser\lib\PhpParser\Node\Stmt\While_.php","10/3/2025 3:17:45 AM","855"
"C:\Users\Shadow\Web-PDFTimeSaver\vendor\nikic\php-parser\lib\PhpParser\Node\UnionType.php","10/3/2025 3:17:45 AM","704"
"C:\Users\Shadow\Web-PDFTimeSaver\vendor\nikic\php-parser\lib\PhpParser\Node\UseItem.php","10/3/2025 3:17:45 AM","1732"
"C:\Users\Shadow\Web-PDFTimeSaver\vendor\nikic\php-parser\lib\PhpParser\Node\VarLikeIdentifier.php","10/3/2025 3:17:45 AM","518"
"C:\Users\Shadow\Web-PDFTimeSaver\vendor\nikic\php-parser\lib\PhpParser\Node\VariadicPlaceholder.php","10/3/2025 3:17:45 AM","680"
"C:\Users\Shadow\Web-PDFTimeSaver\vendor\nikic\php-parser\lib\PhpParser\NodeAbstract.php","10/3/2025 3:17:45 AM","5551"
"C:\Users\Shadow\Web-PDFTimeSaver\vendor\nikic\php-parser\lib\PhpParser\NodeDumper.php","10/3/2025 3:17:45 AM","10784"
"C:\Users\Shadow\Web-PDFTimeSaver\vendor\nikic\php-parser\lib\PhpParser\NodeFinder.php","10/3/2025 3:17:45 AM","2697"
"C:\Users\Shadow\Web-PDFTimeSaver\vendor\nikic\php-parser\lib\PhpParser\NodeTraverser.php","10/3/2025 3:17:45 AM","10616"
"C:\Users\Shadow\Web-PDFTimeSaver\vendor\nikic\php-parser\lib\PhpParser\NodeTraverserInterface.php","10/3/2025 3:17:45 AM","624"
"C:\Users\Shadow\Web-PDFTimeSaver\vendor\nikic\php-parser\lib\PhpParser\NodeVisitor.php","10/3/2025 3:17:45 AM","4303"
"C:\Users\Shadow\Web-PDFTimeSaver\vendor\nikic\php-parser\lib\PhpParser\NodeVisitor\CloningVisitor.php","10/3/2025 3:17:45 AM","521"
"C:\Users\Shadow\Web-PDFTimeSaver\vendor\nikic\php-parser\lib\PhpParser\NodeVisitor\CommentAnnotatingVisitor.php","10/3/2025 3:17:45 AM","2859"
"C:\Users\Shadow\Web-PDFTimeSaver\vendor\nikic\php-parser\lib\PhpParser\NodeVisitor\FindingVisitor.php","10/3/2025 3:17:45 AM","1190"
"C:\Users\Shadow\Web-PDFTimeSaver\vendor\nikic\php-parser\lib\PhpParser\NodeVisitor\FirstFindingVisitor.php","10/3/2025 3:17:45 AM","1300"
"C:\Users\Shadow\Web-PDFTimeSaver\vendor\nikic\php-parser\lib\PhpParser\NodeVisitor\NameResolver.php","10/3/2025 3:17:45 AM","10639"
"C:\Users\Shadow\Web-PDFTimeSaver\vendor\nikic\php-parser\lib\PhpParser\NodeVisitor\NodeConnectingVisitor.php","10/3/2025 3:17:45 AM","2402"
"C:\Users\Shadow\Web-PDFTimeSaver\vendor\nikic\php-parser\lib\PhpParser\NodeVisitorAbstract.php","10/3/2025 3:17:45 AM","471"
"C:\Users\Shadow\Web-PDFTimeSaver\vendor\nikic\php-parser\lib\PhpParser\NodeVisitor\ParentConnectingVisitor.php","10/3/2025 3:17:45 AM","1392"
"C:\Users\Shadow\Web-PDFTimeSaver\vendor\nikic\php-parser\lib\PhpParser\Parser.php","10/3/2025 3:17:45 AM","789"
"C:\Users\Shadow\Web-PDFTimeSaver\vendor\nikic\php-parser\lib\PhpParser\Parser\Php7.php","10/3/2025 3:17:45 AM","196885"
"C:\Users\Shadow\Web-PDFTimeSaver\vendor\nikic\php-parser\lib\PhpParser\Parser\Php8.php","10/3/2025 3:17:45 AM","196432"
"C:\Users\Shadow\Web-PDFTimeSaver\vendor\nikic\php-parser\lib\PhpParser\ParserAbstract.php","10/3/2025 3:17:45 AM","53425"
"C:\Users\Shadow\Web-PDFTimeSaver\vendor\nikic\php-parser\lib\PhpParser\ParserFactory.php","10/3/2025 3:17:45 AM","1490"
"C:\Users\Shadow\Web-PDFTimeSaver\vendor\nikic\php-parser\lib\PhpParser\PhpVersion.php","10/3/2025 3:17:45 AM","4899"
"C:\Users\Shadow\Web-PDFTimeSaver\vendor\nikic\php-parser\lib\PhpParser\PrettyPrinter.php","10/3/2025 3:17:45 AM","1750"
"C:\Users\Shadow\Web-PDFTimeSaver\vendor\nikic\php-parser\lib\PhpParser\PrettyPrinter\Standard.php","10/3/2025 3:17:45 AM","55101"
"C:\Users\Shadow\Web-PDFTimeSaver\vendor\nikic\php-parser\lib\PhpParser\PrettyPrinterAbstract.php","10/3/2025 3:17:45 AM","73969"
"C:\Users\Shadow\Web-PDFTimeSaver\vendor\nikic\php-parser\lib\PhpParser\compatibility_tokens.php","10/3/2025 3:17:45 AM","2586"
"C:\Users\Shadow\Web-PDFTimeSaver\vendor\nikic\php-parser\lib\PhpParser\Token.php","10/3/2025 3:17:45 AM","505"
"C:\Users\Shadow\Web-PDFTimeSaver\vendor\nikic\php-parser\phpstan-baseline.neon","10/3/2025 3:17:45 AM","9579"
"C:\Users\Shadow\Web-PDFTimeSaver\vendor\nikic\php-parser\phpstan.neon.dist","10/3/2025 3:17:45 AM","134"
"C:\Users\Shadow\Web-PDFTimeSaver\vendor\nikic\php-parser\phpunit.xml.dist","10/3/2025 3:17:45 AM","695"
"C:\Users\Shadow\Web-PDFTimeSaver\vendor\nikic\php-parser\test\PhpParser\Builder\ClassConstTest.php","10/3/2025 3:17:45 AM","6184"
"C:\Users\Shadow\Web-PDFTimeSaver\vendor\nikic\php-parser\test\PhpParser\Builder\ClassTest.php","10/3/2025 3:17:45 AM","5717"
"C:\Users\Shadow\Web-PDFTimeSaver\vendor\nikic\php-parser\test\PhpParser\Builder\EnumCaseTest.php","10/3/2025 3:17:45 AM","2194"
"C:\Users\Shadow\Web-PDFTimeSaver\vendor\nikic\php-parser\test\PhpParser\Builder\EnumTest.php","10/3/2025 3:17:45 AM","4702"
"C:\Users\Shadow\Web-PDFTimeSaver\vendor\nikic\php-parser\test\PhpParser\Builder\FunctionTest.php","10/3/2025 3:17:45 AM","4219"
"C:\Users\Shadow\Web-PDFTimeSaver\vendor\nikic\php-parser\test\PhpParser\Builder\InterfaceTest.php","10/3/2025 3:17:45 AM","4139"
"C:\Users\Shadow\Web-PDFTimeSaver\vendor\nikic\php-parser\test\PhpParser\Builder\MethodTest.php","10/3/2025 3:17:45 AM","5512"
"C:\Users\Shadow\Web-PDFTimeSaver\vendor\nikic\php-parser\test\PhpParser\Builder\NamespaceTest.php","10/3/2025 3:17:45 AM","1436"
"C:\Users\Shadow\Web-PDFTimeSaver\vendor\nikic\php-parser\test\PhpParser\Builder\PropertyTest.php","10/3/2025 3:17:45 AM","6771"
"C:\Users\Shadow\Web-PDFTimeSaver\vendor\nikic\php-parser\test\PhpParser\Builder\ParamTest.php","10/3/2025 3:17:45 AM","9428"
"C:\Users\Shadow\Web-PDFTimeSaver\vendor\nikic\php-parser\test\PhpParser\Builder\TraitTest.php","10/3/2025 3:17:45 AM","3808"
"C:\Users\Shadow\Web-PDFTimeSaver\vendor\nikic\php-parser\test\PhpParser\Builder\TraitUseAdaptationTest.php","10/3/2025 3:17:45 AM","3715"
"C:\Users\Shadow\Web-PDFTimeSaver\vendor\nikic\php-parser\test\PhpParser\Builder\TraitUseTest.php","10/3/2025 3:17:45 AM","1561"
"C:\Users\Shadow\Web-PDFTimeSaver\vendor\nikic\php-parser\test\PhpParser\BuilderFactoryTest.php","10/3/2025 3:17:45 AM","14298"
"C:\Users\Shadow\Web-PDFTimeSaver\vendor\nikic\php-parser\test\PhpParser\Builder\UseTest.php","10/3/2025 3:17:45 AM","1338"
"C:\Users\Shadow\Web-PDFTimeSaver\vendor\nikic\php-parser\test\PhpParser\BuilderHelpersTest.php","10/3/2025 3:17:45 AM","11432"
"C:\Users\Shadow\Web-PDFTimeSaver\vendor\nikic\php-parser\test\PhpParser\CodeParsingTest.php","10/3/2025 3:17:45 AM","3704"
"C:\Users\Shadow\Web-PDFTimeSaver\vendor\nikic\php-parser\test\PhpParser\CodeTestAbstract.php","10/3/2025 3:17:45 AM","1445"
"C:\Users\Shadow\Web-PDFTimeSaver\vendor\nikic\php-parser\test\PhpParser\CodeTestParser.php","10/3/2025 3:17:45 AM","2014"
"C:\Users\Shadow\Web-PDFTimeSaver\vendor\nikic\php-parser\test\PhpParser\CommentTest.php","10/3/2025 3:17:45 AM","2622"
"C:\Users\Shadow\Web-PDFTimeSaver\vendor\nikic\php-parser\test\PhpParser\CompatibilityTest.php","10/3/2025 3:17:45 AM","2908"
"C:\Users\Shadow\Web-PDFTimeSaver\vendor\nikic\php-parser\test\PhpParser\ConstExprEvaluatorTest.php","10/3/2025 3:17:45 AM","4691"
"C:\Users\Shadow\Web-PDFTimeSaver\vendor\nikic\php-parser\test\PhpParser\ErrorHandler\CollectingTest.php","10/3/2025 3:17:45 AM","778"
"C:\Users\Shadow\Web-PDFTimeSaver\vendor\nikic\php-parser\test\PhpParser\ErrorTest.php","10/3/2025 3:17:45 AM","3754"
"C:\Users\Shadow\Web-PDFTimeSaver\vendor\nikic\php-parser\test\PhpParser\ErrorHandler\ThrowingTest.php","10/3/2025 3:17:45 AM","402"
"C:\Users\Shadow\Web-PDFTimeSaver\vendor\nikic\php-parser\test\PhpParser\Internal\DifferTest.php","10/3/2025 3:17:45 AM","2850"
"C:\Users\Shadow\Web-PDFTimeSaver\vendor\nikic\php-parser\test\PhpParser\JsonDecoderTest.php","10/3/2025 3:17:45 AM","1358"
"C:\Users\Shadow\Web-PDFTimeSaver\vendor\nikic\php-parser\test\PhpParser\Lexer\EmulativeTest.php","10/3/2025 3:17:45 AM","17835"
"C:\Users\Shadow\Web-PDFTimeSaver\vendor\nikic\php-parser\test\PhpParser\LexerTest.php","10/3/2025 3:17:45 AM","4446"
"C:\Users\Shadow\Web-PDFTimeSaver\vendor\nikic\php-parser\test\PhpParser\ModifiersTest.php","10/3/2025 3:17:45 AM","544"
"C:\Users\Shadow\Web-PDFTimeSaver\vendor\nikic\php-parser\test\PhpParser\NameContextTest.php","10/3/2025 3:17:45 AM","3193"
"C:\Users\Shadow\Web-PDFTimeSaver\vendor\nikic\php-parser\test\PhpParser\Node\Expr\CallableLikeTest.php","10/3/2025 3:17:45 AM","5611"
"C:\Users\Shadow\Web-PDFTimeSaver\vendor\nikic\php-parser\test\PhpParser\Node\NameTest.php","10/3/2025 3:17:45 AM","6482"
"C:\Users\Shadow\Web-PDFTimeSaver\vendor\nikic\php-parser\test\PhpParser\Node\IdentifierTest.php","10/3/2025 3:17:45 AM","1054"
"C:\Users\Shadow\Web-PDFTimeSaver\vendor\nikic\php-parser\test\PhpParser\Node\ParamTest.php","10/3/2025 3:17:45 AM","2279"
"C:\Users\Shadow\Web-PDFTimeSaver\vendor\nikic\php-parser\test\PhpParser\Node\PropertyHookTest.php","10/3/2025 3:17:45 AM","2951"
"C:\Users\Shadow\Web-PDFTimeSaver\vendor\nikic\php-parser\test\PhpParser\Node\Scalar\DNumberTest.php","10/3/2025 3:17:45 AM","766"
"C:\Users\Shadow\Web-PDFTimeSaver\vendor\nikic\php-parser\test\PhpParser\Node\Scalar\MagicConstTest.php","10/3/2025 3:17:45 AM","848"
"C:\Users\Shadow\Web-PDFTimeSaver\vendor\nikic\php-parser\test\PhpParser\Node\Scalar\NumberTest.php","10/3/2025 3:17:45 AM","751"
"C:\Users\Shadow\Web-PDFTimeSaver\vendor\nikic\php-parser\test\PhpParser\Node\Scalar\StringTest.php","10/3/2025 3:17:45 AM","2564"
"C:\Users\Shadow\Web-PDFTimeSaver\vendor\nikic\php-parser\test\PhpParser\Node\Stmt\ClassConstTest.php","10/3/2025 3:17:45 AM","963"
"C:\Users\Shadow\Web-PDFTimeSaver\vendor\nikic\php-parser\test\PhpParser\Node\Stmt\ClassMethodTest.php","10/3/2025 3:17:45 AM","3563"
"C:\Users\Shadow\Web-PDFTimeSaver\vendor\nikic\php-parser\test\PhpParser\Node\Stmt\ClassTest.php","10/3/2025 3:17:45 AM","4600"
"C:\Users\Shadow\Web-PDFTimeSaver\vendor\nikic\php-parser\test\PhpParser\Node\Stmt\InterfaceTest.php","10/3/2025 3:17:45 AM","1455"
"C:\Users\Shadow\Web-PDFTimeSaver\vendor\nikic\php-parser\test\PhpParser\Node\Stmt\PropertyTest.php","10/3/2025 3:17:45 AM","2241"
"C:\Users\Shadow\Web-PDFTimeSaver\vendor\nikic\php-parser\test\PhpParser\NodeAbstractTest.php","10/3/2025 3:17:45 AM","18723"
"C:\Users\Shadow\Web-PDFTimeSaver\vendor\nikic\php-parser\test\PhpParser\NodeDumperTest.php","10/3/2025 3:17:45 AM","2433"
"C:\Users\Shadow\Web-PDFTimeSaver\vendor\nikic\php-parser\test\PhpParser\NodeFinderTest.php","10/3/2025 3:17:45 AM","2502"
"C:\Users\Shadow\Web-PDFTimeSaver\vendor\nikic\php-parser\test\PhpParser\NodeTraverserTest.php","10/3/2025 3:17:45 AM","18339"
"C:\Users\Shadow\Web-PDFTimeSaver\vendor\nikic\php-parser\test\PhpParser\NodeVisitor\FindingVisitorTest.php","10/3/2025 3:17:45 AM","1660"
"C:\Users\Shadow\Web-PDFTimeSaver\vendor\nikic\php-parser\test\PhpParser\NodeVisitor\FirstFindingVisitorTest.php","10/3/2025 3:17:45 AM","1268"
"C:\Users\Shadow\Web-PDFTimeSaver\vendor\nikic\php-parser\test\PhpParser\NodeVisitor\NameResolverTest.php","10/3/2025 3:17:45 AM","15253"
"C:\Users\Shadow\Web-PDFTimeSaver\vendor\nikic\php-parser\test\PhpParser\NodeVisitor\NodeConnectingVisitorTest.php","10/3/2025 3:17:45 AM","2232"
"C:\Users\Shadow\Web-PDFTimeSaver\vendor\nikic\php-parser\test\PhpParser\NodeVisitorForTesting.php","10/3/2025 3:17:45 AM","1428"
"C:\Users\Shadow\Web-PDFTimeSaver\vendor\nikic\php-parser\test\PhpParser\NodeVisitor\ParentConnectingVisitorTest.php","10/3/2025 3:17:45 AM","1493"
"C:\Users\Shadow\Web-PDFTimeSaver\vendor\nikic\php-parser\test\PhpParser\Parser\Php7Test.php","10/3/2025 3:17:45 AM","264"
"C:\Users\Shadow\Web-PDFTimeSaver\vendor\nikic\php-parser\test\PhpParser\Parser\Php8Test.php","10/3/2025 3:17:45 AM","264"
"C:\Users\Shadow\Web-PDFTimeSaver\vendor\nikic\php-parser\test\PhpParser\ParserFactoryTest.php","10/3/2025 3:17:45 AM","638"
"C:\Users\Shadow\Web-PDFTimeSaver\vendor\nikic\php-parser\test\PhpParser\ParserTestAbstract.php","10/3/2025 3:17:45 AM","9607"
"C:\Users\Shadow\Web-PDFTimeSaver\vendor\nikic\php-parser\test\PhpParser\PhpVersionTest.php","10/3/2025 3:17:45 AM","1461"
"C:\Users\Shadow\Web-PDFTimeSaver\vendor\nikic\php-parser\test\PhpParser\PrettyPrinterTest.php","10/3/2025 3:17:45 AM","13907"
"C:\Users\Shadow\Web-PDFTimeSaver\vendor\nikic\php-parser\test\PhpParser\TokenTest.php","10/3/2025 3:17:45 AM","1721"
"C:\Users\Shadow\Web-PDFTimeSaver\vendor\nikic\php-parser\test\bootstrap.php","10/3/2025 3:17:45 AM","950"
"C:\Users\Shadow\Web-PDFTimeSaver\vendor\nikic\php-parser\test\code\formatPreservation\anonClasses.test","10/3/2025 3:17:45 AM","392"
"C:\Users\Shadow\Web-PDFTimeSaver\vendor\nikic\php-parser\test\code\formatPreservation\addingPropertyType.test","10/3/2025 3:17:45 AM","392"
"C:\Users\Shadow\Web-PDFTimeSaver\vendor\nikic\php-parser\test\code\formatPreservation\arrayInsertionWithComments.test","10/3/2025 3:17:45 AM","1955"
"C:\Users\Shadow\Web-PDFTimeSaver\vendor\nikic\php-parser\test\code\formatPreservation\array_spread.test","10/3/2025 3:17:45 AM","420"
"C:\Users\Shadow\Web-PDFTimeSaver\vendor\nikic\php-parser\test\code\formatPreservation\arrow_function.test","10/3/2025 3:17:45 AM","1141"
"C:\Users\Shadow\Web-PDFTimeSaver\vendor\nikic\php-parser\test\code\formatPreservation\attributes.test","10/3/2025 3:17:45 AM","2849"
"C:\Users\Shadow\Web-PDFTimeSaver\vendor\nikic\php-parser\test\code\formatPreservation\blockConversion.test","10/3/2025 3:17:45 AM","381"
"C:\Users\Shadow\Web-PDFTimeSaver\vendor\nikic\php-parser\test\code\formatPreservation\basic.test","10/3/2025 3:17:45 AM","2540"
"C:\Users\Shadow\Web-PDFTimeSaver\vendor\nikic\php-parser\test\code\formatPreservation\classMethodNop.test","10/3/2025 3:17:45 AM","1366"
"C:\Users\Shadow\Web-PDFTimeSaver\vendor\nikic\php-parser\test\code\formatPreservation\closure.test","10/3/2025 3:17:45 AM","277"
"C:\Users\Shadow\Web-PDFTimeSaver\vendor\nikic\php-parser\test\code\formatPreservation\comments.test","10/3/2025 3:17:45 AM","886"
"C:\Users\Shadow\Web-PDFTimeSaver\vendor\nikic\php-parser\test\code\formatPreservation\constants.test","10/3/2025 3:17:45 AM","667"
"C:\Users\Shadow\Web-PDFTimeSaver\vendor\nikic\php-parser\test\code\formatPreservation\delAfterIdentifier.test","10/3/2025 3:17:45 AM","117"
"C:\Users\Shadow\Web-PDFTimeSaver\vendor\nikic\php-parser\test\code\formatPreservation\emptyListInsertion.test","10/3/2025 3:17:45 AM","2217"
"C:\Users\Shadow\Web-PDFTimeSaver\vendor\nikic\php-parser\test\code\formatPreservation\enum.test","10/3/2025 3:17:45 AM","1129"
"C:\Users\Shadow\Web-PDFTimeSaver\vendor\nikic\php-parser\test\code\formatPreservation\fixup.test","10/3/2025 3:17:45 AM","2970"
"C:\Users\Shadow\Web-PDFTimeSaver\vendor\nikic\php-parser\test\code\formatPreservation\group_use.test","10/3/2025 3:17:45 AM","175"
"C:\Users\Shadow\Web-PDFTimeSaver\vendor\nikic\php-parser\test\code\formatPreservation\indent.test","10/3/2025 3:17:45 AM","954"
"C:\Users\Shadow\Web-PDFTimeSaver\vendor\nikic\php-parser\test\code\formatPreservation\inlineHtml.test","10/3/2025 3:17:45 AM","1419"
"C:\Users\Shadow\Web-PDFTimeSaver\vendor\nikic\php-parser\test\code\formatPreservation\insertionOfNullable.test","10/3/2025 3:17:45 AM","2666"
"C:\Users\Shadow\Web-PDFTimeSaver\vendor\nikic\php-parser\test\code\formatPreservation\listInsertion.test","10/3/2025 3:17:45 AM","5669"
"C:\Users\Shadow\Web-PDFTimeSaver\vendor\nikic\php-parser\test\code\formatPreservation\listInsertionIndentation.test","10/3/2025 3:17:45 AM","408"
"C:\Users\Shadow\Web-PDFTimeSaver\vendor\nikic\php-parser\test\code\formatPreservation\listRemoval.test","10/3/2025 3:17:45 AM","2765"
"C:\Users\Shadow\Web-PDFTimeSaver\vendor\nikic\php-parser\test\code\formatPreservation\match.test","10/3/2025 3:17:45 AM","1261"
"C:\Users\Shadow\Web-PDFTimeSaver\vendor\nikic\php-parser\test\code\formatPreservation\modifierChange.test","10/3/2025 3:17:45 AM","1212"
"C:\Users\Shadow\Web-PDFTimeSaver\vendor\nikic\php-parser\test\code\formatPreservation\namedArgs.test","10/3/2025 3:17:45 AM","420"
"C:\Users\Shadow\Web-PDFTimeSaver\vendor\nikic\php-parser\test\code\formatPreservation\property_hooks.test","10/3/2025 3:17:45 AM","2101"
"C:\Users\Shadow\Web-PDFTimeSaver\vendor\nikic\php-parser\test\code\formatPreservation\nopCommentAtEnd.test","10/3/2025 3:17:45 AM","198"
"C:\Users\Shadow\Web-PDFTimeSaver\vendor\nikic\php-parser\test\code\formatPreservation\removalViaNull.test","10/3/2025 3:17:45 AM","2298"
"C:\Users\Shadow\Web-PDFTimeSaver\vendor\nikic\php-parser\test\code\formatPreservation\removingPropertyType.test","10/3/2025 3:17:45 AM","186"
"C:\Users\Shadow\Web-PDFTimeSaver\vendor\nikic\php-parser\test\code\formatPreservation\traitAlias.test","10/3/2025 3:17:45 AM","202"
"C:\Users\Shadow\Web-PDFTimeSaver\vendor\nikic\php-parser\test\code\formatPreservation\rewriteVariableInterpolationString.test","10/3/2025 3:17:45 AM","157"
"C:\Users\Shadow\Web-PDFTimeSaver\vendor\nikic\php-parser\test\code\parser\commentAtEndOfClass.test","10/3/2025 3:17:45 AM","980"
"C:\Users\Shadow\Web-PDFTimeSaver\vendor\nikic\php-parser\test\code\parser\blockComments.test","10/3/2025 3:17:45 AM","842"
"C:\Users\Shadow\Web-PDFTimeSaver\vendor\nikic\php-parser\test\code\parser\comments.test","10/3/2025 3:17:45 AM","1611"
"C:\Users\Shadow\Web-PDFTimeSaver\vendor\nikic\php-parser\test\code\parser\emptyFile.test","10/3/2025 3:17:45 AM","39"
"C:\Users\Shadow\Web-PDFTimeSaver\vendor\nikic\php-parser\test\code\parser\errorHandling\eofError.test","10/3/2025 3:17:45 AM","567"
"C:\Users\Shadow\Web-PDFTimeSaver\vendor\nikic\php-parser\test\code\parser\errorHandling\lexerErrors.test","10/3/2025 3:17:45 AM","2867"
"C:\Users\Shadow\Web-PDFTimeSaver\vendor\nikic\php-parser\test\code\parser\errorHandling\recovery.test","10/3/2025 3:17:45 AM","35281"
"C:\Users\Shadow\Web-PDFTimeSaver\vendor\nikic\php-parser\test\code\parser\expr\alternative_array_syntax.test","10/3/2025 3:17:45 AM","7556"
"C:\Users\Shadow\Web-PDFTimeSaver\vendor\nikic\php-parser\test\code\parser\expr\arrayDef.test","10/3/2025 3:17:45 AM","4367"
"C:\Users\Shadow\Web-PDFTimeSaver\vendor\nikic\php-parser\test\code\parser\expr\arrayDestructuring.test","10/3/2025 3:17:45 AM","5709"
"C:\Users\Shadow\Web-PDFTimeSaver\vendor\nikic\php-parser\test\code\parser\expr\arraySpread.test","10/3/2025 3:17:45 AM","13140"
"C:\Users\Shadow\Web-PDFTimeSaver\vendor\nikic\php-parser\test\code\parser\expr\arrayEmptyElemens.test","10/3/2025 3:17:45 AM","2045"
"C:\Users\Shadow\Web-PDFTimeSaver\vendor\nikic\php-parser\test\code\parser\expr\arrow_function.test","10/3/2025 3:17:45 AM","7647"
"C:\Users\Shadow\Web-PDFTimeSaver\vendor\nikic\php-parser\test\code\parser\expr\assign.test","10/3/2025 3:17:45 AM","8273"
"C:\Users\Shadow\Web-PDFTimeSaver\vendor\nikic\php-parser\test\code\parser\expr\assignNewByRef.test","10/3/2025 3:17:45 AM","848"
"C:\Users\Shadow\Web-PDFTimeSaver\vendor\nikic\php-parser\test\code\parser\expr\cast.test","10/3/2025 3:17:45 AM","1843"
"C:\Users\Shadow\Web-PDFTimeSaver\vendor\nikic\php-parser\test\code\parser\expr\clone.test","10/3/2025 3:17:45 AM","196"
"C:\Users\Shadow\Web-PDFTimeSaver\vendor\nikic\php-parser\test\code\parser\expr\closure.test","10/3/2025 3:17:45 AM","5240"
"C:\Users\Shadow\Web-PDFTimeSaver\vendor\nikic\php-parser\test\code\parser\expr\closure_use_trailing_comma.test","10/3/2025 3:17:45 AM","595"
"C:\Users\Shadow\Web-PDFTimeSaver\vendor\nikic\php-parser\test\code\parser\expr\comparison.test","10/3/2025 3:17:45 AM","2723"
"C:\Users\Shadow\Web-PDFTimeSaver\vendor\nikic\php-parser\test\code\parser\expr\constant_expr.test","10/3/2025 3:17:45 AM","20210"
"C:\Users\Shadow\Web-PDFTimeSaver\vendor\nikic\php-parser\test\code\parser\expr\concatPrecedence.test","10/3/2025 3:17:45 AM","2378"
"C:\Users\Shadow\Web-PDFTimeSaver\vendor\nikic\php-parser\test\code\parser\expr\dynamicClassConst.test","10/3/2025 3:17:45 AM","752"
"C:\Users\Shadow\Web-PDFTimeSaver\vendor\nikic\php-parser\test\code\parser\expr\errorSuppress.test","10/3/2025 3:17:45 AM","209"
"C:\Users\Shadow\Web-PDFTimeSaver\vendor\nikic\php-parser\test\code\parser\expr\exprInIsset.test","10/3/2025 3:17:45 AM","965"
"C:\Users\Shadow\Web-PDFTimeSaver\vendor\nikic\php-parser\test\code\parser\expr\exit.test","10/3/2025 3:17:45 AM","3801"
"C:\Users\Shadow\Web-PDFTimeSaver\vendor\nikic\php-parser\test\code\parser\expr\exprInList.test","10/3/2025 3:17:45 AM","1866"
"C:\Users\Shadow\Web-PDFTimeSaver\vendor\nikic\php-parser\test\code\parser\expr\fetchAndCall\args.test","10/3/2025 3:17:45 AM","2452"
"C:\Users\Shadow\Web-PDFTimeSaver\vendor\nikic\php-parser\test\code\parser\expr\fetchAndCall\constFetch.test","10/3/2025 3:17:45 AM","1128"
"C:\Users\Shadow\Web-PDFTimeSaver\vendor\nikic\php-parser\test\code\parser\expr\fetchAndCall\constantDeref.test","10/3/2025 3:17:45 AM","7725"
"C:\Users\Shadow\Web-PDFTimeSaver\vendor\nikic\php-parser\test\code\parser\expr\fetchAndCall\funcCall.test","10/3/2025 3:17:45 AM","2697"
"C:\Users\Shadow\Web-PDFTimeSaver\vendor\nikic\php-parser\test\code\parser\expr\fetchAndCall\namedArgs.test","10/3/2025 3:17:45 AM","1370"
"C:\Users\Shadow\Web-PDFTimeSaver\vendor\nikic\php-parser\test\code\parser\expr\fetchAndCall\newDeref.test","10/3/2025 3:17:45 AM","1614"
"C:\Users\Shadow\Web-PDFTimeSaver\vendor\nikic\php-parser\test\code\parser\expr\fetchAndCall\objectAccess.test","10/3/2025 3:17:45 AM","2769"
"C:\Users\Shadow\Web-PDFTimeSaver\vendor\nikic\php-parser\test\code\parser\expr\fetchAndCall\simpleArrayAccess.test","10/3/2025 3:17:45 AM","1302"
"C:\Users\Shadow\Web-PDFTimeSaver\vendor\nikic\php-parser\test\code\parser\expr\fetchAndCall\staticPropertyFetch.test","10/3/2025 3:17:45 AM","1550"
"C:\Users\Shadow\Web-PDFTimeSaver\vendor\nikic\php-parser\test\code\parser\expr\fetchAndCall\staticCall.test","10/3/2025 3:17:45 AM","4148"
"C:\Users\Shadow\Web-PDFTimeSaver\vendor\nikic\php-parser\test\code\parser\expr\firstClassCallables.test","10/3/2025 3:17:45 AM","2439"
"C:\Users\Shadow\Web-PDFTimeSaver\vendor\nikic\php-parser\test\code\parser\expr\includeAndEval.test","10/3/2025 3:17:45 AM","1046"
"C:\Users\Shadow\Web-PDFTimeSaver\vendor\nikic\php-parser\test\code\parser\expr\issetAndEmpty.test","10/3/2025 3:17:45 AM","2086"
"C:\Users\Shadow\Web-PDFTimeSaver\vendor\nikic\php-parser\test\code\parser\expr\keywordsInNamespacedName.test","10/3/2025 3:17:45 AM","1942"
"C:\Users\Shadow\Web-PDFTimeSaver\vendor\nikic\php-parser\test\code\parser\expr\listReferences.test","10/3/2025 3:17:45 AM","2372"
"C:\Users\Shadow\Web-PDFTimeSaver\vendor\nikic\php-parser\test\code\parser\expr\listWithKeys.test","10/3/2025 3:17:45 AM","2574"
"C:\Users\Shadow\Web-PDFTimeSaver\vendor\nikic\php-parser\test\code\parser\expr\logic.test","10/3/2025 3:17:45 AM","3856"
"C:\Users\Shadow\Web-PDFTimeSaver\vendor\nikic\php-parser\test\code\parser\expr\match.test","10/3/2025 3:17:45 AM","5428"
"C:\Users\Shadow\Web-PDFTimeSaver\vendor\nikic\php-parser\test\code\parser\expr\math.test","10/3/2025 3:17:45 AM","6207"
"C:\Users\Shadow\Web-PDFTimeSaver\vendor\nikic\php-parser\test\code\parser\expr\new.test","10/3/2025 3:17:45 AM","3497"
"C:\Users\Shadow\Web-PDFTimeSaver\vendor\nikic\php-parser\test\code\parser\expr\newDeref.test","10/3/2025 3:17:45 AM","6740"
"C:\Users\Shadow\Web-PDFTimeSaver\vendor\nikic\php-parser\test\code\parser\expr\newWithoutClass.test","10/3/2025 3:17:45 AM","261"
"C:\Users\Shadow\Web-PDFTimeSaver\vendor\nikic\php-parser\test\code\parser\expr\nullsafe.test","10/3/2025 3:17:45 AM","1966"
"C:\Users\Shadow\Web-PDFTimeSaver\vendor\nikic\php-parser\test\code\parser\expr\pipe.test","10/3/2025 3:17:45 AM","1796"
"C:\Users\Shadow\Web-PDFTimeSaver\vendor\nikic\php-parser\test\code\parser\expr\print.test","10/3/2025 3:17:45 AM","194"
"C:\Users\Shadow\Web-PDFTimeSaver\vendor\nikic\php-parser\test\code\parser\expr\shellExec.test","10/3/2025 3:17:45 AM","1151"
"C:\Users\Shadow\Web-PDFTimeSaver\vendor\nikic\php-parser\test\code\parser\expr\ternaryAndCoalesce.test","10/3/2025 3:17:45 AM","3482"
"C:\Users\Shadow\Web-PDFTimeSaver\vendor\nikic\php-parser\test\code\parser\expr\throw.test","10/3/2025 3:17:45 AM","1005"
"C:\Users\Shadow\Web-PDFTimeSaver\vendor\nikic\php-parser\test\code\parser\expr\trailingCommas.test","10/3/2025 3:17:45 AM","3493"
"C:\Users\Shadow\Web-PDFTimeSaver\vendor\nikic\php-parser\test\code\parser\expr\uvs\constDeref.test","10/3/2025 3:17:45 AM","5530"
"C:\Users\Shadow\Web-PDFTimeSaver\vendor\nikic\php-parser\test\code\parser\expr\uvs\globalNonSimpleVarError.test","10/3/2025 3:17:45 AM","511"
"C:\Users\Shadow\Web-PDFTimeSaver\vendor\nikic\php-parser\test\code\parser\expr\uvs\indirectCall.test","10/3/2025 3:17:45 AM","18723"
"C:\Users\Shadow\Web-PDFTimeSaver\vendor\nikic\php-parser\test\code\parser\expr\uvs\isset.test","10/3/2025 3:17:45 AM","2698"
"C:\Users\Shadow\Web-PDFTimeSaver\vendor\nikic\php-parser\test\code\parser\expr\uvs\misc.test","10/3/2025 3:17:45 AM","3247"
"C:\Users\Shadow\Web-PDFTimeSaver\vendor\nikic\php-parser\test\code\parser\expr\uvs\new.test","10/3/2025 3:17:45 AM","2503"
"C:\Users\Shadow\Web-PDFTimeSaver\vendor\nikic\php-parser\test\code\parser\expr\uvs\newInstanceofExpr.test","10/3/2025 3:17:45 AM","1480"
"C:\Users\Shadow\Web-PDFTimeSaver\vendor\nikic\php-parser\test\code\parser\expr\uvs\staticProperty.test","10/3/2025 3:17:45 AM","2609"
"C:\Users\Shadow\Web-PDFTimeSaver\vendor\nikic\php-parser\test\code\parser\expr\varVarPos.test","10/3/2025 3:17:45 AM","333"
"C:\Users\Shadow\Web-PDFTimeSaver\vendor\nikic\php-parser\test\code\parser\expr\variable.test","10/3/2025 3:17:45 AM","1235"
"C:\Users\Shadow\Web-PDFTimeSaver\vendor\nikic\php-parser\test\code\parser\formattingAttributes.test","10/3/2025 3:17:45 AM","8055"
"C:\Users\Shadow\Web-PDFTimeSaver\vendor\nikic\php-parser\test\code\parser\nopPositions.test","10/3/2025 3:17:45 AM","488"
"C:\Users\Shadow\Web-PDFTimeSaver\vendor\nikic\php-parser\test\code\parser\scalar\constantString.test","10/3/2025 3:17:45 AM","1611"
"C:\Users\Shadow\Web-PDFTimeSaver\vendor\nikic\php-parser\test\code\parser\scalar\docString.test","10/3/2025 3:17:45 AM","2417"
"C:\Users\Shadow\Web-PDFTimeSaver\vendor\nikic\php-parser\test\code\parser\scalar\docStringNewlines.test","10/3/2025 3:17:45 AM","1526"
"C:\Users\Shadow\Web-PDFTimeSaver\vendor\nikic\php-parser\test\code\parser\scalar\encapsedNegVarOffset.test","10/3/2025 3:17:45 AM","2079"
"C:\Users\Shadow\Web-PDFTimeSaver\vendor\nikic\php-parser\test\code\parser\scalar\encapsedString.test","10/3/2025 3:17:45 AM","8622"
"C:\Users\Shadow\Web-PDFTimeSaver\vendor\nikic\php-parser\test\code\parser\scalar\explicitOctal.test","10/3/2025 3:17:45 AM","499"
"C:\Users\Shadow\Web-PDFTimeSaver\vendor\nikic\php-parser\test\code\parser\scalar\flexibleDocString.test","10/3/2025 3:17:45 AM","6616"
"C:\Users\Shadow\Web-PDFTimeSaver\vendor\nikic\php-parser\test\code\parser\scalar\flexibleDocStringErrors.test","10/3/2025 3:17:45 AM","2550"
"C:\Users\Shadow\Web-PDFTimeSaver\vendor\nikic\php-parser\test\code\parser\scalar\float.test","10/3/2025 3:17:45 AM","2255"
"C:\Users\Shadow\Web-PDFTimeSaver\vendor\nikic\php-parser\test\code\parser\scalar\int.test","10/3/2025 3:17:45 AM","1054"
"C:\Users\Shadow\Web-PDFTimeSaver\vendor\nikic\php-parser\test\code\parser\scalar\invalidOctal.test","10/3/2025 3:17:45 AM","357"
"C:\Users\Shadow\Web-PDFTimeSaver\vendor\nikic\php-parser\test\code\parser\scalar\magicConst.test","10/3/2025 3:17:45 AM","920"
"C:\Users\Shadow\Web-PDFTimeSaver\vendor\nikic\php-parser\test\code\parser\scalar\numberSeparators.test","10/3/2025 3:17:45 AM","3454"
"C:\Users\Shadow\Web-PDFTimeSaver\vendor\nikic\php-parser\test\code\parser\scalar\unicodeEscape.test","10/3/2025 3:17:45 AM","1753"
"C:\Users\Shadow\Web-PDFTimeSaver\vendor\nikic\php-parser\test\code\parser\semiReserved.test","10/3/2025 3:17:45 AM","13890"
"C:\Users\Shadow\Web-PDFTimeSaver\vendor\nikic\php-parser\test\code\parser\stmt\attributes.test","10/3/2025 3:17:45 AM","10244"
"C:\Users\Shadow\Web-PDFTimeSaver\vendor\nikic\php-parser\test\code\parser\stmt\blocklessStatement.test","10/3/2025 3:17:45 AM","2719"
"C:\Users\Shadow\Web-PDFTimeSaver\vendor\nikic\php-parser\test\code\parser\stmt\class\abstract.test","10/3/2025 3:17:45 AM","1152"
"C:\Users\Shadow\Web-PDFTimeSaver\vendor\nikic\php-parser\test\code\parser\stmt\class\anonymous.test","10/3/2025 3:17:45 AM","6766"
"C:\Users\Shadow\Web-PDFTimeSaver\vendor\nikic\php-parser\test\code\parser\stmt\class\asymmetric_visibility.test","10/3/2025 3:17:45 AM","5439"
"C:\Users\Shadow\Web-PDFTimeSaver\vendor\nikic\php-parser\test\code\parser\stmt\class\class_position.test","10/3/2025 3:17:45 AM","1486"
"C:\Users\Shadow\Web-PDFTimeSaver\vendor\nikic\php-parser\test\code\parser\stmt\class\conditional.test","10/3/2025 3:17:45 AM","664"
"C:\Users\Shadow\Web-PDFTimeSaver\vendor\nikic\php-parser\test\code\parser\stmt\class\constModifiers.test","10/3/2025 3:17:45 AM","2868"
"C:\Users\Shadow\Web-PDFTimeSaver\vendor\nikic\php-parser\test\code\parser\stmt\class\constModifierErrors.test","10/3/2025 3:17:45 AM","3486"
"C:\Users\Shadow\Web-PDFTimeSaver\vendor\nikic\php-parser\test\code\parser\stmt\class\enum.test","10/3/2025 3:17:45 AM","1543"
"C:\Users\Shadow\Web-PDFTimeSaver\vendor\nikic\php-parser\test\code\parser\stmt\class\final.test","10/3/2025 3:17:45 AM","313"
"C:\Users\Shadow\Web-PDFTimeSaver\vendor\nikic\php-parser\test\code\parser\stmt\class\enum_with_string.test","10/3/2025 3:17:45 AM","1472"
"C:\Users\Shadow\Web-PDFTimeSaver\vendor\nikic\php-parser\test\code\parser\stmt\class\implicitPublic.test","10/3/2025 3:17:45 AM","3381"
"C:\Users\Shadow\Web-PDFTimeSaver\vendor\nikic\php-parser\test\code\parser\stmt\class\interface.test","10/3/2025 3:17:45 AM","791"
"C:\Users\Shadow\Web-PDFTimeSaver\vendor\nikic\php-parser\test\code\parser\stmt\class\modifier_error.test","10/3/2025 3:17:45 AM","6083"
"C:\Users\Shadow\Web-PDFTimeSaver\vendor\nikic\php-parser\test\code\parser\stmt\class\php4Style.test","10/3/2025 3:17:45 AM","1642"
"C:\Users\Shadow\Web-PDFTimeSaver\vendor\nikic\php-parser\test\code\parser\stmt\class\name.test","10/3/2025 3:17:45 AM","5491"
"C:\Users\Shadow\Web-PDFTimeSaver\vendor\nikic\php-parser\test\code\parser\stmt\class\propertyTypes.test","10/3/2025 3:17:45 AM","2726"
"C:\Users\Shadow\Web-PDFTimeSaver\vendor\nikic\php-parser\test\code\parser\stmt\class\property_hooks.test","10/3/2025 3:17:45 AM","18757"
"C:\Users\Shadow\Web-PDFTimeSaver\vendor\nikic\php-parser\test\code\parser\stmt\class\property_modifiers.test","10/3/2025 3:17:45 AM","2377"
"C:\Users\Shadow\Web-PDFTimeSaver\vendor\nikic\php-parser\test\code\parser\stmt\class\property_promotion.test","10/3/2025 3:17:45 AM","6398"
"C:\Users\Shadow\Web-PDFTimeSaver\vendor\nikic\php-parser\test\code\parser\stmt\class\readonlyAnonyous.test","10/3/2025 3:17:45 AM","497"
"C:\Users\Shadow\Web-PDFTimeSaver\vendor\nikic\php-parser\test\code\parser\stmt\class\readonly.test","10/3/2025 3:17:45 AM","646"
"C:\Users\Shadow\Web-PDFTimeSaver\vendor\nikic\php-parser\test\code\parser\stmt\class\readonlyAsClassName.test","10/3/2025 3:17:45 AM","522"
"C:\Users\Shadow\Web-PDFTimeSaver\vendor\nikic\php-parser\test\code\parser\stmt\class\shortEchoAsIdentifier.test","10/3/2025 3:17:45 AM","1443"
"C:\Users\Shadow\Web-PDFTimeSaver\vendor\nikic\php-parser\test\code\parser\stmt\class\readonlyMethod.test","10/3/2025 3:17:45 AM","781"
"C:\Users\Shadow\Web-PDFTimeSaver\vendor\nikic\php-parser\test\code\parser\stmt\class\simple.test","10/3/2025 3:17:45 AM","5803"
"C:\Users\Shadow\Web-PDFTimeSaver\vendor\nikic\php-parser\test\code\parser\stmt\class\staticMethod.test","10/3/2025 3:17:45 AM","4659"
"C:\Users\Shadow\Web-PDFTimeSaver\vendor\nikic\php-parser\test\code\parser\stmt\class\staticType.test","10/3/2025 3:17:45 AM","814"
"C:\Users\Shadow\Web-PDFTimeSaver\vendor\nikic\php-parser\test\code\parser\stmt\class\typedConstants.test","10/3/2025 3:17:45 AM","3328"
"C:\Users\Shadow\Web-PDFTimeSaver\vendor\nikic\php-parser\test\code\parser\stmt\class\trait.test","10/3/2025 3:17:45 AM","4936"
"C:\Users\Shadow\Web-PDFTimeSaver\vendor\nikic\php-parser\test\code\parser\stmt\const.test","10/3/2025 3:17:45 AM","4777"
"C:\Users\Shadow\Web-PDFTimeSaver\vendor\nikic\php-parser\test\code\parser\stmt\controlFlow.test","10/3/2025 3:17:45 AM","893"
"C:\Users\Shadow\Web-PDFTimeSaver\vendor\nikic\php-parser\test\code\parser\stmt\declare.test","10/3/2025 3:17:45 AM","1696"
"C:\Users\Shadow\Web-PDFTimeSaver\vendor\nikic\php-parser\test\code\parser\stmt\echo.test","10/3/2025 3:17:45 AM","593"
"C:\Users\Shadow\Web-PDFTimeSaver\vendor\nikic\php-parser\test\code\parser\stmt\function\builtinTypeDeclarations.test","10/3/2025 3:17:45 AM","3492"
"C:\Users\Shadow\Web-PDFTimeSaver\vendor\nikic\php-parser\test\code\parser\stmt\function\byRef.test","10/3/2025 3:17:45 AM","1338"
"C:\Users\Shadow\Web-PDFTimeSaver\vendor\nikic\php-parser\test\code\parser\stmt\function\clone_function.test","10/3/2025 3:17:45 AM","14301"
"C:\Users\Shadow\Web-PDFTimeSaver\vendor\nikic\php-parser\test\code\parser\stmt\function\conditional.test","10/3/2025 3:17:45 AM","678"
"C:\Users\Shadow\Web-PDFTimeSaver\vendor\nikic\php-parser\test\code\parser\stmt\function\defaultValues.test","10/3/2025 3:17:45 AM","5914"
"C:\Users\Shadow\Web-PDFTimeSaver\vendor\nikic\php-parser\test\code\parser\stmt\function\exit_die_function.test","10/3/2025 3:17:45 AM","2223"
"C:\Users\Shadow\Web-PDFTimeSaver\vendor\nikic\php-parser\test\code\parser\stmt\function\disjointNormalFormTypes.test","10/3/2025 3:17:45 AM","5003"
"C:\Users\Shadow\Web-PDFTimeSaver\vendor\nikic\php-parser\test\code\parser\stmt\function\intersectionTypes.test","10/3/2025 3:17:45 AM","2253"
"C:\Users\Shadow\Web-PDFTimeSaver\vendor\nikic\php-parser\test\code\parser\stmt\function\neverType.test","10/3/2025 3:17:45 AM","362"
"C:\Users\Shadow\Web-PDFTimeSaver\vendor\nikic\php-parser\test\code\parser\stmt\function\nullFalseTrueTypes.test","10/3/2025 3:17:45 AM","2031"
"C:\Users\Shadow\Web-PDFTimeSaver\vendor\nikic\php-parser\test\code\parser\stmt\function\parameters_trailing_comma.test","10/3/2025 3:17:45 AM","3254"
"C:\Users\Shadow\Web-PDFTimeSaver\vendor\nikic\php-parser\test\code\parser\stmt\function\nullableTypes.test","10/3/2025 3:17:45 AM","1440"
"C:\Users\Shadow\Web-PDFTimeSaver\vendor\nikic\php-parser\test\code\parser\stmt\function\readonlyFunction.test","10/3/2025 3:17:45 AM","526"
"C:\Users\Shadow\Web-PDFTimeSaver\vendor\nikic\php-parser\test\code\parser\stmt\function\returnTypes.test","10/3/2025 3:17:45 AM","1297"
"C:\Users\Shadow\Web-PDFTimeSaver\vendor\nikic\php-parser\test\code\parser\stmt\function\specialVars.test","10/3/2025 3:17:45 AM","1494"
"C:\Users\Shadow\Web-PDFTimeSaver\vendor\nikic\php-parser\test\code\parser\stmt\function\typeDeclarations.test","10/3/2025 3:17:45 AM","2013"
"C:\Users\Shadow\Web-PDFTimeSaver\vendor\nikic\php-parser\test\code\parser\stmt\function\typeVersions.test","10/3/2025 3:17:45 AM","32376"
"C:\Users\Shadow\Web-PDFTimeSaver\vendor\nikic\php-parser\test\code\parser\stmt\function\unionTypes.test","10/3/2025 3:17:45 AM","2388"
"C:\Users\Shadow\Web-PDFTimeSaver\vendor\nikic\php-parser\test\code\parser\stmt\function\variadic.test","10/3/2025 3:17:45 AM","4282"
"C:\Users\Shadow\Web-PDFTimeSaver\vendor\nikic\php-parser\test\code\parser\stmt\function\variadicDefaultValue.test","10/3/2025 3:17:45 AM","864"
"C:\Users\Shadow\Web-PDFTimeSaver\vendor\nikic\php-parser\test\code\parser\stmt\generator\basic.test","10/3/2025 3:17:45 AM","9224"
"C:\Users\Shadow\Web-PDFTimeSaver\vendor\nikic\php-parser\test\code\parser\stmt\generator\yieldPrecedence.test","10/3/2025 3:17:45 AM","9643"
"C:\Users\Shadow\Web-PDFTimeSaver\vendor\nikic\php-parser\test\code\parser\stmt\generator\yieldUnaryPrecedence.test","10/3/2025 3:17:45 AM","1421"
"C:\Users\Shadow\Web-PDFTimeSaver\vendor\nikic\php-parser\test\code\parser\stmt\haltCompiler.test","10/3/2025 3:17:45 AM","865"
"C:\Users\Shadow\Web-PDFTimeSaver\vendor\nikic\php-parser\test\code\parser\stmt\haltCompilerInvalidSyntax.test","10/3/2025 3:17:45 AM","148"
"C:\Users\Shadow\Web-PDFTimeSaver\vendor\nikic\php-parser\test\code\parser\stmt\haltCompilerOffset.test","10/3/2025 3:17:45 AM","728"
"C:\Users\Shadow\Web-PDFTimeSaver\vendor\nikic\php-parser\test\code\parser\stmt\haltCompilerOutermostScope.test","10/3/2025 3:17:45 AM","194"
"C:\Users\Shadow\Web-PDFTimeSaver\vendor\nikic\php-parser\test\code\parser\stmt\if.test","10/3/2025 3:17:45 AM","1958"
"C:\Users\Shadow\Web-PDFTimeSaver\vendor\nikic\php-parser\test\code\parser\stmt\hashbang.test","10/3/2025 3:17:45 AM","384"
"C:\Users\Shadow\Web-PDFTimeSaver\vendor\nikic\php-parser\test\code\parser\stmt\inlineHTML.test","10/3/2025 3:17:45 AM","419"
"C:\Users\Shadow\Web-PDFTimeSaver\vendor\nikic\php-parser\test\code\parser\stmt\loop\for.test","10/3/2025 3:17:45 AM","2157"
"C:\Users\Shadow\Web-PDFTimeSaver\vendor\nikic\php-parser\test\code\parser\stmt\loop\do.test","10/3/2025 3:17:45 AM","186"
"C:\Users\Shadow\Web-PDFTimeSaver\vendor\nikic\php-parser\test\code\parser\stmt\loop\foreach.test","10/3/2025 3:17:45 AM","3674"
"C:\Users\Shadow\Web-PDFTimeSaver\vendor\nikic\php-parser\test\code\parser\stmt\loop\while.test","10/3/2025 3:17:45 AM","333"
"C:\Users\Shadow\Web-PDFTimeSaver\vendor\nikic\php-parser\test\code\parser\stmt\multiCatch.test","10/3/2025 3:17:45 AM","1571"
"C:\Users\Shadow\Web-PDFTimeSaver\vendor\nikic\php-parser\test\code\parser\stmt\namespace\alias.test","10/3/2025 3:17:45 AM","3445"
"C:\Users\Shadow\Web-PDFTimeSaver\vendor\nikic\php-parser\test\code\parser\stmt\namespace\braced.test","10/3/2025 3:17:45 AM","718"
"C:\Users\Shadow\Web-PDFTimeSaver\vendor\nikic\php-parser\test\code\parser\stmt\namespace\commentAfterNamespace.test","10/3/2025 3:17:45 AM","324"
"C:\Users\Shadow\Web-PDFTimeSaver\vendor\nikic\php-parser\test\code\parser\stmt\namespace\groupUse.test","10/3/2025 3:17:45 AM","3340"
"C:\Users\Shadow\Web-PDFTimeSaver\vendor\nikic\php-parser\test\code\parser\stmt\namespace\groupUseErrors.test","10/3/2025 3:17:45 AM","2237"
"C:\Users\Shadow\Web-PDFTimeSaver\vendor\nikic\php-parser\test\code\parser\stmt\namespace\groupUsePositions.test","10/3/2025 3:17:45 AM","520"
"C:\Users\Shadow\Web-PDFTimeSaver\vendor\nikic\php-parser\test\code\parser\stmt\namespace\groupUseTrailingComma.test","10/3/2025 3:17:45 AM","774"
"C:\Users\Shadow\Web-PDFTimeSaver\vendor\nikic\php-parser\test\code\parser\stmt\namespace\invalidName.test","10/3/2025 3:17:45 AM","1073"
"C:\Users\Shadow\Web-PDFTimeSaver\vendor\nikic\php-parser\test\code\parser\stmt\namespace\mix.test","10/3/2025 3:17:45 AM","1895"
"C:\Users\Shadow\Web-PDFTimeSaver\vendor\nikic\php-parser\test\code\parser\stmt\namespace\name.test","10/3/2025 3:17:45 AM","679"
"C:\Users\Shadow\Web-PDFTimeSaver\vendor\nikic\php-parser\test\code\parser\stmt\namespace\nested.test","10/3/2025 3:17:45 AM","462"
"C:\Users\Shadow\Web-PDFTimeSaver\vendor\nikic\php-parser\test\code\parser\stmt\namespace\notBraced.test","10/3/2025 3:17:45 AM","752"
"C:\Users\Shadow\Web-PDFTimeSaver\vendor\nikic\php-parser\test\code\parser\stmt\namespace\outsideStmt.test","10/3/2025 3:17:45 AM","901"
"C:\Users\Shadow\Web-PDFTimeSaver\vendor\nikic\php-parser\test\code\parser\stmt\namespace\nsAfterHashbang.test","10/3/2025 3:17:45 AM","299"
"C:\Users\Shadow\Web-PDFTimeSaver\vendor\nikic\php-parser\test\code\parser\stmt\namespace\outsideStmtInvalid.test","10/3/2025 3:17:45 AM","1829"
"C:\Users\Shadow\Web-PDFTimeSaver\vendor\nikic\php-parser\test\code\parser\stmt\newInInitializer.test","10/3/2025 3:17:45 AM","4374"
"C:\Users\Shadow\Web-PDFTimeSaver\vendor\nikic\php-parser\test\code\parser\stmt\switch.test","10/3/2025 3:17:45 AM","1552"
"C:\Users\Shadow\Web-PDFTimeSaver\vendor\nikic\php-parser\test\code\parser\stmt\tryCatch.test","10/3/2025 3:17:45 AM","3030"
"C:\Users\Shadow\Web-PDFTimeSaver\vendor\nikic\php-parser\test\code\parser\stmt\tryCatch_without_variable.test","10/3/2025 3:17:45 AM","486"
"C:\Users\Shadow\Web-PDFTimeSaver\vendor\nikic\php-parser\test\code\parser\stmt\tryWithoutCatch.test","10/3/2025 3:17:45 AM","530"
"C:\Users\Shadow\Web-PDFTimeSaver\vendor\nikic\php-parser\test\code\parser\stmt\unset.test","10/3/2025 3:17:45 AM","402"
"C:\Users\Shadow\Web-PDFTimeSaver\vendor\nikic\php-parser\test\code\parser\stmt\voidCast.test","10/3/2025 3:17:45 AM","2126"
"C:\Users\Shadow\Web-PDFTimeSaver\vendor\nikic\php-parser\test\code\prettyPrinter\comments.test","10/3/2025 3:17:45 AM","1289"
"C:\Users\Shadow\Web-PDFTimeSaver\vendor\nikic\php-parser\test\code\prettyPrinter\commentsInCommaList.test","10/3/2025 3:17:45 AM","514"
"C:\Users\Shadow\Web-PDFTimeSaver\vendor\nikic\php-parser\test\code\prettyPrinter\expr\anonymousClass.test","10/3/2025 3:17:45 AM","453"
"C:\Users\Shadow\Web-PDFTimeSaver\vendor\nikic\php-parser\test\code\prettyPrinter\expr\arrayDestructuring.test","10/3/2025 3:17:45 AM","251"
"C:\Users\Shadow\Web-PDFTimeSaver\vendor\nikic\php-parser\test\code\prettyPrinter\expr\arraySpread.test","10/3/2025 3:17:45 AM","93"
"C:\Users\Shadow\Web-PDFTimeSaver\vendor\nikic\php-parser\test\code\prettyPrinter\expr\call.test","10/3/2025 3:17:45 AM","124"
"C:\Users\Shadow\Web-PDFTimeSaver\vendor\nikic\php-parser\test\code\prettyPrinter\expr\arrow_function.test","10/3/2025 3:17:45 AM","379"
"C:\Users\Shadow\Web-PDFTimeSaver\vendor\nikic\php-parser\test\code\prettyPrinter\expr\cast.test","10/3/2025 3:17:45 AM","351"
"C:\Users\Shadow\Web-PDFTimeSaver\vendor\nikic\php-parser\test\code\prettyPrinter\expr\closure.test","10/3/2025 3:17:45 AM","425"
"C:\Users\Shadow\Web-PDFTimeSaver\vendor\nikic\php-parser\test\code\prettyPrinter\expr\docStrings.test","10/3/2025 3:17:45 AM","1118"
"C:\Users\Shadow\Web-PDFTimeSaver\vendor\nikic\php-parser\test\code\prettyPrinter\expr\constant_deref.test","10/3/2025 3:17:45 AM","155"
"C:\Users\Shadow\Web-PDFTimeSaver\vendor\nikic\php-parser\test\code\prettyPrinter\expr\dynamicClassConstFetch.test","10/3/2025 3:17:45 AM","113"
"C:\Users\Shadow\Web-PDFTimeSaver\vendor\nikic\php-parser\test\code\prettyPrinter\expr\firstClassCallables.test","10/3/2025 3:17:45 AM","128"
"C:\Users\Shadow\Web-PDFTimeSaver\vendor\nikic\php-parser\test\code\prettyPrinter\expr\include.test","10/3/2025 3:17:45 AM","100"
"C:\Users\Shadow\Web-PDFTimeSaver\vendor\nikic\php-parser\test\code\prettyPrinter\expr\intrinsics.test","10/3/2025 3:17:45 AM","356"
"C:\Users\Shadow\Web-PDFTimeSaver\vendor\nikic\php-parser\test\code\prettyPrinter\expr\list.test","10/3/2025 3:17:45 AM","347"
"C:\Users\Shadow\Web-PDFTimeSaver\vendor\nikic\php-parser\test\code\prettyPrinter\expr\literals.test","10/3/2025 3:17:45 AM","2024"
"C:\Users\Shadow\Web-PDFTimeSaver\vendor\nikic\php-parser\test\code\prettyPrinter\expr\match.test","10/3/2025 3:17:45 AM","224"
"C:\Users\Shadow\Web-PDFTimeSaver\vendor\nikic\php-parser\test\code\prettyPrinter\expr\namedArgs.test","10/3/2025 3:17:45 AM","108"
"C:\Users\Shadow\Web-PDFTimeSaver\vendor\nikic\php-parser\test\code\prettyPrinter\expr\newVariable.test","10/3/2025 3:17:46 AM","385"
"C:\Users\Shadow\Web-PDFTimeSaver\vendor\nikic\php-parser\test\code\prettyPrinter\expr\numbers.test","10/3/2025 3:17:46 AM","256"
"C:\Users\Shadow\Web-PDFTimeSaver\vendor\nikic\php-parser\test\code\prettyPrinter\expr\nullsafe.test","10/3/2025 3:17:46 AM","252"
"C:\Users\Shadow\Web-PDFTimeSaver\vendor\nikic\php-parser\test\code\prettyPrinter\expr\operators.test","10/3/2025 3:17:46 AM","1621"
"C:\Users\Shadow\Web-PDFTimeSaver\vendor\nikic\php-parser\test\code\prettyPrinter\expr\parentheses.test","10/3/2025 3:17:46 AM","2248"
"C:\Users\Shadow\Web-PDFTimeSaver\vendor\nikic\php-parser\test\code\prettyPrinter\expr\pipe.test","10/3/2025 3:17:46 AM","278"
"C:\Users\Shadow\Web-PDFTimeSaver\vendor\nikic\php-parser\test\code\prettyPrinter\expr\shortArraySyntax.test","10/3/2025 3:17:46 AM","139"
"C:\Users\Shadow\Web-PDFTimeSaver\vendor\nikic\php-parser\test\code\prettyPrinter\expr\stringEscaping.test","10/3/2025 3:17:46 AM","691"
"C:\Users\Shadow\Web-PDFTimeSaver\vendor\nikic\php-parser\test\code\prettyPrinter\expr\throw.test","10/3/2025 3:17:46 AM","129"
"C:\Users\Shadow\Web-PDFTimeSaver\vendor\nikic\php-parser\test\code\prettyPrinter\expr\uvs.test","10/3/2025 3:17:46 AM","397"
"C:\Users\Shadow\Web-PDFTimeSaver\vendor\nikic\php-parser\test\code\prettyPrinter\expr\variables.test","10/3/2025 3:17:46 AM","836"
"C:\Users\Shadow\Web-PDFTimeSaver\vendor\nikic\php-parser\test\code\prettyPrinter\expr\yield.test","10/3/2025 3:17:46 AM","2014"
"C:\Users\Shadow\Web-PDFTimeSaver\vendor\nikic\php-parser\test\code\prettyPrinter\indent.test","10/3/2025 3:17:46 AM","993"
"C:\Users\Shadow\Web-PDFTimeSaver\vendor\nikic\php-parser\test\code\prettyPrinter\inlineHTMLandPHPtest.file-test","10/3/2025 3:17:46 AM","592"
"C:\Users\Shadow\Web-PDFTimeSaver\vendor\nikic\php-parser\test\code\prettyPrinter\onlyInlineHTML.file-test","10/3/2025 3:17:46 AM","168"
"C:\Users\Shadow\Web-PDFTimeSaver\vendor\nikic\php-parser\test\code\prettyPrinter\nestedInlineHTML.test","10/3/2025 3:17:46 AM","158"
"C:\Users\Shadow\Web-PDFTimeSaver\vendor\nikic\php-parser\test\code\prettyPrinter\onlyPHP.file-test","10/3/2025 3:17:46 AM","156"
"C:\Users\Shadow\Web-PDFTimeSaver\vendor\nikic\php-parser\test\code\prettyPrinter\stmt\alias.test","10/3/2025 3:17:46 AM","332"
"C:\Users\Shadow\Web-PDFTimeSaver\vendor\nikic\php-parser\test\code\prettyPrinter\stmt\asymmetric_visibility.test","10/3/2025 3:17:46 AM","547"
"C:\Users\Shadow\Web-PDFTimeSaver\vendor\nikic\php-parser\test\code\prettyPrinter\stmt\attributes.test","10/3/2025 3:17:46 AM","757"
"C:\Users\Shadow\Web-PDFTimeSaver\vendor\nikic\php-parser\test\code\prettyPrinter\stmt\block.test","10/3/2025 3:17:46 AM","239"
"C:\Users\Shadow\Web-PDFTimeSaver\vendor\nikic\php-parser\test\code\prettyPrinter\stmt\break_continue.test","10/3/2025 3:17:46 AM","121"
"C:\Users\Shadow\Web-PDFTimeSaver\vendor\nikic\php-parser\test\code\prettyPrinter\stmt\class.test","10/3/2025 3:17:46 AM","813"
"C:\Users\Shadow\Web-PDFTimeSaver\vendor\nikic\php-parser\test\code\prettyPrinter\stmt\const.test","10/3/2025 3:17:46 AM","404"
"C:\Users\Shadow\Web-PDFTimeSaver\vendor\nikic\php-parser\test\code\prettyPrinter\stmt\class_const.test","10/3/2025 3:17:46 AM","332"
"C:\Users\Shadow\Web-PDFTimeSaver\vendor\nikic\php-parser\test\code\prettyPrinter\stmt\declare.test","10/3/2025 3:17:46 AM","204"
"C:\Users\Shadow\Web-PDFTimeSaver\vendor\nikic\php-parser\test\code\prettyPrinter\stmt\disjointNormalFormTypes.test","10/3/2025 3:17:46 AM","230"
"C:\Users\Shadow\Web-PDFTimeSaver\vendor\nikic\php-parser\test\code\prettyPrinter\stmt\do_while.test","10/3/2025 3:17:46 AM","78"
"C:\Users\Shadow\Web-PDFTimeSaver\vendor\nikic\php-parser\test\code\prettyPrinter\stmt\enum.test","10/3/2025 3:17:46 AM","474"
"C:\Users\Shadow\Web-PDFTimeSaver\vendor\nikic\php-parser\test\code\prettyPrinter\stmt\for.test","10/3/2025 3:17:46 AM","279"
"C:\Users\Shadow\Web-PDFTimeSaver\vendor\nikic\php-parser\test\code\prettyPrinter\stmt\function_signatures.test","10/3/2025 3:17:46 AM","939"
"C:\Users\Shadow\Web-PDFTimeSaver\vendor\nikic\php-parser\test\code\prettyPrinter\stmt\foreach.test","10/3/2025 3:17:46 AM","312"
"C:\Users\Shadow\Web-PDFTimeSaver\vendor\nikic\php-parser\test\code\prettyPrinter\stmt\global_static_variables.test","10/3/2025 3:17:46 AM","204"
"C:\Users\Shadow\Web-PDFTimeSaver\vendor\nikic\php-parser\test\code\prettyPrinter\stmt\goto.test","10/3/2025 3:17:46 AM","73"
"C:\Users\Shadow\Web-PDFTimeSaver\vendor\nikic\php-parser\test\code\prettyPrinter\stmt\groupUse.test","10/3/2025 3:17:46 AM","316"
"C:\Users\Shadow\Web-PDFTimeSaver\vendor\nikic\php-parser\test\code\prettyPrinter\stmt\haltCompiler.file-test","10/3/2025 3:17:46 AM","245"
"C:\Users\Shadow\Web-PDFTimeSaver\vendor\nikic\php-parser\test\code\prettyPrinter\stmt\if.test","10/3/2025 3:17:46 AM","185"
"C:\Users\Shadow\Web-PDFTimeSaver\vendor\nikic\php-parser\test\code\prettyPrinter\stmt\multiCatch.test","10/3/2025 3:17:46 AM","196"
"C:\Users\Shadow\Web-PDFTimeSaver\vendor\nikic\php-parser\test\code\prettyPrinter\stmt\intersection_types.test","10/3/2025 3:17:46 AM","182"
"C:\Users\Shadow\Web-PDFTimeSaver\vendor\nikic\php-parser\test\code\prettyPrinter\stmt\namespaces.test","10/3/2025 3:17:46 AM","425"
"C:\Users\Shadow\Web-PDFTimeSaver\vendor\nikic\php-parser\test\code\prettyPrinter\stmt\param_comments.test","10/3/2025 3:17:46 AM","1054"
"C:\Users\Shadow\Web-PDFTimeSaver\vendor\nikic\php-parser\test\code\prettyPrinter\stmt\nullable_types.test","10/3/2025 3:17:46 AM","164"
"C:\Users\Shadow\Web-PDFTimeSaver\vendor\nikic\php-parser\test\code\prettyPrinter\stmt\properties.test","10/3/2025 3:17:46 AM","357"
"C:\Users\Shadow\Web-PDFTimeSaver\vendor\nikic\php-parser\test\code\prettyPrinter\stmt\property_hooks.test","10/3/2025 3:17:46 AM","1114"
"C:\Users\Shadow\Web-PDFTimeSaver\vendor\nikic\php-parser\test\code\prettyPrinter\stmt\property_promotion.test","10/3/2025 3:17:46 AM","936"
"C:\Users\Shadow\Web-PDFTimeSaver\vendor\nikic\php-parser\test\code\prettyPrinter\stmt\readonly_class.test","10/3/2025 3:17:46 AM","89"
"C:\Users\Shadow\Web-PDFTimeSaver\vendor\nikic\php-parser\test\code\prettyPrinter\stmt\staticType.test","10/3/2025 3:17:46 AM","181"
"C:\Users\Shadow\Web-PDFTimeSaver\vendor\nikic\php-parser\test\code\prettyPrinter\stmt\switch.test","10/3/2025 3:17:46 AM","722"
"C:\Users\Shadow\Web-PDFTimeSaver\vendor\nikic\php-parser\test\code\prettyPrinter\stmt\throw.test","10/3/2025 3:17:46 AM","50"
"C:\Users\Shadow\Web-PDFTimeSaver\vendor\nikic\php-parser\test\code\prettyPrinter\stmt\traitUse.test","10/3/2025 3:17:46 AM","361"
"C:\Users\Shadow\Web-PDFTimeSaver\vendor\nikic\php-parser\test\code\prettyPrinter\stmt\tryCatch.test","10/3/2025 3:17:46 AM","211"
"C:\Users\Shadow\Web-PDFTimeSaver\vendor\nikic\php-parser\test\code\prettyPrinter\stmt\tryCatch_without_variable.test","10/3/2025 3:17:46 AM","148"
"C:\Users\Shadow\Web-PDFTimeSaver\vendor\nikic\php-parser\test\code\prettyPrinter\stmt\union_types.test","10/3/2025 3:17:46 AM","218"
"C:\Users\Shadow\Web-PDFTimeSaver\vendor\nikic\php-parser\test\code\prettyPrinter\stmt\voidCast.test","10/3/2025 3:17:46 AM","60"
"C:\Users\Shadow\Web-PDFTimeSaver\vendor\nikic\php-parser\test\code\prettyPrinter\stmt\while.test","10/3/2025 3:17:46 AM","68"
"C:\Users\Shadow\Web-PDFTimeSaver\vendor\nikic\php-parser\test\fixtures\Suit.php","10/3/2025 3:17:46 AM","123"
"C:\Users\Shadow\Web-PDFTimeSaver\vendor\nikic\php-parser\test\updateTests.php","10/3/2025 3:17:46 AM","1047"
"C:\Users\Shadow\Web-PDFTimeSaver\vendor\nikic\php-parser\test_old\run-php-src.sh","10/3/2025 3:17:46 AM","336"
"C:\Users\Shadow\Web-PDFTimeSaver\vendor\nikic\php-parser\test_old\run.php","10/3/2025 3:17:46 AM","8691"
"C:\Users\Shadow\Web-PDFTimeSaver\vendor\nikic\php-parser\tools\composer.json","10/3/2025 3:17:46 AM","113"
"C:\Users\Shadow\Web-PDFTimeSaver\vendor\nikic\php-parser\tools\fuzzing\generateCorpus.php","10/3/2025 3:17:46 AM","963"
"C:\Users\Shadow\Web-PDFTimeSaver\vendor\nikic\php-parser\tools\fuzzing\php.dict","10/3/2025 3:17:46 AM","914"
"C:\Users\Shadow\Web-PDFTimeSaver\vendor\nikic\php-parser\tools\fuzzing\target.php","10/3/2025 3:17:46 AM","5174"
"C:\Users\Shadow\Web-PDFTimeSaver\vendor\bin\php-parse","10/3/2025 3:17:46 AM","3348"
"C:\Users\Shadow\Web-PDFTimeSaver\vendor\bin\php-parse.bat","10/3/2025 3:17:46 AM","136"
"C:\Users\Shadow\Web-PDFTimeSaver\vendor\sebastian\lines-of-code\.gitattributes","10/3/2025 3:17:48 AM","383"
"C:\Users\Shadow\Web-PDFTimeSaver\vendor\sebastian\lines-of-code\.github\FUNDING.yml","10/3/2025 3:17:48 AM","27"
"C:\Users\Shadow\Web-PDFTimeSaver\vendor\sebastian\lines-of-code\.github\workflows\ci.yml","10/3/2025 3:17:48 AM","2699"
"C:\Users\Shadow\Web-PDFTimeSaver\vendor\sebastian\lines-of-code\.gitignore","10/3/2025 3:17:48 AM","83"
"C:\Users\Shadow\Web-PDFTimeSaver\vendor\sebastian\lines-of-code\.phive\phars.xml","10/3/2025 3:17:48 AM","649"
"C:\Users\Shadow\Web-PDFTimeSaver\vendor\sebastian\lines-of-code\.php_cs.dist","10/3/2025 3:17:48 AM","8876"
"C:\Users\Shadow\Web-PDFTimeSaver\vendor\sebastian\lines-of-code\.psalm\baseline.xml","10/3/2025 3:17:48 AM","113"
"C:\Users\Shadow\Web-PDFTimeSaver\vendor\sebastian\lines-of-code\.psalm\config.xml","10/3/2025 3:17:48 AM","506"
"C:\Users\Shadow\Web-PDFTimeSaver\vendor\sebastian\lines-of-code\ChangeLog.md","10/3/2025 3:17:48 AM","1226"
"C:\Users\Shadow\Web-PDFTimeSaver\vendor\sebastian\lines-of-code\LICENSE","10/3/2025 3:17:48 AM","1586"
"C:\Users\Shadow\Web-PDFTimeSaver\vendor\sebastian\lines-of-code\README.md","10/3/2025 3:17:48 AM","1099"
"C:\Users\Shadow\Web-PDFTimeSaver\vendor\sebastian\lines-of-code\build.xml","10/3/2025 3:17:48 AM","944"
"C:\Users\Shadow\Web-PDFTimeSaver\vendor\sebastian\lines-of-code\composer.json","10/3/2025 3:17:48 AM","1049"
"C:\Users\Shadow\Web-PDFTimeSaver\vendor\sebastian\lines-of-code\infection.json","10/3/2025 3:17:48 AM","186"
"C:\Users\Shadow\Web-PDFTimeSaver\vendor\sebastian\lines-of-code\phpunit.xml","10/3/2025 3:17:48 AM","866"
"C:\Users\Shadow\Web-PDFTimeSaver\vendor\sebastian\lines-of-code\src\Counter.php","10/3/2025 3:17:48 AM","2274"
"C:\Users\Shadow\Web-PDFTimeSaver\vendor\sebastian\lines-of-code\src\Exception\Exception.php","10/3/2025 3:17:48 AM","385"
"C:\Users\Shadow\Web-PDFTimeSaver\vendor\sebastian\lines-of-code\src\Exception\IllogicalValuesException.php","10/3/2025 3:17:48 AM","433"
"C:\Users\Shadow\Web-PDFTimeSaver\vendor\sebastian\lines-of-code\src\Exception\RuntimeException.php","10/3/2025 3:17:48 AM","405"
"C:\Users\Shadow\Web-PDFTimeSaver\vendor\sebastian\lines-of-code\src\Exception\NegativeValueException.php","10/3/2025 3:17:48 AM","451"
"C:\Users\Shadow\Web-PDFTimeSaver\vendor\sebastian\lines-of-code\src\LineCountingVisitor.php","10/3/2025 3:17:48 AM","2040"
"C:\Users\Shadow\Web-PDFTimeSaver\vendor\sebastian\lines-of-code\src\LinesOfCode.php","10/3/2025 3:17:48 AM","2717"
"C:\Users\Shadow\Web-PDFTimeSaver\vendor\sebastian\lines-of-code\tests\_fixture\ExampleClass.php","10/3/2025 3:17:48 AM","945"
"C:\Users\Shadow\Web-PDFTimeSaver\vendor\sebastian\lines-of-code\tests\_fixture\source_with_ignore.php","10/3/2025 3:17:48 AM","469"
"C:\Users\Shadow\Web-PDFTimeSaver\vendor\sebastian\lines-of-code\tests\_fixture\source_without_newline.php","10/3/2025 3:17:48 AM","39"
"C:\Users\Shadow\Web-PDFTimeSaver\vendor\sebastian\lines-of-code\tests\integration\CounterTest.php","10/3/2025 3:17:48 AM","2544"
"C:\Users\Shadow\Web-PDFTimeSaver\vendor\sebastian\lines-of-code\tests\unit\LineCountingVisitorTest.php","10/3/2025 3:17:48 AM","2262"
"C:\Users\Shadow\Web-PDFTimeSaver\vendor\sebastian\lines-of-code\tests\unit\LinesOfCodeTest.php","10/3/2025 3:17:48 AM","3333"
"C:\Users\Shadow\Web-PDFTimeSaver\vendor\sebastian\lines-of-code\tools\composer","10/3/2025 3:17:48 AM","2862107"
"C:\Users\Shadow\Web-PDFTimeSaver\vendor\sebastian\lines-of-code\tools\infection","10/3/2025 3:17:48 AM","945968"
"C:\Users\Shadow\Web-PDFTimeSaver\vendor\sebastian\lines-of-code\tools\php-cs-fixer","10/3/2025 3:17:48 AM","1886801"
"C:\Users\Shadow\Web-PDFTimeSaver\vendor\sebastian\lines-of-code\tools\psalm","10/3/2025 3:17:48 AM","9068346"
"C:\Users\Shadow\Web-PDFTimeSaver\vendor\sebastian\lines-of-code\tools\roave-backward-compatibility-check","10/3/2025 3:17:48 AM","1636911"
"C:\Users\Shadow\Web-PDFTimeSaver\vendor\sebastian\complexity\.gitattributes","10/3/2025 3:17:51 AM","383"
"C:\Users\Shadow\Web-PDFTimeSaver\vendor\sebastian\complexity\.github\FUNDING.yml","10/3/2025 3:17:51 AM","27"
"C:\Users\Shadow\Web-PDFTimeSaver\vendor\sebastian\complexity\.github\workflows\ci.yml","10/3/2025 3:17:51 AM","3740"
"C:\Users\Shadow\Web-PDFTimeSaver\vendor\sebastian\complexity\.gitignore","10/3/2025 3:17:51 AM","83"
"C:\Users\Shadow\Web-PDFTimeSaver\vendor\sebastian\complexity\.phive\phars.xml","10/3/2025 3:17:51 AM","547"
"C:\Users\Shadow\Web-PDFTimeSaver\vendor\sebastian\complexity\.php_cs.dist","10/3/2025 3:17:51 AM","8873"
"C:\Users\Shadow\Web-PDFTimeSaver\vendor\sebastian\complexity\.psalm\baseline.xml","10/3/2025 3:17:51 AM","113"
"C:\Users\Shadow\Web-PDFTimeSaver\vendor\sebastian\complexity\.psalm\config.xml","10/3/2025 3:17:51 AM","506"
"C:\Users\Shadow\Web-PDFTimeSaver\vendor\sebastian\complexity\ChangeLog.md","10/3/2025 3:17:51 AM","1114"
"C:\Users\Shadow\Web-PDFTimeSaver\vendor\sebastian\complexity\LICENSE","10/3/2025 3:17:51 AM","1583"
"C:\Users\Shadow\Web-PDFTimeSaver\vendor\sebastian\complexity\README.md","10/3/2025 3:17:51 AM","1074"
"C:\Users\Shadow\Web-PDFTimeSaver\vendor\sebastian\complexity\build.xml","10/3/2025 3:17:51 AM","1075"
"C:\Users\Shadow\Web-PDFTimeSaver\vendor\sebastian\complexity\composer.json","10/3/2025 3:17:51 AM","1039"
"C:\Users\Shadow\Web-PDFTimeSaver\vendor\sebastian\complexity\phpunit.xml","10/3/2025 3:17:51 AM","866"
"C:\Users\Shadow\Web-PDFTimeSaver\vendor\sebastian\complexity\infection.json","10/3/2025 3:17:51 AM","623"
"C:\Users\Shadow\Web-PDFTimeSaver\vendor\sebastian\complexity\src\Calculator.php","10/3/2025 3:17:51 AM","2399"
"C:\Users\Shadow\Web-PDFTimeSaver\vendor\sebastian\complexity\src\Complexity\Complexity.php","10/3/2025 3:17:51 AM","899"
"C:\Users\Shadow\Web-PDFTimeSaver\vendor\sebastian\complexity\src\Complexity\ComplexityCollection.php","10/3/2025 3:17:51 AM","1562"
"C:\Users\Shadow\Web-PDFTimeSaver\vendor\sebastian\complexity\src\Complexity\ComplexityCollectionIterator.php","10/3/2025 3:17:51 AM","1116"
"C:\Users\Shadow\Web-PDFTimeSaver\vendor\sebastian\complexity\src\Exception\Exception.php","10/3/2025 3:17:51 AM","381"
"C:\Users\Shadow\Web-PDFTimeSaver\vendor\sebastian\complexity\src\Exception\RuntimeException.php","10/3/2025 3:17:51 AM","401"
"C:\Users\Shadow\Web-PDFTimeSaver\vendor\sebastian\complexity\src\Visitor\ComplexityCalculatingVisitor.php","10/3/2025 3:17:51 AM","3038"
"C:\Users\Shadow\Web-PDFTimeSaver\vendor\sebastian\complexity\src\Visitor\CyclomaticComplexityCalculatingVisitor.php","10/3/2025 3:17:51 AM","1741"
"C:\Users\Shadow\Web-PDFTimeSaver\vendor\sebastian\complexity\tests\_fixture\ExampleClass.php","10/3/2025 3:17:51 AM","1096"
"C:\Users\Shadow\Web-PDFTimeSaver\vendor\sebastian\complexity\tests\_fixture\ExampleTrait.php","10/3/2025 3:17:51 AM","1090"
"C:\Users\Shadow\Web-PDFTimeSaver\vendor\sebastian\complexity\tests\_fixture\example_function.php","10/3/2025 3:17:51 AM","960"
"C:\Users\Shadow\Web-PDFTimeSaver\vendor\sebastian\complexity\tests\integration\CalculatorTest.php","10/3/2025 3:17:51 AM","3041"
"C:\Users\Shadow\Web-PDFTimeSaver\vendor\sebastian\complexity\tests\unit\ComplexityCalculatingVisitorTest.php","10/3/2025 3:17:51 AM","2817"
"C:\Users\Shadow\Web-PDFTimeSaver\vendor\sebastian\complexity\tests\unit\ComplexityCollectionTest.php","10/3/2025 3:17:51 AM","2177"
"C:\Users\Shadow\Web-PDFTimeSaver\vendor\sebastian\complexity\tests\unit\ComplexityTest.php","10/3/2025 3:17:51 AM","865"
"C:\Users\Shadow\Web-PDFTimeSaver\vendor\sebastian\complexity\tests\unit\CyclomaticComplexityCalculatingVisitorTest.php","10/3/2025 3:17:51 AM","1213"
"C:\Users\Shadow\Web-PDFTimeSaver\vendor\sebastian\complexity\tools\composer","10/3/2025 3:17:51 AM","2862107"
"C:\Users\Shadow\Web-PDFTimeSaver\vendor\sebastian\complexity\tools\infection","10/3/2025 3:17:51 AM","926054"
"C:\Users\Shadow\Web-PDFTimeSaver\vendor\sebastian\complexity\tools\php-cs-fixer","10/3/2025 3:17:51 AM","1852521"
"C:\Users\Shadow\Web-PDFTimeSaver\vendor\sebastian\complexity\tools\psalm","10/3/2025 3:17:51 AM","8944572"
"C:\Users\Shadow\Web-PDFTimeSaver\vendor\sebastian\complexity\tools\roave-backward-compatibility-check","10/3/2025 3:17:51 AM","1636911"
"C:\Users\Shadow\Web-PDFTimeSaver\vendor\sebastian\code-unit-reverse-lookup\.gitattributes","10/3/2025 3:17:53 AM","352"
"C:\Users\Shadow\Web-PDFTimeSaver\vendor\sebastian\code-unit-reverse-lookup\.github\FUNDING.yml","10/3/2025 3:17:53 AM","27"
"C:\Users\Shadow\Web-PDFTimeSaver\vendor\sebastian\code-unit-reverse-lookup\.github\workflows\ci.yml","10/3/2025 3:17:53 AM","2798"
"C:\Users\Shadow\Web-PDFTimeSaver\vendor\sebastian\code-unit-reverse-lookup\.gitignore","10/3/2025 3:17:53 AM","83"
"C:\Users\Shadow\Web-PDFTimeSaver\vendor\sebastian\code-unit-reverse-lookup\.phive\phars.xml","10/3/2025 3:17:53 AM","446"
"C:\Users\Shadow\Web-PDFTimeSaver\vendor\sebastian\code-unit-reverse-lookup\.php_cs.dist","10/3/2025 3:17:53 AM","8159"
"C:\Users\Shadow\Web-PDFTimeSaver\vendor\sebastian\code-unit-reverse-lookup\ChangeLog.md","10/3/2025 3:17:53 AM","1052"
"C:\Users\Shadow\Web-PDFTimeSaver\vendor\sebastian\code-unit-reverse-lookup\LICENSE","10/3/2025 3:17:53 AM","1592"
"C:\Users\Shadow\Web-PDFTimeSaver\vendor\sebastian\code-unit-reverse-lookup\README.md","10/3/2025 3:17:53 AM","889"
"C:\Users\Shadow\Web-PDFTimeSaver\vendor\sebastian\code-unit-reverse-lookup\build.xml","10/3/2025 3:17:53 AM","1113"
"C:\Users\Shadow\Web-PDFTimeSaver\vendor\sebastian\code-unit-reverse-lookup\composer.json","10/3/2025 3:17:53 AM","870"
"C:\Users\Shadow\Web-PDFTimeSaver\vendor\sebastian\code-unit-reverse-lookup\phpunit.xml","10/3/2025 3:17:53 AM","866"
"C:\Users\Shadow\Web-PDFTimeSaver\vendor\sebastian\code-unit-reverse-lookup\psalm.xml","10/3/2025 3:17:53 AM","1956"
"C:\Users\Shadow\Web-PDFTimeSaver\vendor\sebastian\code-unit-reverse-lookup\src\Wizard.php","10/3/2025 3:17:53 AM","3425"
"C:\Users\Shadow\Web-PDFTimeSaver\vendor\sebastian\code-unit-reverse-lookup\tests\WizardTest.php","10/3/2025 3:17:53 AM","1580"
"C:\Users\Shadow\Web-PDFTimeSaver\vendor\sebastian\code-unit-reverse-lookup\tests\_fixture\Bar.php","10/3/2025 3:17:53 AM","372"
"C:\Users\Shadow\Web-PDFTimeSaver\vendor\sebastian\code-unit-reverse-lookup\tests\_fixture\Foo.php","10/3/2025 3:17:53 AM","372"
"C:\Users\Shadow\Web-PDFTimeSaver\vendor\sebastian\code-unit-reverse-lookup\tools\composer","10/3/2025 3:17:53 AM","1994202"
"C:\Users\Shadow\Web-PDFTimeSaver\vendor\sebastian\code-unit-reverse-lookup\tools\php-cs-fixer","10/3/2025 3:17:53 AM","1852521"
"C:\Users\Shadow\Web-PDFTimeSaver\vendor\sebastian\code-unit-reverse-lookup\tools\psalm","10/3/2025 3:17:53 AM","8766600"
"C:\Users\Shadow\Web-PDFTimeSaver\vendor\sebastian\code-unit-reverse-lookup\tools\roave-backward-compatibility-check","10/3/2025 3:17:53 AM","1636911"
"C:\Users\Shadow\Web-PDFTimeSaver\vendor\phpunit\php-code-coverage\.gitattributes","10/3/2025 3:17:56 AM","362"
"C:\Users\Shadow\Web-PDFTimeSaver\vendor\phpunit\php-code-coverage\.github\CONTRIBUTING.md","10/3/2025 3:17:56 AM","224"
"C:\Users\Shadow\Web-PDFTimeSaver\vendor\phpunit\php-code-coverage\.github\FUNDING.yml","10/3/2025 3:17:56 AM","27"
"C:\Users\Shadow\Web-PDFTimeSaver\vendor\phpunit\php-code-coverage\.github\ISSUE_TEMPLATE.md","10/3/2025 3:17:56 AM","921"
"C:\Users\Shadow\Web-PDFTimeSaver\vendor\phpunit\php-code-coverage\.github\workflows\ci.yml","10/3/2025 3:17:56 AM","3326"
"C:\Users\Shadow\Web-PDFTimeSaver\vendor\phpunit\php-code-coverage\.github\workflows\release.yaml","10/3/2025 3:17:56 AM","999"
"C:\Users\Shadow\Web-PDFTimeSaver\vendor\phpunit\php-code-coverage\.gitignore","10/3/2025 3:17:56 AM","107"
"C:\Users\Shadow\Web-PDFTimeSaver\vendor\phpunit\php-code-coverage\.phive\phars.xml","10/3/2025 3:17:56 AM","395"
"C:\Users\Shadow\Web-PDFTimeSaver\vendor\phpunit\php-code-coverage\.php-cs-fixer.dist.php","10/3/2025 3:17:56 AM","12032"
"C:\Users\Shadow\Web-PDFTimeSaver\vendor\phpunit\php-code-coverage\.psalm\baseline.xml","10/3/2025 3:17:56 AM","14565"
"C:\Users\Shadow\Web-PDFTimeSaver\vendor\phpunit\php-code-coverage\.psalm\config.xml","10/3/2025 3:17:56 AM","580"
"C:\Users\Shadow\Web-PDFTimeSaver\vendor\phpunit\php-code-coverage\ChangeLog-9.2.md","10/3/2025 3:17:56 AM","27154"
"C:\Users\Shadow\Web-PDFTimeSaver\vendor\phpunit\php-code-coverage\LICENSE","10/3/2025 3:17:56 AM","1560"
"C:\Users\Shadow\Web-PDFTimeSaver\vendor\phpunit\php-code-coverage\README.md","10/3/2025 3:17:56 AM","1609"
"C:\Users\Shadow\Web-PDFTimeSaver\vendor\phpunit\php-code-coverage\build.xml","10/3/2025 3:17:56 AM","920"
"C:\Users\Shadow\Web-PDFTimeSaver\vendor\phpunit\php-code-coverage\build\scripts\extract-release-notes.php","10/3/2025 3:17:56 AM","935"
"C:\Users\Shadow\Web-PDFTimeSaver\vendor\phpunit\php-code-coverage\composer.json","10/3/2025 3:17:56 AM","2084"
"C:\Users\Shadow\Web-PDFTimeSaver\vendor\phpunit\php-code-coverage\phpunit.xml","10/3/2025 3:17:56 AM","921"
"C:\Users\Shadow\Web-PDFTimeSaver\vendor\phpunit\php-code-coverage\src\CodeCoverage.php","10/3/2025 3:17:56 AM","19385"
"C:\Users\Shadow\Web-PDFTimeSaver\vendor\phpunit\php-code-coverage\src\Driver\Driver.php","10/3/2025 3:17:56 AM","4539"
"C:\Users\Shadow\Web-PDFTimeSaver\vendor\phpunit\php-code-coverage\src\Driver\PcovDriver.php","10/3/2025 3:17:56 AM","1937"
"C:\Users\Shadow\Web-PDFTimeSaver\vendor\phpunit\php-code-coverage\src\Driver\PhpdbgDriver.php","10/3/2025 3:17:56 AM","2758"
"C:\Users\Shadow\Web-PDFTimeSaver\vendor\phpunit\php-code-coverage\src\Driver\Selector.php","10/3/2025 3:17:56 AM","2483"
"C:\Users\Shadow\Web-PDFTimeSaver\vendor\phpunit\php-code-coverage\src\Driver\Xdebug2Driver.php","10/3/2025 3:17:56 AM","3653"
"C:\Users\Shadow\Web-PDFTimeSaver\vendor\phpunit\php-code-coverage\src\Driver\Xdebug3Driver.php","10/3/2025 3:17:56 AM","3339"
"C:\Users\Shadow\Web-PDFTimeSaver\vendor\phpunit\php-code-coverage\src\Exception\BranchAndPathCoverageNotSupportedException.php","10/3/2025 3:17:56 AM","458"
"C:\Users\Shadow\Web-PDFTimeSaver\vendor\phpunit\php-code-coverage\src\Exception\DeadCodeDetectionNotSupportedException.php","10/3/2025 3:17:56 AM","454"
"C:\Users\Shadow\Web-PDFTimeSaver\vendor\phpunit\php-code-coverage\src\Exception\Exception.php","10/3/2025 3:17:56 AM","388"
"C:\Users\Shadow\Web-PDFTimeSaver\vendor\phpunit\php-code-coverage\src\Exception\DirectoryCouldNotBeCreatedException.php","10/3/2025 3:17:56 AM","503"
"C:\Users\Shadow\Web-PDFTimeSaver\vendor\phpunit\php-code-coverage\src\Exception\InvalidArgumentException.php","10/3/2025 3:17:56 AM","424"
"C:\Users\Shadow\Web-PDFTimeSaver\vendor\phpunit\php-code-coverage\src\Exception\NoCodeCoverageDriverAvailableException.php","10/3/2025 3:17:56 AM","570"
"C:\Users\Shadow\Web-PDFTimeSaver\vendor\phpunit\php-code-coverage\src\Exception\NoCodeCoverageDriverWithPathCoverageSupportAvailableException.php","10/3/2025 3:17:56 AM","620"
"C:\Users\Shadow\Web-PDFTimeSaver\vendor\phpunit\php-code-coverage\src\Exception\ParserException.php","10/3/2025 3:17:56 AM","431"
"C:\Users\Shadow\Web-PDFTimeSaver\vendor\phpunit\php-code-coverage\src\Exception\PcovNotAvailableException.php","10/3/2025 3:17:56 AM","613"
"C:\Users\Shadow\Web-PDFTimeSaver\vendor\phpunit\php-code-coverage\src\Exception\PathExistsButIsNotDirectoryException.php","10/3/2025 3:17:56 AM","674"
"C:\Users\Shadow\Web-PDFTimeSaver\vendor\phpunit\php-code-coverage\src\Exception\PhpdbgNotAvailableException.php","10/3/2025 3:17:56 AM","612"
"C:\Users\Shadow\Web-PDFTimeSaver\vendor\phpunit\php-code-coverage\src\Exception\ReflectionException.php","10/3/2025 3:17:56 AM","435"
"C:\Users\Shadow\Web-PDFTimeSaver\vendor\phpunit\php-code-coverage\src\Exception\ReportAlreadyFinalizedException.php","10/3/2025 3:17:56 AM","581"
"C:\Users\Shadow\Web-PDFTimeSaver\vendor\phpunit\php-code-coverage\src\Exception\StaticAnalysisCacheNotConfiguredException.php","10/3/2025 3:17:56 AM","457"
"C:\Users\Shadow\Web-PDFTimeSaver\vendor\phpunit\php-code-coverage\src\Exception\TestIdMissingException.php","10/3/2025 3:17:56 AM","539"
"C:\Users\Shadow\Web-PDFTimeSaver\vendor\phpunit\php-code-coverage\src\Exception\UnintentionallyCoveredCodeException.php","10/3/2025 3:17:56 AM","1105"
"C:\Users\Shadow\Web-PDFTimeSaver\vendor\phpunit\php-code-coverage\src\Exception\WriteOperationFailedException.php","10/3/2025 3:17:56 AM","653"
"C:\Users\Shadow\Web-PDFTimeSaver\vendor\phpunit\php-code-coverage\src\Exception\WrongXdebugVersionException.php","10/3/2025 3:17:56 AM","497"
"C:\Users\Shadow\Web-PDFTimeSaver\vendor\phpunit\php-code-coverage\src\Exception\Xdebug2NotEnabledException.php","10/3/2025 3:17:56 AM","646"
"C:\Users\Shadow\Web-PDFTimeSaver\vendor\phpunit\php-code-coverage\src\Exception\Xdebug3NotEnabledException.php","10/3/2025 3:17:56 AM","688"
"C:\Users\Shadow\Web-PDFTimeSaver\vendor\phpunit\php-code-coverage\src\Exception\XdebugNotAvailableException.php","10/3/2025 3:17:56 AM","617"
"C:\Users\Shadow\Web-PDFTimeSaver\vendor\phpunit\php-code-coverage\src\Exception\XmlException.php","10/3/2025 3:17:56 AM","428"
"C:\Users\Shadow\Web-PDFTimeSaver\vendor\phpunit\php-code-coverage\src\Filter.php","10/3/2025 3:17:56 AM","3242"
"C:\Users\Shadow\Web-PDFTimeSaver\vendor\phpunit\php-code-coverage\src\Node\AbstractNode.php","10/3/2025 3:17:56 AM","6766"
"C:\Users\Shadow\Web-PDFTimeSaver\vendor\phpunit\php-code-coverage\src\Node\Builder.php","10/3/2025 3:17:56 AM","7193"
"C:\Users\Shadow\Web-PDFTimeSaver\vendor\phpunit\php-code-coverage\src\Node\CrapIndex.php","10/3/2025 3:17:56 AM","1349"
"C:\Users\Shadow\Web-PDFTimeSaver\vendor\phpunit\php-code-coverage\src\Node\Directory.php","10/3/2025 3:17:56 AM","10524"
"C:\Users\Shadow\Web-PDFTimeSaver\vendor\phpunit\php-code-coverage\src\Node\File.php","10/3/2025 3:17:56 AM","22509"
"C:\Users\Shadow\Web-PDFTimeSaver\vendor\phpunit\php-code-coverage\src\Node\Iterator.php","10/3/2025 3:17:56 AM","2004"
"C:\Users\Shadow\Web-PDFTimeSaver\vendor\phpunit\php-code-coverage\src\ProcessedCodeCoverageData.php","10/3/2025 3:17:56 AM","9642"
"C:\Users\Shadow\Web-PDFTimeSaver\vendor\phpunit\php-code-coverage\src\RawCodeCoverageData.php","10/3/2025 3:17:56 AM","8839"
"C:\Users\Shadow\Web-PDFTimeSaver\vendor\phpunit\php-code-coverage\src\Report\Clover.php","10/3/2025 3:17:56 AM","11205"
"C:\Users\Shadow\Web-PDFTimeSaver\vendor\phpunit\php-code-coverage\src\Report\Cobertura.php","10/3/2025 3:17:56 AM","13192"
"C:\Users\Shadow\Web-PDFTimeSaver\vendor\phpunit\php-code-coverage\src\Report\Crap4j.php","10/3/2025 3:17:56 AM","5876"
"C:\Users\Shadow\Web-PDFTimeSaver\vendor\phpunit\php-code-coverage\src\Report\Html\Facade.php","10/3/2025 3:17:56 AM","4798"
"C:\Users\Shadow\Web-PDFTimeSaver\vendor\phpunit\php-code-coverage\src\Report\Html\Renderer.php","10/3/2025 3:17:56 AM","10710"
"C:\Users\Shadow\Web-PDFTimeSaver\vendor\phpunit\php-code-coverage\src\Report\Html\Renderer\Dashboard.php","10/3/2025 3:17:56 AM","10131"
"C:\Users\Shadow\Web-PDFTimeSaver\vendor\phpunit\php-code-coverage\src\Report\Html\Renderer\Directory.php","10/3/2025 3:17:56 AM","5074"
"C:\Users\Shadow\Web-PDFTimeSaver\vendor\phpunit\php-code-coverage\src\Report\Html\Renderer\File.php","10/3/2025 3:17:56 AM","43473"
"C:\Users\Shadow\Web-PDFTimeSaver\vendor\phpunit\php-code-coverage\src\Report\Html\Renderer\Template\branches.html.dist","10/3/2025 3:17:56 AM","509"
"C:\Users\Shadow\Web-PDFTimeSaver\vendor\phpunit\php-code-coverage\src\Report\Html\Renderer\Template\coverage_bar.html.dist","10/3/2025 3:17:56 AM","300"
"C:\Users\Shadow\Web-PDFTimeSaver\vendor\phpunit\php-code-coverage\src\Report\Html\Renderer\Template\coverage_bar_branch.html.dist","10/3/2025 3:17:56 AM","300"
"C:\Users\Shadow\Web-PDFTimeSaver\vendor\phpunit\php-code-coverage\src\Report\Html\Renderer\Template\css\bootstrap.min.css","10/3/2025 3:17:56 AM","162270"
"C:\Users\Shadow\Web-PDFTimeSaver\vendor\phpunit\php-code-coverage\src\Report\Html\Renderer\Template\css\custom.css","10/3/2025 3:17:56 AM","0"
"C:\Users\Shadow\Web-PDFTimeSaver\vendor\phpunit\php-code-coverage\src\Report\Html\Renderer\Template\css\nv.d3.min.css","10/3/2025 3:17:56 AM","9560"
"C:\Users\Shadow\Web-PDFTimeSaver\vendor\phpunit\php-code-coverage\src\Report\Html\Renderer\Template\css\octicons.css","10/3/2025 3:17:56 AM","93"
"C:\Users\Shadow\Web-PDFTimeSaver\vendor\phpunit\php-code-coverage\src\Report\Html\Renderer\Template\css\style.css","10/3/2025 3:17:56 AM","2720"
"C:\Users\Shadow\Web-PDFTimeSaver\vendor\phpunit\php-code-coverage\src\Report\Html\Renderer\Template\dashboard.html.dist","10/3/2025 3:17:56 AM","7348"
"C:\Users\Shadow\Web-PDFTimeSaver\vendor\phpunit\php-code-coverage\src\Report\Html\Renderer\Template\dashboard_branch.html.dist","10/3/2025 3:17:56 AM","7348"
"C:\Users\Shadow\Web-PDFTimeSaver\vendor\phpunit\php-code-coverage\src\Report\Html\Renderer\Template\directory.html.dist","10/3/2025 3:17:56 AM","2098"
"C:\Users\Shadow\Web-PDFTimeSaver\vendor\phpunit\php-code-coverage\src\Report\Html\Renderer\Template\directory_branch.html.dist","10/3/2025 3:17:56 AM","2258"
"C:\Users\Shadow\Web-PDFTimeSaver\vendor\phpunit\php-code-coverage\src\Report\Html\Renderer\Template\directory_item.html.dist","10/3/2025 3:17:56 AM","846"
"C:\Users\Shadow\Web-PDFTimeSaver\vendor\phpunit\php-code-coverage\src\Report\Html\Renderer\Template\directory_item_branch.html.dist","10/3/2025 3:17:56 AM","1358"
"C:\Users\Shadow\Web-PDFTimeSaver\vendor\phpunit\php-code-coverage\src\Report\Html\Renderer\Template\file.html.dist","10/3/2025 3:17:56 AM","2449"
"C:\Users\Shadow\Web-PDFTimeSaver\vendor\phpunit\php-code-coverage\src\Report\Html\Renderer\Template\file_branch.html.dist","10/3/2025 3:17:56 AM","2608"
"C:\Users\Shadow\Web-PDFTimeSaver\vendor\phpunit\php-code-coverage\src\Report\Html\Renderer\Template\file_item.html.dist","10/3/2025 3:17:56 AM","896"
"C:\Users\Shadow\Web-PDFTimeSaver\vendor\phpunit\php-code-coverage\src\Report\Html\Renderer\Template\file_item_branch.html.dist","10/3/2025 3:17:56 AM","1408"
"C:\Users\Shadow\Web-PDFTimeSaver\vendor\phpunit\php-code-coverage\src\Report\Html\Renderer\Template\icons\file-code.svg","10/3/2025 3:17:56 AM","304"
"C:\Users\Shadow\Web-PDFTimeSaver\vendor\phpunit\php-code-coverage\src\Report\Html\Renderer\Template\icons\file-directory.svg","10/3/2025 3:17:56 AM","234"
"C:\Users\Shadow\Web-PDFTimeSaver\vendor\phpunit\php-code-coverage\src\Report\Html\Renderer\Template\js\bootstrap.min.js","10/3/2025 3:17:56 AM","62569"
"C:\Users\Shadow\Web-PDFTimeSaver\vendor\phpunit\php-code-coverage\src\Report\Html\Renderer\Template\js\d3.min.js","10/3/2025 3:17:56 AM","151729"
"C:\Users\Shadow\Web-PDFTimeSaver\vendor\phpunit\php-code-coverage\src\Report\Html\Renderer\Template\js\file.js","10/3/2025 3:17:56 AM","1591"
"C:\Users\Shadow\Web-PDFTimeSaver\vendor\phpunit\php-code-coverage\src\Report\Html\Renderer\Template\js\jquery.min.js","10/3/2025 3:17:56 AM","89666"
"C:\Users\Shadow\Web-PDFTimeSaver\vendor\phpunit\php-code-coverage\src\Report\Html\Renderer\Template\js\nv.d3.min.js","10/3/2025 3:17:56 AM","217825"
"C:\Users\Shadow\Web-PDFTimeSaver\vendor\phpunit\php-code-coverage\src\Report\Html\Renderer\Template\js\popper.min.js","10/3/2025 3:17:56 AM","21238"
"C:\Users\Shadow\Web-PDFTimeSaver\vendor\phpunit\php-code-coverage\src\Report\Html\Renderer\Template\line.html.dist","10/3/2025 3:17:56 AM","198"
"C:\Users\Shadow\Web-PDFTimeSaver\vendor\phpunit\php-code-coverage\src\Report\Html\Renderer\Template\lines.html.dist","10/3/2025 3:17:56 AM","106"
"C:\Users\Shadow\Web-PDFTimeSaver\vendor\phpunit\php-code-coverage\src\Report\Html\Renderer\Template\method_item.html.dist","10/3/2025 3:17:56 AM","695"
"C:\Users\Shadow\Web-PDFTimeSaver\vendor\phpunit\php-code-coverage\src\Report\Html\Renderer\Template\method_item_branch.html.dist","10/3/2025 3:17:56 AM","1207"
"C:\Users\Shadow\Web-PDFTimeSaver\vendor\phpunit\php-code-coverage\src\Report\Html\Renderer\Template\paths.html.dist","10/3/2025 3:17:56 AM","507"
"C:\Users\Shadow\Web-PDFTimeSaver\vendor\phpunit\php-code-coverage\src\Report\PHP.php","10/3/2025 3:17:56 AM","1307"
"C:\Users\Shadow\Web-PDFTimeSaver\vendor\phpunit\php-code-coverage\src\Report\Text.php","10/3/2025 3:17:56 AM","11985"
"C:\Users\Shadow\Web-PDFTimeSaver\vendor\phpunit\php-code-coverage\src\Report\Xml\BuildInformation.php","10/3/2025 3:17:56 AM","2736"
"C:\Users\Shadow\Web-PDFTimeSaver\vendor\phpunit\php-code-coverage\src\Report\Xml\Coverage.php","10/3/2025 3:17:56 AM","1928"
"C:\Users\Shadow\Web-PDFTimeSaver\vendor\phpunit\php-code-coverage\src\Report\Xml\Directory.php","10/3/2025 3:17:56 AM","496"
"C:\Users\Shadow\Web-PDFTimeSaver\vendor\phpunit\php-code-coverage\src\Report\Xml\Facade.php","10/3/2025 3:17:56 AM","9419"
"C:\Users\Shadow\Web-PDFTimeSaver\vendor\phpunit\php-code-coverage\src\Report\Xml\File.php","10/3/2025 3:17:56 AM","2206"
"C:\Users\Shadow\Web-PDFTimeSaver\vendor\phpunit\php-code-coverage\src\Report\Xml\Method.php","10/3/2025 3:17:56 AM","1678"
"C:\Users\Shadow\Web-PDFTimeSaver\vendor\phpunit\php-code-coverage\src\Report\Xml\Node.php","10/3/2025 3:17:56 AM","2355"
"C:\Users\Shadow\Web-PDFTimeSaver\vendor\phpunit\php-code-coverage\src\Report\Xml\Project.php","10/3/2025 3:17:56 AM","2546"
"C:\Users\Shadow\Web-PDFTimeSaver\vendor\phpunit\php-code-coverage\src\Report\Xml\Source.php","10/3/2025 3:17:56 AM","1189"
"C:\Users\Shadow\Web-PDFTimeSaver\vendor\phpunit\php-code-coverage\src\Report\Xml\Report.php","10/3/2025 3:17:56 AM","2707"
"C:\Users\Shadow\Web-PDFTimeSaver\vendor\phpunit\php-code-coverage\src\Report\Xml\Tests.php","10/3/2025 3:17:56 AM","1848"
"C:\Users\Shadow\Web-PDFTimeSaver\vendor\phpunit\php-code-coverage\src\Report\Xml\Totals.php","10/3/2025 3:17:56 AM","4597"
"C:\Users\Shadow\Web-PDFTimeSaver\vendor\phpunit\php-code-coverage\src\Report\Xml\Unit.php","10/3/2025 3:17:56 AM","2217"
"C:\Users\Shadow\Web-PDFTimeSaver\vendor\phpunit\php-code-coverage\src\StaticAnalysis\CacheWarmer.php","10/3/2025 3:17:56 AM","984"
"C:\Users\Shadow\Web-PDFTimeSaver\vendor\phpunit\php-code-coverage\src\StaticAnalysis\CachingFileAnalyser.php","10/3/2025 3:17:56 AM","5644"
"C:\Users\Shadow\Web-PDFTimeSaver\vendor\phpunit\php-code-coverage\src\StaticAnalysis\CodeUnitFindingVisitor.php","10/3/2025 3:17:56 AM","11184"
"C:\Users\Shadow\Web-PDFTimeSaver\vendor\phpunit\php-code-coverage\src\StaticAnalysis\ExecutableLinesFindingVisitor.php","10/3/2025 3:17:56 AM","12190"
"C:\Users\Shadow\Web-PDFTimeSaver\vendor\phpunit\php-code-coverage\src\StaticAnalysis\FileAnalyser.php","10/3/2025 3:17:56 AM","977"
"C:\Users\Shadow\Web-PDFTimeSaver\vendor\phpunit\php-code-coverage\src\StaticAnalysis\IgnoredLinesFindingVisitor.php","10/3/2025 3:17:56 AM","3359"
"C:\Users\Shadow\Web-PDFTimeSaver\vendor\phpunit\php-code-coverage\src\StaticAnalysis\ParsingFileAnalyser.php","10/3/2025 3:17:56 AM","7564"
"C:\Users\Shadow\Web-PDFTimeSaver\vendor\phpunit\php-code-coverage\src\Util\Filesystem.php","10/3/2025 3:17:56 AM","1053"
"C:\Users\Shadow\Web-PDFTimeSaver\vendor\phpunit\php-code-coverage\src\Util\Percentage.php","10/3/2025 3:17:56 AM","1479"
"C:\Users\Shadow\Web-PDFTimeSaver\vendor\phpunit\php-code-coverage\src\Version.php","10/3/2025 3:17:56 AM","721"
"C:\Users\Shadow\Web-PDFTimeSaver\vendor\phpunit\php-code-coverage\tests\TestCase.php","10/3/2025 3:17:56 AM","74750"
"C:\Users\Shadow\Web-PDFTimeSaver\vendor\phpunit\php-code-coverage\tests\_files\BankAccount-clover-path.xml","10/3/2025 3:17:56 AM","1651"
"C:\Users\Shadow\Web-PDFTimeSaver\vendor\phpunit\php-code-coverage\tests\_files\BankAccount-clover-line.xml","10/3/2025 3:17:56 AM","1648"
"C:\Users\Shadow\Web-PDFTimeSaver\vendor\phpunit\php-code-coverage\tests\_files\BankAccount-cobertura-line.xml","10/3/2025 3:17:56 AM","2134"
"C:\Users\Shadow\Web-PDFTimeSaver\vendor\phpunit\php-code-coverage\tests\_files\BankAccount-cobertura-path.xml","10/3/2025 3:17:56 AM","2179"
"C:\Users\Shadow\Web-PDFTimeSaver\vendor\phpunit\php-code-coverage\tests\_files\BankAccount-text-line.txt","10/3/2025 3:17:56 AM","230"
"C:\Users\Shadow\Web-PDFTimeSaver\vendor\phpunit\php-code-coverage\tests\_files\BankAccount-crap4j.xml","10/3/2025 3:17:56 AM","1921"
"C:\Users\Shadow\Web-PDFTimeSaver\vendor\phpunit\php-code-coverage\tests\_files\BankAccount-text-path.txt","10/3/2025 3:17:56 AM","340"
"C:\Users\Shadow\Web-PDFTimeSaver\vendor\phpunit\php-code-coverage\tests\_files\BankAccount.php","10/3/2025 3:17:56 AM","700"
"C:\Users\Shadow\Web-PDFTimeSaver\vendor\phpunit\php-code-coverage\tests\_files\BankAccount-text-summary.txt","10/3/2025 3:17:56 AM","130"
"C:\Users\Shadow\Web-PDFTimeSaver\vendor\phpunit\php-code-coverage\tests\_files\BankAccountTest.php","10/3/2025 3:17:56 AM","1542"
"C:\Users\Shadow\Web-PDFTimeSaver\vendor\phpunit\php-code-coverage\tests\_files\BankAccountWithUncovered-text-line.txt","10/3/2025 3:17:56 AM","236"
"C:\Users\Shadow\Web-PDFTimeSaver\vendor\phpunit\php-code-coverage\tests\_files\BankAccountWithoutUncovered-text-line.txt","10/3/2025 3:17:56 AM","230"
"C:\Users\Shadow\Web-PDFTimeSaver\vendor\phpunit\php-code-coverage\tests\_files\ClassThatUsesAnonymousClass.php","10/3/2025 3:17:56 AM","368"
"C:\Users\Shadow\Web-PDFTimeSaver\vendor\phpunit\php-code-coverage\tests\_files\ClassWithNameThatIsPartOfItsNamespacesName.php","10/3/2025 3:17:56 AM","194"
"C:\Users\Shadow\Web-PDFTimeSaver\vendor\phpunit\php-code-coverage\tests\_files\CoverageClassExtendedTest.php","10/3/2025 3:17:56 AM","267"
"C:\Users\Shadow\Web-PDFTimeSaver\vendor\phpunit\php-code-coverage\tests\_files\CoverageFunctionParenthesesTest.php","10/3/2025 3:17:56 AM","235"
"C:\Users\Shadow\Web-PDFTimeSaver\vendor\phpunit\php-code-coverage\tests\_files\CoverageClassTest.php","10/3/2025 3:17:56 AM","249"
"C:\Users\Shadow\Web-PDFTimeSaver\vendor\phpunit\php-code-coverage\tests\_files\CoverageFunctionParenthesesWhitespaceTest.php","10/3/2025 3:17:56 AM","247"
"C:\Users\Shadow\Web-PDFTimeSaver\vendor\phpunit\php-code-coverage\tests\_files\CoverageFunctionTest.php","10/3/2025 3:17:56 AM","222"
"C:\Users\Shadow\Web-PDFTimeSaver\vendor\phpunit\php-code-coverage\tests\_files\CoverageMethodParenthesesTest.php","10/3/2025 3:17:56 AM","277"
"C:\Users\Shadow\Web-PDFTimeSaver\vendor\phpunit\php-code-coverage\tests\_files\CoverageMethodOneLineAnnotationTest.php","10/3/2025 3:17:56 AM","267"
"C:\Users\Shadow\Web-PDFTimeSaver\vendor\phpunit\php-code-coverage\tests\_files\CoverageMethodParenthesesWhitespaceTest.php","10/3/2025 3:17:56 AM","289"
"C:\Users\Shadow\Web-PDFTimeSaver\vendor\phpunit\php-code-coverage\tests\_files\CoverageMethodTest.php","10/3/2025 3:17:56 AM","264"
"C:\Users\Shadow\Web-PDFTimeSaver\vendor\phpunit\php-code-coverage\tests\_files\CoverageNoneTest.php","10/3/2025 3:17:56 AM","201"
"C:\Users\Shadow\Web-PDFTimeSaver\vendor\phpunit\php-code-coverage\tests\_files\CoverageNotProtectedTest.php","10/3/2025 3:17:56 AM","270"
"C:\Users\Shadow\Web-PDFTimeSaver\vendor\phpunit\php-code-coverage\tests\_files\CoverageNotPrivateTest.php","10/3/2025 3:17:56 AM","266"
"C:\Users\Shadow\Web-PDFTimeSaver\vendor\phpunit\php-code-coverage\tests\_files\CoverageNotPublicTest.php","10/3/2025 3:17:56 AM","264"
"C:\Users\Shadow\Web-PDFTimeSaver\vendor\phpunit\php-code-coverage\tests\_files\CoverageNothingTest.php","10/3/2025 3:17:56 AM","288"
"C:\Users\Shadow\Web-PDFTimeSaver\vendor\phpunit\php-code-coverage\tests\_files\CoveragePrivateTest.php","10/3/2025 3:17:56 AM","262"
"C:\Users\Shadow\Web-PDFTimeSaver\vendor\phpunit\php-code-coverage\tests\_files\CoverageProtectedTest.php","10/3/2025 3:17:56 AM","266"
"C:\Users\Shadow\Web-PDFTimeSaver\vendor\phpunit\php-code-coverage\tests\_files\CoveragePublicTest.php","10/3/2025 3:17:56 AM","260"
"C:\Users\Shadow\Web-PDFTimeSaver\vendor\phpunit\php-code-coverage\tests\_files\CoverageTwoDefaultClassAnnotations.php","10/3/2025 3:17:56 AM","347"
"C:\Users\Shadow\Web-PDFTimeSaver\vendor\phpunit\php-code-coverage\tests\_files\CoveredClass.php","10/3/2025 3:17:56 AM","623"
"C:\Users\Shadow\Web-PDFTimeSaver\vendor\phpunit\php-code-coverage\tests\_files\CoveredFunction.php","10/3/2025 3:17:56 AM","40"
"C:\Users\Shadow\Web-PDFTimeSaver\vendor\phpunit\php-code-coverage\tests\_files\FunctionWithDisjunctiveNormalFormTypes.php","10/3/2025 3:17:56 AM","320"
"C:\Users\Shadow\Web-PDFTimeSaver\vendor\phpunit\php-code-coverage\tests\_files\FunctionWithIntersectionTypes.php","10/3/2025 3:17:56 AM","317"
"C:\Users\Shadow\Web-PDFTimeSaver\vendor\phpunit\php-code-coverage\tests\_files\FunctionWithUnionTypes.php","10/3/2025 3:17:56 AM","176"
"C:\Users\Shadow\Web-PDFTimeSaver\vendor\phpunit\php-code-coverage\tests\_files\NamespaceCoverageClassExtendedTest.php","10/3/2025 3:17:56 AM","284"
"C:\Users\Shadow\Web-PDFTimeSaver\vendor\phpunit\php-code-coverage\tests\_files\NamespaceCoverageClassTest.php","10/3/2025 3:17:56 AM","266"
"C:\Users\Shadow\Web-PDFTimeSaver\vendor\phpunit\php-code-coverage\tests\_files\NamespaceCoverageCoversClassPublicTest.php","10/3/2025 3:17:56 AM","328"
"C:\Users\Shadow\Web-PDFTimeSaver\vendor\phpunit\php-code-coverage\tests\_files\NamespaceCoverageCoversClassTest.php","10/3/2025 3:17:56 AM","554"
"C:\Users\Shadow\Web-PDFTimeSaver\vendor\phpunit\php-code-coverage\tests\_files\NamespaceCoverageMethodTest.php","10/3/2025 3:17:56 AM","281"
"C:\Users\Shadow\Web-PDFTimeSaver\vendor\phpunit\php-code-coverage\tests\_files\NamespaceCoverageNotPrivateTest.php","10/3/2025 3:17:56 AM","283"
"C:\Users\Shadow\Web-PDFTimeSaver\vendor\phpunit\php-code-coverage\tests\_files\NamespaceCoverageNotProtectedTest.php","10/3/2025 3:17:57 AM","287"
"C:\Users\Shadow\Web-PDFTimeSaver\vendor\phpunit\php-code-coverage\tests\_files\NamespaceCoverageNotPublicTest.php","10/3/2025 3:17:57 AM","281"
"C:\Users\Shadow\Web-PDFTimeSaver\vendor\phpunit\php-code-coverage\tests\_files\NamespaceCoveragePrivateTest.php","10/3/2025 3:17:57 AM","279"
"C:\Users\Shadow\Web-PDFTimeSaver\vendor\phpunit\php-code-coverage\tests\_files\NamespaceCoverageProtectedTest.php","10/3/2025 3:17:57 AM","283"
"C:\Users\Shadow\Web-PDFTimeSaver\vendor\phpunit\php-code-coverage\tests\_files\NamespaceCoveragePublicTest.php","10/3/2025 3:17:57 AM","277"
"C:\Users\Shadow\Web-PDFTimeSaver\vendor\phpunit\php-code-coverage\tests\_files\NamespaceCoveredClass.php","10/3/2025 3:17:57 AM","641"
"C:\Users\Shadow\Web-PDFTimeSaver\vendor\phpunit\php-code-coverage\tests\_files\NamespacedBankAccount-text.txt","10/3/2025 3:17:57 AM","317"
"C:\Users\Shadow\Web-PDFTimeSaver\vendor\phpunit\php-code-coverage\tests\_files\NamespacedBankAccount.php","10/3/2025 3:17:57 AM","748"
"C:\Users\Shadow\Web-PDFTimeSaver\vendor\phpunit\php-code-coverage\tests\_files\NotExistingCoveredElementTest.php","10/3/2025 3:17:57 AM","425"
"C:\Users\Shadow\Web-PDFTimeSaver\vendor\phpunit\php-code-coverage\tests\_files\Report\HTML\CoverageForBankAccount\BankAccount.php.html","10/3/2025 3:17:57 AM","22474"
"C:\Users\Shadow\Web-PDFTimeSaver\vendor\phpunit\php-code-coverage\tests\_files\Report\HTML\CoverageForBankAccount\dashboard.html","10/3/2025 3:17:57 AM","7989"
"C:\Users\Shadow\Web-PDFTimeSaver\vendor\phpunit\php-code-coverage\tests\_files\Report\HTML\CoverageForBankAccount\index.html","10/3/2025 3:17:57 AM","5044"
"C:\Users\Shadow\Web-PDFTimeSaver\vendor\phpunit\php-code-coverage\tests\_files\Report\HTML\CoverageForFileWithIgnoredLines\dashboard.html","10/3/2025 3:17:57 AM","7373"
"C:\Users\Shadow\Web-PDFTimeSaver\vendor\phpunit\php-code-coverage\tests\_files\Report\HTML\CoverageForFileWithIgnoredLines\index.html","10/3/2025 3:17:57 AM","4488"
"C:\Users\Shadow\Web-PDFTimeSaver\vendor\phpunit\php-code-coverage\tests\_files\Report\HTML\CoverageForFileWithIgnoredLines\source_with_ignore.php.html","10/3/2025 3:17:57 AM","15895"
"C:\Users\Shadow\Web-PDFTimeSaver\vendor\phpunit\php-code-coverage\tests\_files\Report\HTML\PHP80AndBelow\CoverageForClassWithAnonymousFunction\dashboard.html","10/3/2025 3:17:57 AM","7383"
"C:\Users\Shadow\Web-PDFTimeSaver\vendor\phpunit\php-code-coverage\tests\_files\Report\HTML\PHP80AndBelow\CoverageForClassWithAnonymousFunction\index.html","10/3/2025 3:17:57 AM","5144"
"C:\Users\Shadow\Web-PDFTimeSaver\vendor\phpunit\php-code-coverage\tests\_files\Report\HTML\PHP80AndBelow\CoverageForClassWithAnonymousFunction\source_with_class_and_anonymous_function.php.html","10/3/2025 3:17:57 AM","14451"
"C:\Users\Shadow\Web-PDFTimeSaver\vendor\phpunit\php-code-coverage\tests\_files\Report\HTML\PHP80AndBelow\PathCoverageForSourceWithoutNamespace\dashboard.html","10/3/2025 3:17:57 AM","7183"
"C:\Users\Shadow\Web-PDFTimeSaver\vendor\phpunit\php-code-coverage\tests\_files\Report\HTML\PHP80AndBelow\PathCoverageForSourceWithoutNamespace\index.html","10/3/2025 3:17:57 AM","6611"
"C:\Users\Shadow\Web-PDFTimeSaver\vendor\phpunit\php-code-coverage\tests\_files\Report\HTML\PHP80AndBelow\PathCoverageForSourceWithoutNamespace\source_without_namespace.php.html","10/3/2025 3:17:57 AM","12897"
"C:\Users\Shadow\Web-PDFTimeSaver\vendor\phpunit\php-code-coverage\tests\_files\Report\HTML\PHP80AndBelow\PathCoverageForSourceWithoutNamespace\source_without_namespace.php_branch.html","10/3/2025 3:17:57 AM","20406"
"C:\Users\Shadow\Web-PDFTimeSaver\vendor\phpunit\php-code-coverage\tests\_files\Report\HTML\PHP80AndBelow\PathCoverageForSourceWithoutNamespace\source_without_namespace.php_path.html","10/3/2025 3:17:57 AM","23813"
"C:\Users\Shadow\Web-PDFTimeSaver\vendor\phpunit\php-code-coverage\tests\_files\Report\HTML\PHP81AndUp\CoverageForClassWithAnonymousFunction\dashboard.html","10/3/2025 3:17:57 AM","7383"
"C:\Users\Shadow\Web-PDFTimeSaver\vendor\phpunit\php-code-coverage\tests\_files\Report\HTML\PHP81AndUp\CoverageForClassWithAnonymousFunction\index.html","10/3/2025 3:17:57 AM","5144"
"C:\Users\Shadow\Web-PDFTimeSaver\vendor\phpunit\php-code-coverage\tests\_files\Report\HTML\PHP81AndUp\CoverageForClassWithAnonymousFunction\source_with_class_and_anonymous_function.php.html","10/3/2025 3:17:57 AM","14451"
"C:\Users\Shadow\Web-PDFTimeSaver\vendor\phpunit\php-code-coverage\tests\_files\Report\HTML\PHP81AndUp\PathCoverageForSourceWithoutNamespace\dashboard.html","10/3/2025 3:17:57 AM","7183"
"C:\Users\Shadow\Web-PDFTimeSaver\vendor\phpunit\php-code-coverage\tests\_files\Report\HTML\PHP81AndUp\PathCoverageForSourceWithoutNamespace\index.html","10/3/2025 3:17:57 AM","6611"
"C:\Users\Shadow\Web-PDFTimeSaver\vendor\phpunit\php-code-coverage\tests\_files\Report\HTML\PHP81AndUp\PathCoverageForSourceWithoutNamespace\source_without_namespace.php.html","10/3/2025 3:17:57 AM","12897"
"C:\Users\Shadow\Web-PDFTimeSaver\vendor\phpunit\php-code-coverage\tests\_files\Report\HTML\PHP81AndUp\PathCoverageForSourceWithoutNamespace\source_without_namespace.php_branch.html","10/3/2025 3:17:57 AM","20406"
"C:\Users\Shadow\Web-PDFTimeSaver\vendor\phpunit\php-code-coverage\tests\_files\Report\HTML\PHP81AndUp\PathCoverageForSourceWithoutNamespace\source_without_namespace.php_path.html","10/3/2025 3:17:57 AM","23813"
"C:\Users\Shadow\Web-PDFTimeSaver\vendor\phpunit\php-code-coverage\tests\_files\Report\HTML\PathCoverageForBankAccount\BankAccount.php.html","10/3/2025 3:17:57 AM","28130"
"C:\Users\Shadow\Web-PDFTimeSaver\vendor\phpunit\php-code-coverage\tests\_files\Report\HTML\PathCoverageForBankAccount\BankAccount.php_branch.html","10/3/2025 3:17:57 AM","29986"
"C:\Users\Shadow\Web-PDFTimeSaver\vendor\phpunit\php-code-coverage\tests\_files\Report\HTML\PathCoverageForBankAccount\dashboard.html","10/3/2025 3:17:57 AM","8000"
"C:\Users\Shadow\Web-PDFTimeSaver\vendor\phpunit\php-code-coverage\tests\_files\Report\HTML\PathCoverageForBankAccount\BankAccount.php_path.html","10/3/2025 3:17:57 AM","28816"
"C:\Users\Shadow\Web-PDFTimeSaver\vendor\phpunit\php-code-coverage\tests\_files\Report\HTML\PathCoverageForBankAccount\index.html","10/3/2025 3:17:57 AM","7209"
"C:\Users\Shadow\Web-PDFTimeSaver\vendor\phpunit\php-code-coverage\tests\_files\Report\XML\CoverageForBankAccount\BankAccount.php.xml","10/3/2025 3:17:57 AM","11296"
"C:\Users\Shadow\Web-PDFTimeSaver\vendor\phpunit\php-code-coverage\tests\_files\Report\XML\CoverageForBankAccount\index.xml","10/3/2025 3:17:57 AM","1569"
"C:\Users\Shadow\Web-PDFTimeSaver\vendor\phpunit\php-code-coverage\tests\_files\Report\XML\CoverageForFileWithIgnoredLines\index.xml","10/3/2025 3:17:57 AM","1221"
"C:\Users\Shadow\Web-PDFTimeSaver\vendor\phpunit\php-code-coverage\tests\_files\Report\XML\CoverageForFileWithIgnoredLines\source_with_ignore.php.xml","10/3/2025 3:17:57 AM","7409"
"C:\Users\Shadow\Web-PDFTimeSaver\vendor\phpunit\php-code-coverage\tests\_files\Report\XML\PHP80AndBelow\CoverageForClassWithAnonymousFunction\index.xml","10/3/2025 3:17:57 AM","1279"
"C:\Users\Shadow\Web-PDFTimeSaver\vendor\phpunit\php-code-coverage\tests\_files\Report\XML\PHP80AndBelow\CoverageForClassWithAnonymousFunction\source_with_class_and_anonymous_function.php.xml","10/3/2025 3:17:57 AM","6352"
"C:\Users\Shadow\Web-PDFTimeSaver\vendor\phpunit\php-code-coverage\tests\_files\Report\XML\PHP81AndUp\CoverageForClassWithAnonymousFunction\index.xml","10/3/2025 3:17:57 AM","1279"
"C:\Users\Shadow\Web-PDFTimeSaver\vendor\phpunit\php-code-coverage\tests\_files\class-with-anonymous-function-clover.xml","10/3/2025 3:17:57 AM","1354"
"C:\Users\Shadow\Web-PDFTimeSaver\vendor\phpunit\php-code-coverage\tests\_files\Report\XML\PHP81AndUp\CoverageForClassWithAnonymousFunction\source_with_class_and_anonymous_function.php.xml","10/3/2025 3:17:57 AM","6378"
"C:\Users\Shadow\Web-PDFTimeSaver\vendor\phpunit\php-code-coverage\tests\_files\class-with-anonymous-function-cobertura.xml","10/3/2025 3:17:57 AM","1683"
"C:\Users\Shadow\Web-PDFTimeSaver\vendor\phpunit\php-code-coverage\tests\_files\class-with-anonymous-function-crap4j.xml","10/3/2025 3:17:57 AM","833"
"C:\Users\Shadow\Web-PDFTimeSaver\vendor\phpunit\php-code-coverage\tests\_files\class-with-anonymous-function-text.txt","10/3/2025 3:17:57 AM","272"
"C:\Users\Shadow\Web-PDFTimeSaver\vendor\phpunit\php-code-coverage\tests\_files\class-with-outside-function-cobertura.xml","10/3/2025 3:17:57 AM","1818"
"C:\Users\Shadow\Web-PDFTimeSaver\vendor\phpunit\php-code-coverage\tests\_files\filter\a.php","10/3/2025 3:17:57 AM","32"
"C:\Users\Shadow\Web-PDFTimeSaver\vendor\phpunit\php-code-coverage\tests\_files\filter\b.php","10/3/2025 3:17:57 AM","32"
"C:\Users\Shadow\Web-PDFTimeSaver\vendor\phpunit\php-code-coverage\tests\_files\ignored-lines-clover.xml","10/3/2025 3:17:57 AM","1094"
"C:\Users\Shadow\Web-PDFTimeSaver\vendor\phpunit\php-code-coverage\tests\_files\ignored-lines-cobertura.xml","10/3/2025 3:17:57 AM","852"
"C:\Users\Shadow\Web-PDFTimeSaver\vendor\phpunit\php-code-coverage\tests\_files\ignored-lines-text.txt","10/3/2025 3:17:57 AM","132"
"C:\Users\Shadow\Web-PDFTimeSaver\vendor\phpunit\php-code-coverage\tests\_files\ignored-lines-crap4j.xml","10/3/2025 3:17:57 AM","1092"
"C:\Users\Shadow\Web-PDFTimeSaver\vendor\phpunit\php-code-coverage\tests\_files\source_for_branched_exec_lines.php","10/3/2025 3:17:57 AM","20636"
"C:\Users\Shadow\Web-PDFTimeSaver\vendor\phpunit\php-code-coverage\tests\_files\source_for_branched_exec_lines_php74.php","10/3/2025 3:17:57 AM","158"
"C:\Users\Shadow\Web-PDFTimeSaver\vendor\phpunit\php-code-coverage\tests\_files\source_for_branched_exec_lines_php80.php","10/3/2025 3:17:57 AM","1526"
"C:\Users\Shadow\Web-PDFTimeSaver\vendor\phpunit\php-code-coverage\tests\_files\source_for_branched_exec_lines_php81.php","10/3/2025 3:17:57 AM","590"
"C:\Users\Shadow\Web-PDFTimeSaver\vendor\phpunit\php-code-coverage\tests\_files\source_for_branched_exec_lines_php82.php","10/3/2025 3:17:57 AM","258"
"C:\Users\Shadow\Web-PDFTimeSaver\vendor\phpunit\php-code-coverage\tests\_files\source_with_class_and_anonymous_function.php","10/3/2025 3:17:57 AM","404"
"C:\Users\Shadow\Web-PDFTimeSaver\vendor\phpunit\php-code-coverage\tests\_files\source_with_class_and_fqcn_constant.php","10/3/2025 3:17:57 AM","170"
"C:\Users\Shadow\Web-PDFTimeSaver\vendor\phpunit\php-code-coverage\tests\_files\source_with_eval.php","10/3/2025 3:17:57 AM","71"
"C:\Users\Shadow\Web-PDFTimeSaver\vendor\phpunit\php-code-coverage\tests\_files\source_with_class_and_outside_function.php","10/3/2025 3:17:57 AM","277"
"C:\Users\Shadow\Web-PDFTimeSaver\vendor\phpunit\php-code-coverage\tests\_files\source_with_ignore.php","10/3/2025 3:17:57 AM","508"
"C:\Users\Shadow\Web-PDFTimeSaver\vendor\phpunit\php-code-coverage\tests\_files\source_with_ignore_attributes.php","10/3/2025 3:17:57 AM","268"
"C:\Users\Shadow\Web-PDFTimeSaver\vendor\phpunit\php-code-coverage\tests\_files\source_with_namespace.php","10/3/2025 3:17:57 AM","256"
"C:\Users\Shadow\Web-PDFTimeSaver\vendor\phpunit\php-code-coverage\tests\_files\source_with_oneline_annotations.php","10/3/2025 3:17:57 AM","577"
"C:\Users\Shadow\Web-PDFTimeSaver\vendor\phpunit\php-code-coverage\tests\_files\source_without_ignore.php","10/3/2025 3:17:57 AM","48"
"C:\Users\Shadow\Web-PDFTimeSaver\vendor\phpunit\php-code-coverage\tests\_files\source_without_lf_only_cr.php","10/3/2025 3:17:57 AM","156"
"C:\Users\Shadow\Web-PDFTimeSaver\vendor\phpunit\php-code-coverage\tests\_files\source_without_namespace.php","10/3/2025 3:17:57 AM","216"
"C:\Users\Shadow\Web-PDFTimeSaver\vendor\phpunit\php-code-coverage\tests\_files\source_without_newline.php","10/3/2025 3:17:57 AM","39"
"C:\Users\Shadow\Web-PDFTimeSaver\vendor\phpunit\php-code-coverage\tests\bootstrap.php","10/3/2025 3:17:57 AM","436"
"C:\Users\Shadow\Web-PDFTimeSaver\vendor\phpunit\php-code-coverage\tests\tests\CodeCoverageTest.php","10/3/2025 3:17:57 AM","5249"
"C:\Users\Shadow\Web-PDFTimeSaver\vendor\phpunit\php-code-coverage\tests\tests\Data\ProcessedCodeCoverageDataTest.php","10/3/2025 3:17:57 AM","6550"
"C:\Users\Shadow\Web-PDFTimeSaver\vendor\phpunit\php-code-coverage\tests\tests\Data\RawCodeCoverageDataTest.php","10/3/2025 3:17:57 AM","14818"
"C:\Users\Shadow\Web-PDFTimeSaver\vendor\phpunit\php-code-coverage\tests\tests\Driver\PcovDriverTest.php","10/3/2025 3:17:57 AM","2975"
"C:\Users\Shadow\Web-PDFTimeSaver\vendor\phpunit\php-code-coverage\tests\tests\Driver\PhpdbgDriverTest.php","10/3/2025 3:17:57 AM","2586"
"C:\Users\Shadow\Web-PDFTimeSaver\vendor\phpunit\php-code-coverage\tests\tests\Driver\Xdebug2DriverTest.php","10/3/2025 3:17:57 AM","3635"
"C:\Users\Shadow\Web-PDFTimeSaver\vendor\phpunit\php-code-coverage\tests\tests\Driver\Xdebug3DriverTest.php","10/3/2025 3:17:57 AM","3664"
"C:\Users\Shadow\Web-PDFTimeSaver\vendor\phpunit\php-code-coverage\tests\tests\Exception\UnintentionallyCoveredCodeExceptionTest.php","10/3/2025 3:17:57 AM","1424"
"C:\Users\Shadow\Web-PDFTimeSaver\vendor\phpunit\php-code-coverage\tests\tests\FilterTest.php","10/3/2025 3:17:57 AM","4566"
"C:\Users\Shadow\Web-PDFTimeSaver\vendor\phpunit\php-code-coverage\tests\tests\Node\BuilderTest.php","10/3/2025 3:17:57 AM","10886"
"C:\Users\Shadow\Web-PDFTimeSaver\vendor\phpunit\php-code-coverage\tests\tests\Report\CloverTest.php","10/3/2025 3:17:57 AM","1781"
"C:\Users\Shadow\Web-PDFTimeSaver\vendor\phpunit\php-code-coverage\tests\tests\Report\CoberturaTest.php","10/3/2025 3:17:57 AM","2152"
"C:\Users\Shadow\Web-PDFTimeSaver\vendor\phpunit\php-code-coverage\tests\tests\Report\Crap4jTest.php","10/3/2025 3:17:57 AM","1515"
"C:\Users\Shadow\Web-PDFTimeSaver\vendor\phpunit\php-code-coverage\tests\tests\Report\HtmlTest.php","10/3/2025 3:17:57 AM","4636"
"C:\Users\Shadow\Web-PDFTimeSaver\vendor\phpunit\php-code-coverage\tests\tests\Report\PhpTest.php","10/3/2025 3:17:57 AM","2043"
"C:\Users\Shadow\Web-PDFTimeSaver\vendor\phpunit\php-code-coverage\tests\tests\Report\TextTest.php","10/3/2025 3:17:57 AM","3428"
"C:\Users\Shadow\Web-PDFTimeSaver\vendor\phpunit\php-code-coverage\tests\tests\Report\XmlTest.php","10/3/2025 3:17:57 AM","3663"
"C:\Users\Shadow\Web-PDFTimeSaver\vendor\phpunit\php-code-coverage\tests\tests\StaticAnalysis\CodeUnitFindingVisitorTest.php","10/3/2025 3:17:57 AM","7242"
"C:\Users\Shadow\Web-PDFTimeSaver\vendor\phpunit\php-code-coverage\tests\tests\StaticAnalysis\ExecutableLinesFindingVisitorTest.php","10/3/2025 3:17:57 AM","3221"
"C:\Users\Shadow\Web-PDFTimeSaver\vendor\phpunit\php-code-coverage\tests\tests\StaticAnalysis\ParsingFileAnalyserTest.php","10/3/2025 3:17:57 AM","4600"
"C:\Users\Shadow\Web-PDFTimeSaver\vendor\phpunit\php-code-coverage\tests\tests\Util\PercentageTest.php","10/3/2025 3:17:57 AM","1651"
"C:\Users\Shadow\Web-PDFTimeSaver\vendor\phpunit\php-code-coverage\tools\composer","10/3/2025 3:17:57 AM","2994603"
"C:\Users\Shadow\Web-PDFTimeSaver\vendor\phpunit\php-code-coverage\tools\php-cs-fixer","10/3/2025 3:17:57 AM","3192463"
"C:\Users\Shadow\Web-PDFTimeSaver\vendor\phpunit\php-code-coverage\tools\psalm","10/3/2025 3:17:57 AM","12599570"
"C:\Users\Shadow\Web-PDFTimeSaver\vendor\phar-io\version\.gitattributes","10/3/2025 3:17:58 AM","286"
"C:\Users\Shadow\Web-PDFTimeSaver\vendor\phar-io\version\.gitignore","10/3/2025 3:17:58 AM","115"
"C:\Users\Shadow\Web-PDFTimeSaver\vendor\phar-io\version\.php_cs.dist","10/3/2025 3:17:58 AM","11942"
"C:\Users\Shadow\Web-PDFTimeSaver\vendor\phar-io\version\.travis.yml","10/3/2025 3:17:58 AM","1097"
"C:\Users\Shadow\Web-PDFTimeSaver\vendor\phar-io\version\CHANGELOG.md","10/3/2025 3:17:58 AM","3875"
"C:\Users\Shadow\Web-PDFTimeSaver\vendor\phar-io\version\LICENSE","10/3/2025 3:17:58 AM","1603"
"C:\Users\Shadow\Web-PDFTimeSaver\vendor\phar-io\version\README.md","10/3/2025 3:17:58 AM","2422"
"C:\Users\Shadow\Web-PDFTimeSaver\vendor\phar-io\version\build.xml","10/3/2025 3:17:58 AM","2659"
"C:\Users\Shadow\Web-PDFTimeSaver\vendor\phar-io\version\composer.json","10/3/2025 3:17:58 AM","707"
"C:\Users\Shadow\Web-PDFTimeSaver\vendor\phar-io\version\phive.xml","10/3/2025 3:17:58 AM","499"
"C:\Users\Shadow\Web-PDFTimeSaver\vendor\phar-io\version\phpunit.xml","10/3/2025 3:17:58 AM","725"
"C:\Users\Shadow\Web-PDFTimeSaver\vendor\phar-io\version\psalm.xml","10/3/2025 3:17:58 AM","451"
"C:\Users\Shadow\Web-PDFTimeSaver\vendor\phar-io\version\src\BuildMetaData.php","10/3/2025 3:17:58 AM","747"
"C:\Users\Shadow\Web-PDFTimeSaver\vendor\phar-io\version\src\PreReleaseSuffix.php","10/3/2025 3:17:58 AM","1968"
"C:\Users\Shadow\Web-PDFTimeSaver\vendor\phar-io\version\src\Version.php","10/3/2025 3:17:58 AM","6139"
"C:\Users\Shadow\Web-PDFTimeSaver\vendor\phar-io\version\src\VersionConstraintParser.php","10/3/2025 3:17:58 AM","3954"
"C:\Users\Shadow\Web-PDFTimeSaver\vendor\phar-io\version\src\VersionConstraintValue.php","10/3/2025 3:17:58 AM","2686"
"C:\Users\Shadow\Web-PDFTimeSaver\vendor\phar-io\version\src\VersionNumber.php","10/3/2025 3:17:58 AM","701"
"C:\Users\Shadow\Web-PDFTimeSaver\vendor\phar-io\version\src\constraints\AbstractVersionConstraint.php","10/3/2025 3:17:58 AM","710"
"C:\Users\Shadow\Web-PDFTimeSaver\vendor\phar-io\version\src\constraints\AndVersionConstraintGroup.php","10/3/2025 3:17:58 AM","1017"
"C:\Users\Shadow\Web-PDFTimeSaver\vendor\phar-io\version\src\constraints\AnyVersionConstraint.php","10/3/2025 3:17:58 AM","596"
"C:\Users\Shadow\Web-PDFTimeSaver\vendor\phar-io\version\src\constraints\ExactVersionConstraint.php","10/3/2025 3:17:58 AM","734"
"C:\Users\Shadow\Web-PDFTimeSaver\vendor\phar-io\version\src\constraints\OrVersionConstraintGroup.php","10/3/2025 3:17:58 AM","1058"
"C:\Users\Shadow\Web-PDFTimeSaver\vendor\phar-io\version\src\constraints\GreaterThanOrEqualToVersionConstraint.php","10/3/2025 3:17:58 AM","926"
"C:\Users\Shadow\Web-PDFTimeSaver\vendor\phar-io\version\src\constraints\SpecificMajorAndMinorVersionConstraint.php","10/3/2025 3:17:58 AM","989"
"C:\Users\Shadow\Web-PDFTimeSaver\vendor\phar-io\version\src\constraints\SpecificMajorVersionConstraint.php","10/3/2025 3:17:58 AM","787"
"C:\Users\Shadow\Web-PDFTimeSaver\vendor\phar-io\version\src\constraints\VersionConstraint.php","10/3/2025 3:17:58 AM","509"
"C:\Users\Shadow\Web-PDFTimeSaver\vendor\phar-io\version\src\exceptions\Exception.php","10/3/2025 3:17:58 AM","439"
"C:\Users\Shadow\Web-PDFTimeSaver\vendor\phar-io\version\src\exceptions\InvalidPreReleaseSuffixException.php","10/3/2025 3:17:58 AM","148"
"C:\Users\Shadow\Web-PDFTimeSaver\vendor\phar-io\version\src\exceptions\InvalidVersionException.php","10/3/2025 3:17:58 AM","154"
"C:\Users\Shadow\Web-PDFTimeSaver\vendor\phar-io\version\src\exceptions\NoBuildMetaDataException.php","10/3/2025 3:17:58 AM","140"
"C:\Users\Shadow\Web-PDFTimeSaver\vendor\phar-io\version\src\exceptions\NoPreReleaseSuffixException.php","10/3/2025 3:17:58 AM","143"
"C:\Users\Shadow\Web-PDFTimeSaver\vendor\phar-io\version\src\exceptions\UnsupportedVersionConstraintException.php","10/3/2025 3:17:58 AM","480"
"C:\Users\Shadow\Web-PDFTimeSaver\vendor\phar-io\version\tests\Integration\VersionConstraintParserTest.php","10/3/2025 3:17:58 AM","6504"
"C:\Users\Shadow\Web-PDFTimeSaver\vendor\phar-io\version\tests\Integration\CompliesTest.php","10/3/2025 3:17:58 AM","2084"
"C:\Users\Shadow\Web-PDFTimeSaver\vendor\phar-io\version\tests\Unit\AbstractVersionConstraintTest.php","10/3/2025 3:17:58 AM","846"
"C:\Users\Shadow\Web-PDFTimeSaver\vendor\phar-io\version\tests\Unit\AndVersionConstraintGroupTest.php","10/3/2025 3:17:58 AM","1866"
"C:\Users\Shadow\Web-PDFTimeSaver\vendor\phar-io\version\tests\Unit\AnyVersionConstraintTest.php","10/3/2025 3:17:58 AM","1083"
"C:\Users\Shadow\Web-PDFTimeSaver\vendor\phar-io\version\tests\Unit\BuildMetaDataTest.php","10/3/2025 3:17:58 AM","1232"
"C:\Users\Shadow\Web-PDFTimeSaver\vendor\phar-io\version\tests\Unit\ExactVersionConstraintTest.php","10/3/2025 3:17:58 AM","1854"
"C:\Users\Shadow\Web-PDFTimeSaver\vendor\phar-io\version\tests\Unit\GreaterThanOrEqualToVersionConstraintTest.php","10/3/2025 3:17:58 AM","1710"
"C:\Users\Shadow\Web-PDFTimeSaver\vendor\phar-io\version\tests\Unit\OrVersionConstraintGroupTest.php","10/3/2025 3:17:58 AM","2395"
"C:\Users\Shadow\Web-PDFTimeSaver\vendor\phar-io\version\tests\Unit\PreReleaseSuffixTest.php","10/3/2025 3:17:58 AM","2202"
"C:\Users\Shadow\Web-PDFTimeSaver\vendor\phar-io\version\tests\Unit\SpecificMajorVersionConstraintTest.php","10/3/2025 3:17:58 AM","1374"
"C:\Users\Shadow\Web-PDFTimeSaver\vendor\phar-io\version\tests\Unit\SpecificMajorAndMinorVersionConstraintTest.php","10/3/2025 3:17:58 AM","1459"
"C:\Users\Shadow\Web-PDFTimeSaver\vendor\phar-io\version\tests\Unit\VersionTest.php","10/3/2025 3:17:58 AM","7185"
"C:\Users\Shadow\Web-PDFTimeSaver\vendor\phar-io\manifest\.gitattributes","10/3/2025 3:18:00 AM","320"
"C:\Users\Shadow\Web-PDFTimeSaver\vendor\phar-io\manifest\.github\FUNDING.yml","10/3/2025 3:18:00 AM","68"
"C:\Users\Shadow\Web-PDFTimeSaver\vendor\phar-io\manifest\.github\workflows\ci.yml","10/3/2025 3:18:00 AM","2122"
"C:\Users\Shadow\Web-PDFTimeSaver\vendor\phar-io\manifest\.gitignore","10/3/2025 3:18:00 AM","114"
"C:\Users\Shadow\Web-PDFTimeSaver\vendor\phar-io\manifest\.php-cs-fixer.dist.php","10/3/2025 3:18:00 AM","12368"
"C:\Users\Shadow\Web-PDFTimeSaver\vendor\phar-io\manifest\CHANGELOG.md","10/3/2025 3:18:00 AM","1558"
"C:\Users\Shadow\Web-PDFTimeSaver\vendor\phar-io\manifest\LICENSE","10/3/2025 3:18:00 AM","1663"
"C:\Users\Shadow\Web-PDFTimeSaver\vendor\phar-io\manifest\README.md","10/3/2025 3:18:00 AM","5937"
"C:\Users\Shadow\Web-PDFTimeSaver\vendor\phar-io\manifest\build.xml","10/3/2025 3:18:00 AM","3892"
"C:\Users\Shadow\Web-PDFTimeSaver\vendor\phar-io\manifest\build\psalm-baseline.xml","10/3/2025 3:18:00 AM","1682"
"C:\Users\Shadow\Web-PDFTimeSaver\vendor\phar-io\manifest\composer.json","10/3/2025 3:18:00 AM","940"
"C:\Users\Shadow\Web-PDFTimeSaver\vendor\phar-io\manifest\composer.lock","10/3/2025 3:18:00 AM","2635"
"C:\Users\Shadow\Web-PDFTimeSaver\vendor\phar-io\manifest\examples\example-01.php","10/3/2025 3:18:00 AM","748"
"C:\Users\Shadow\Web-PDFTimeSaver\vendor\phar-io\manifest\examples\example-02.php","10/3/2025 3:18:00 AM","1519"
"C:\Users\Shadow\Web-PDFTimeSaver\vendor\phar-io\manifest\manifest.xsd","10/3/2025 3:18:00 AM","3824"
"C:\Users\Shadow\Web-PDFTimeSaver\vendor\phar-io\manifest\phive.xml","10/3/2025 3:18:00 AM","496"
"C:\Users\Shadow\Web-PDFTimeSaver\vendor\phar-io\manifest\phpunit.xml","10/3/2025 3:18:00 AM","665"
"C:\Users\Shadow\Web-PDFTimeSaver\vendor\phar-io\manifest\psalm.xml","10/3/2025 3:18:00 AM","632"
"C:\Users\Shadow\Web-PDFTimeSaver\vendor\phar-io\manifest\src\ManifestDocumentMapper.php","10/3/2025 3:18:00 AM","5143"
"C:\Users\Shadow\Web-PDFTimeSaver\vendor\phar-io\manifest\src\ManifestLoader.php","10/3/2025 3:18:00 AM","1487"
"C:\Users\Shadow\Web-PDFTimeSaver\vendor\phar-io\manifest\src\ManifestSerializer.php","10/3/2025 3:18:00 AM","6195"
"C:\Users\Shadow\Web-PDFTimeSaver\vendor\phar-io\manifest\src\exceptions\ElementCollectionException.php","10/3/2025 3:18:00 AM","536"
"C:\Users\Shadow\Web-PDFTimeSaver\vendor\phar-io\manifest\src\exceptions\Exception.php","10/3/2025 3:18:00 AM","472"
"C:\Users\Shadow\Web-PDFTimeSaver\vendor\phar-io\manifest\src\exceptions\InvalidApplicationNameException.php","10/3/2025 3:18:00 AM","578"
"C:\Users\Shadow\Web-PDFTimeSaver\vendor\phar-io\manifest\src\exceptions\InvalidEmailException.php","10/3/2025 3:18:00 AM","531"
"C:\Users\Shadow\Web-PDFTimeSaver\vendor\phar-io\manifest\src\exceptions\ManifestDocumentException.php","10/3/2025 3:18:00 AM","519"
"C:\Users\Shadow\Web-PDFTimeSaver\vendor\phar-io\manifest\src\exceptions\InvalidUrlException.php","10/3/2025 3:18:00 AM","529"
"C:\Users\Shadow\Web-PDFTimeSaver\vendor\phar-io\manifest\src\exceptions\ManifestDocumentLoadingException.php","10/3/2025 3:18:00 AM","1322"
"C:\Users\Shadow\Web-PDFTimeSaver\vendor\phar-io\manifest\src\exceptions\ManifestDocumentMapperException.php","10/3/2025 3:18:00 AM","525"
"C:\Users\Shadow\Web-PDFTimeSaver\vendor\phar-io\manifest\src\exceptions\ManifestElementException.php","10/3/2025 3:18:00 AM","518"
"C:\Users\Shadow\Web-PDFTimeSaver\vendor\phar-io\manifest\src\exceptions\ManifestLoaderException.php","10/3/2025 3:18:00 AM","486"
"C:\Users\Shadow\Web-PDFTimeSaver\vendor\phar-io\manifest\src\exceptions\NoEmailAddressException.php","10/3/2025 3:18:00 AM","533"
"C:\Users\Shadow\Web-PDFTimeSaver\vendor\phar-io\manifest\src\values\Application.php","10/3/2025 3:18:00 AM","521"
"C:\Users\Shadow\Web-PDFTimeSaver\vendor\phar-io\manifest\src\values\ApplicationName.php","10/3/2025 3:18:00 AM","1221"
"C:\Users\Shadow\Web-PDFTimeSaver\vendor\phar-io\manifest\src\values\Author.php","10/3/2025 3:18:00 AM","1361"
"C:\Users\Shadow\Web-PDFTimeSaver\vendor\phar-io\manifest\src\values\AuthorCollection.php","10/3/2025 3:18:00 AM","1086"
"C:\Users\Shadow\Web-PDFTimeSaver\vendor\phar-io\manifest\src\values\AuthorCollectionIterator.php","10/3/2025 3:18:00 AM","1204"
"C:\Users\Shadow\Web-PDFTimeSaver\vendor\phar-io\manifest\src\values\BundledComponent.php","10/3/2025 3:18:00 AM","874"
"C:\Users\Shadow\Web-PDFTimeSaver\vendor\phar-io\manifest\src\values\BundledComponentCollection.php","10/3/2025 3:18:00 AM","1226"
"C:\Users\Shadow\Web-PDFTimeSaver\vendor\phar-io\manifest\src\values\BundledComponentCollectionIterator.php","10/3/2025 3:18:00 AM","1324"
"C:\Users\Shadow\Web-PDFTimeSaver\vendor\phar-io\manifest\src\values\CopyrightInformation.php","10/3/2025 3:18:00 AM","892"
"C:\Users\Shadow\Web-PDFTimeSaver\vendor\phar-io\manifest\src\values\Email.php","10/3/2025 3:18:00 AM","947"
"C:\Users\Shadow\Web-PDFTimeSaver\vendor\phar-io\manifest\src\values\Extension.php","10/3/2025 3:18:00 AM","1477"
"C:\Users\Shadow\Web-PDFTimeSaver\vendor\phar-io\manifest\src\values\Library.php","10/3/2025 3:18:00 AM","513"
"C:\Users\Shadow\Web-PDFTimeSaver\vendor\phar-io\manifest\src\values\License.php","10/3/2025 3:18:00 AM","796"
"C:\Users\Shadow\Web-PDFTimeSaver\vendor\phar-io\manifest\src\values\Manifest.php","10/3/2025 3:18:00 AM","2698"
"C:\Users\Shadow\Web-PDFTimeSaver\vendor\phar-io\manifest\src\values\PhpExtensionRequirement.php","10/3/2025 3:18:00 AM","706"
"C:\Users\Shadow\Web-PDFTimeSaver\vendor\phar-io\manifest\src\values\PhpVersionRequirement.php","10/3/2025 3:18:00 AM","830"
"C:\Users\Shadow\Web-PDFTimeSaver\vendor\phar-io\manifest\src\values\Requirement.php","10/3/2025 3:18:00 AM","438"
"C:\Users\Shadow\Web-PDFTimeSaver\vendor\phar-io\manifest\src\values\RequirementCollection.php","10/3/2025 3:18:00 AM","1156"
"C:\Users\Shadow\Web-PDFTimeSaver\vendor\phar-io\manifest\src\values\RequirementCollectionIterator.php","10/3/2025 3:18:00 AM","1264"
"C:\Users\Shadow\Web-PDFTimeSaver\vendor\phar-io\manifest\src\values\Type.php","10/3/2025 3:18:00 AM","1229"
"C:\Users\Shadow\Web-PDFTimeSaver\vendor\phar-io\manifest\src\values\Url.php","10/3/2025 3:18:00 AM","977"
"C:\Users\Shadow\Web-PDFTimeSaver\vendor\phar-io\manifest\src\xml\AuthorElement.php","10/3/2025 3:18:00 AM","755"
"C:\Users\Shadow\Web-PDFTimeSaver\vendor\phar-io\manifest\src\xml\AuthorElementCollection.php","10/3/2025 3:18:00 AM","614"
"C:\Users\Shadow\Web-PDFTimeSaver\vendor\phar-io\manifest\src\xml\BundlesElement.php","10/3/2025 3:18:00 AM","653"
"C:\Users\Shadow\Web-PDFTimeSaver\vendor\phar-io\manifest\src\xml\ComponentElement.php","10/3/2025 3:18:00 AM","667"
"C:\Users\Shadow\Web-PDFTimeSaver\vendor\phar-io\manifest\src\xml\ComponentElementCollection.php","10/3/2025 3:18:00 AM","623"
"C:\Users\Shadow\Web-PDFTimeSaver\vendor\phar-io\manifest\src\xml\ContainsElement.php","10/3/2025 3:18:00 AM","936"
"C:\Users\Shadow\Web-PDFTimeSaver\vendor\phar-io\manifest\src\xml\CopyrightElement.php","10/3/2025 3:18:00 AM","805"
"C:\Users\Shadow\Web-PDFTimeSaver\vendor\phar-io\manifest\src\xml\ElementCollection.php","10/3/2025 3:18:00 AM","1807"
"C:\Users\Shadow\Web-PDFTimeSaver\vendor\phar-io\manifest\src\xml\ExtElement.php","10/3/2025 3:18:00 AM","555"
"C:\Users\Shadow\Web-PDFTimeSaver\vendor\phar-io\manifest\src\xml\ExtElementCollection.php","10/3/2025 3:18:00 AM","605"
"C:\Users\Shadow\Web-PDFTimeSaver\vendor\phar-io\manifest\src\xml\ExtensionElement.php","10/3/2025 3:18:00 AM","671"
"C:\Users\Shadow\Web-PDFTimeSaver\vendor\phar-io\manifest\src\xml\LicenseElement.php","10/3/2025 3:18:00 AM","657"
"C:\Users\Shadow\Web-PDFTimeSaver\vendor\phar-io\manifest\src\xml\ManifestDocument.php","10/3/2025 3:18:00 AM","3455"
"C:\Users\Shadow\Web-PDFTimeSaver\vendor\phar-io\manifest\src\xml\ManifestElement.php","10/3/2025 3:18:00 AM","2230"
"C:\Users\Shadow\Web-PDFTimeSaver\vendor\phar-io\manifest\src\xml\PhpElement.php","10/3/2025 3:18:00 AM","826"
"C:\Users\Shadow\Web-PDFTimeSaver\vendor\phar-io\manifest\src\xml\RequiresElement.php","10/3/2025 3:18:00 AM","606"
"C:\Users\Shadow\Web-PDFTimeSaver\vendor\phar-io\manifest\tests\ManifestDocumentMapperTest.php","10/3/2025 3:18:00 AM","4656"
"C:\Users\Shadow\Web-PDFTimeSaver\vendor\phar-io\manifest\tests\ManifestLoaderTest.php","10/3/2025 3:18:00 AM","3338"
"C:\Users\Shadow\Web-PDFTimeSaver\vendor\phar-io\manifest\tests\ManifestSerializerTest.php","10/3/2025 3:18:00 AM","4527"
"C:\Users\Shadow\Web-PDFTimeSaver\vendor\phar-io\manifest\tests\_fixture\custom.xml","10/3/2025 3:18:00 AM","324"
"C:\Users\Shadow\Web-PDFTimeSaver\vendor\phar-io\manifest\tests\_fixture\extension-invalidcompatible.xml","10/3/2025 3:18:00 AM","572"
"C:\Users\Shadow\Web-PDFTimeSaver\vendor\phar-io\manifest\tests\_fixture\extension.xml","10/3/2025 3:18:00 AM","569"
"C:\Users\Shadow\Web-PDFTimeSaver\vendor\phar-io\manifest\tests\_fixture\invalidversion.xml","10/3/2025 3:18:00 AM","401"
"C:\Users\Shadow\Web-PDFTimeSaver\vendor\phar-io\manifest\tests\_fixture\invalidversionconstraint.xml","10/3/2025 3:18:00 AM","407"
"C:\Users\Shadow\Web-PDFTimeSaver\vendor\phar-io\manifest\tests\_fixture\library.xml","10/3/2025 3:18:00 AM","403"
"C:\Users\Shadow\Web-PDFTimeSaver\vendor\phar-io\manifest\tests\_fixture\manifest.xml","10/3/2025 3:18:00 AM","403"
"C:\Users\Shadow\Web-PDFTimeSaver\vendor\phar-io\manifest\tests\_fixture\noemailauthor.xml","10/3/2025 3:18:00 AM","379"
"C:\Users\Shadow\Web-PDFTimeSaver\vendor\phar-io\manifest\tests\_fixture\test.phar","10/3/2025 3:18:00 AM","7165"
"C:\Users\Shadow\Web-PDFTimeSaver\vendor\phar-io\manifest\tests\_fixture\phpunit-5.6.5.xml","10/3/2025 3:18:00 AM","2507"
"C:\Users\Shadow\Web-PDFTimeSaver\vendor\phar-io\manifest\tests\exceptions\ManifestDocumentLoadingExceptionTest.php","10/3/2025 3:18:00 AM","1044"
"C:\Users\Shadow\Web-PDFTimeSaver\vendor\phar-io\manifest\tests\values\ApplicationNameTest.php","10/3/2025 3:18:00 AM","1621"
"C:\Users\Shadow\Web-PDFTimeSaver\vendor\phar-io\manifest\tests\values\ApplicationTest.php","10/3/2025 3:18:00 AM","1183"
"C:\Users\Shadow\Web-PDFTimeSaver\vendor\phar-io\manifest\tests\values\AuthorCollectionTest.php","10/3/2025 3:18:00 AM","1774"
"C:\Users\Shadow\Web-PDFTimeSaver\vendor\phar-io\manifest\tests\values\AuthorTest.php","10/3/2025 3:18:00 AM","2003"
"C:\Users\Shadow\Web-PDFTimeSaver\vendor\phar-io\manifest\tests\values\BundledComponentCollectionTest.php","10/3/2025 3:18:00 AM","1860"
"C:\Users\Shadow\Web-PDFTimeSaver\vendor\phar-io\manifest\tests\values\BundledComponentTest.php","10/3/2025 3:18:00 AM","1303"
"C:\Users\Shadow\Web-PDFTimeSaver\vendor\phar-io\manifest\tests\values\EmailTest.php","10/3/2025 3:18:00 AM","1082"
"C:\Users\Shadow\Web-PDFTimeSaver\vendor\phar-io\manifest\tests\values\CopyrightInformationTest.php","10/3/2025 3:18:00 AM","1860"
"C:\Users\Shadow\Web-PDFTimeSaver\vendor\phar-io\manifest\tests\values\ExtensionTest.php","10/3/2025 3:18:00 AM","3524"
"C:\Users\Shadow\Web-PDFTimeSaver\vendor\phar-io\manifest\tests\values\LibraryTest.php","10/3/2025 3:18:00 AM","1163"
"C:\Users\Shadow\Web-PDFTimeSaver\vendor\phar-io\manifest\tests\values\LicenseTest.php","10/3/2025 3:18:00 AM","1289"
"C:\Users\Shadow\Web-PDFTimeSaver\vendor\phar-io\manifest\tests\values\ManifestTest.php","10/3/2025 3:18:00 AM","5800"
"C:\Users\Shadow\Web-PDFTimeSaver\vendor\phar-io\manifest\tests\values\PhpExtensionRequirementTest.php","10/3/2025 3:18:00 AM","875"
"C:\Users\Shadow\Web-PDFTimeSaver\vendor\phar-io\manifest\tests\values\PhpVersionRequirementTest.php","10/3/2025 3:18:00 AM","1173"
"C:\Users\Shadow\Web-PDFTimeSaver\vendor\phar-io\manifest\tests\values\RequirementCollectionTest.php","10/3/2025 3:18:00 AM","1866"
"C:\Users\Shadow\Web-PDFTimeSaver\vendor\phar-io\manifest\tests\values\UrlTest.php","10/3/2025 3:18:00 AM","1060"
"C:\Users\Shadow\Web-PDFTimeSaver\vendor\phar-io\manifest\tests\xml\AuthorElementCollectionTest.php","10/3/2025 3:18:00 AM","982"
"C:\Users\Shadow\Web-PDFTimeSaver\vendor\phar-io\manifest\tests\xml\AuthorElementTest.php","10/3/2025 3:18:00 AM","1589"
"C:\Users\Shadow\Web-PDFTimeSaver\vendor\phar-io\manifest\tests\xml\BundlesElementTest.php","10/3/2025 3:18:00 AM","1584"
"C:\Users\Shadow\Web-PDFTimeSaver\vendor\phar-io\manifest\tests\xml\ComponentElementCollectionTest.php","10/3/2025 3:18:00 AM","957"
"C:\Users\Shadow\Web-PDFTimeSaver\vendor\phar-io\manifest\tests\xml\ContainsElementTest.php","10/3/2025 3:18:00 AM","2487"
"C:\Users\Shadow\Web-PDFTimeSaver\vendor\phar-io\manifest\tests\xml\ComponentElementTest.php","10/3/2025 3:18:00 AM","1130"
"C:\Users\Shadow\Web-PDFTimeSaver\vendor\phar-io\manifest\tests\xml\CopyrightElementTest.php","10/3/2025 3:18:00 AM","2078"
"C:\Users\Shadow\Web-PDFTimeSaver\vendor\phar-io\manifest\tests\xml\ElementCollectionTest.php","10/3/2025 3:18:00 AM","909"
"C:\Users\Shadow\Web-PDFTimeSaver\vendor\phar-io\manifest\tests\xml\ExtElementCollectionTest.php","10/3/2025 3:18:00 AM","982"
"C:\Users\Shadow\Web-PDFTimeSaver\vendor\phar-io\manifest\tests\xml\ExtElementTest.php","10/3/2025 3:18:00 AM","917"
"C:\Users\Shadow\Web-PDFTimeSaver\vendor\phar-io\manifest\tests\xml\ExtensionElementTest.php","10/3/2025 3:18:00 AM","1154"
"C:\Users\Shadow\Web-PDFTimeSaver\vendor\phar-io\manifest\tests\xml\LicenseElementTest.php","10/3/2025 3:18:00 AM","1126"
"C:\Users\Shadow\Web-PDFTimeSaver\vendor\phar-io\manifest\tests\xml\ManifestDocumentTest.php","10/3/2025 3:18:00 AM","4516"
"C:\Users\Shadow\Web-PDFTimeSaver\vendor\phar-io\manifest\tests\xml\PhpElementTest.php","10/3/2025 3:18:00 AM","1779"
"C:\Users\Shadow\Web-PDFTimeSaver\vendor\phar-io\manifest\tests\xml\RequiresElementTest.php","10/3/2025 3:18:00 AM","1425"
"C:\Users\Shadow\Web-PDFTimeSaver\vendor\phar-io\manifest\tools\php-cs-fixer.d\PhpdocSingleLineVarFixer.php","10/3/2025 3:18:00 AM","2134"
"C:\Users\Shadow\Web-PDFTimeSaver\vendor\phar-io\manifest\tools\php-cs-fixer.d\header.txt","10/3/2025 3:18:00 AM","317"
"C:\Users\Shadow\Web-PDFTimeSaver\vendor\myclabs\deep-copy\.gitattributes","10/3/2025 3:18:02 AM","327"
"C:\Users\Shadow\Web-PDFTimeSaver\vendor\myclabs\deep-copy\.github\FUNDING.yml","10/3/2025 3:18:02 AM","677"
"C:\Users\Shadow\Web-PDFTimeSaver\vendor\myclabs\deep-copy\.github\workflows\ci.yaml","10/3/2025 3:18:02 AM","2995"
"C:\Users\Shadow\Web-PDFTimeSaver\vendor\myclabs\deep-copy\.gitignore","10/3/2025 3:18:02 AM","66"
"C:\Users\Shadow\Web-PDFTimeSaver\vendor\myclabs\deep-copy\.scrutinizer.yml","10/3/2025 3:18:02 AM","90"
"C:\Users\Shadow\Web-PDFTimeSaver\vendor\myclabs\deep-copy\LICENSE","10/3/2025 3:18:02 AM","1097"
"C:\Users\Shadow\Web-PDFTimeSaver\vendor\myclabs\deep-copy\README.md","10/3/2025 3:18:02 AM","11173"
"C:\Users\Shadow\Web-PDFTimeSaver\vendor\myclabs\deep-copy\composer.json","10/3/2025 3:18:02 AM","1065"
"C:\Users\Shadow\Web-PDFTimeSaver\vendor\myclabs\deep-copy\doc\clone.png","10/3/2025 3:18:02 AM","12380"
"C:\Users\Shadow\Web-PDFTimeSaver\vendor\myclabs\deep-copy\doc\deep-clone.png","10/3/2025 3:18:02 AM","14009"
"C:\Users\Shadow\Web-PDFTimeSaver\vendor\myclabs\deep-copy\doc\deep-copy.png","10/3/2025 3:18:02 AM","10895"
"C:\Users\Shadow\Web-PDFTimeSaver\vendor\myclabs\deep-copy\doc\graph.png","10/3/2025 3:18:02 AM","6436"
"C:\Users\Shadow\Web-PDFTimeSaver\vendor\myclabs\deep-copy\fixtures\f001\A.php","10/3/2025 3:18:02 AM","285"
"C:\Users\Shadow\Web-PDFTimeSaver\vendor\myclabs\deep-copy\fixtures\f001\B.php","10/3/2025 3:18:02 AM","295"
"C:\Users\Shadow\Web-PDFTimeSaver\vendor\myclabs\deep-copy\fixtures\f002\A.php","10/3/2025 3:18:02 AM","493"
"C:\Users\Shadow\Web-PDFTimeSaver\vendor\myclabs\deep-copy\fixtures\f003\Foo.php","10/3/2025 3:18:02 AM","388"
"C:\Users\Shadow\Web-PDFTimeSaver\vendor\myclabs\deep-copy\fixtures\f004\UnclonableItem.php","10/3/2025 3:18:02 AM","231"
"C:\Users\Shadow\Web-PDFTimeSaver\vendor\myclabs\deep-copy\fixtures\f005\Foo.php","10/3/2025 3:18:02 AM","186"
"C:\Users\Shadow\Web-PDFTimeSaver\vendor\myclabs\deep-copy\fixtures\f006\A.php","10/3/2025 3:18:02 AM","392"
"C:\Users\Shadow\Web-PDFTimeSaver\vendor\myclabs\deep-copy\fixtures\f006\B.php","10/3/2025 3:18:02 AM","392"
"C:\Users\Shadow\Web-PDFTimeSaver\vendor\myclabs\deep-copy\fixtures\f007\FooDateInterval.php","10/3/2025 3:18:02 AM","240"
"C:\Users\Shadow\Web-PDFTimeSaver\vendor\myclabs\deep-copy\fixtures\f007\FooDateTimeZone.php","10/3/2025 3:18:02 AM","240"
"C:\Users\Shadow\Web-PDFTimeSaver\vendor\myclabs\deep-copy\fixtures\f008\A.php","10/3/2025 3:18:02 AM","253"
"C:\Users\Shadow\Web-PDFTimeSaver\vendor\myclabs\deep-copy\fixtures\f008\B.php","10/3/2025 3:18:02 AM","87"
"C:\Users\Shadow\Web-PDFTimeSaver\vendor\myclabs\deep-copy\fixtures\f009\TypedObjectProperty.php","10/3/2025 3:18:02 AM","127"
"C:\Users\Shadow\Web-PDFTimeSaver\vendor\myclabs\deep-copy\fixtures\f009\TypedProperty.php","10/3/2025 3:18:02 AM","111"
"C:\Users\Shadow\Web-PDFTimeSaver\vendor\myclabs\deep-copy\fixtures\f011\ArrayObjectExtended.php","10/3/2025 3:18:02 AM","260"
"C:\Users\Shadow\Web-PDFTimeSaver\vendor\myclabs\deep-copy\fixtures\f012\Suit.php","10/3/2025 3:18:02 AM","205"
"C:\Users\Shadow\Web-PDFTimeSaver\vendor\myclabs\deep-copy\fixtures\f013\A.php","10/3/2025 3:18:02 AM","389"
"C:\Users\Shadow\Web-PDFTimeSaver\vendor\myclabs\deep-copy\fixtures\f013\B.php","10/3/2025 3:18:02 AM","538"
"C:\Users\Shadow\Web-PDFTimeSaver\vendor\myclabs\deep-copy\fixtures\f013\C.php","10/3/2025 3:18:02 AM","149"
"C:\Users\Shadow\Web-PDFTimeSaver\vendor\myclabs\deep-copy\fixtures\f014\ReadonlyObjectProperty.php","10/3/2025 3:18:02 AM","249"
"C:\Users\Shadow\Web-PDFTimeSaver\vendor\myclabs\deep-copy\fixtures\f014\ReadonlyScalarProperty.php","10/3/2025 3:18:02 AM","325"
"C:\Users\Shadow\Web-PDFTimeSaver\vendor\myclabs\deep-copy\phpunit.xml.dist","10/3/2025 3:18:02 AM","612"
"C:\Users\Shadow\Web-PDFTimeSaver\vendor\myclabs\deep-copy\src\DeepCopy\DeepCopy.php","10/3/2025 3:18:02 AM","9107"
"C:\Users\Shadow\Web-PDFTimeSaver\vendor\myclabs\deep-copy\src\DeepCopy\Exception\CloneException.php","10/3/2025 3:18:02 AM","135"
"C:\Users\Shadow\Web-PDFTimeSaver\vendor\myclabs\deep-copy\src\DeepCopy\Exception\PropertyException.php","10/3/2025 3:18:02 AM","129"
"C:\Users\Shadow\Web-PDFTimeSaver\vendor\myclabs\deep-copy\src\DeepCopy\Filter\ChainableFilter.php","10/3/2025 3:18:02 AM","473"
"C:\Users\Shadow\Web-PDFTimeSaver\vendor\myclabs\deep-copy\src\DeepCopy\Filter\Doctrine\DoctrineCollectionFilter.php","10/3/2025 3:18:02 AM","875"
"C:\Users\Shadow\Web-PDFTimeSaver\vendor\myclabs\deep-copy\src\DeepCopy\Filter\Doctrine\DoctrineEmptyCollectionFilter.php","10/3/2025 3:18:02 AM","786"
"C:\Users\Shadow\Web-PDFTimeSaver\vendor\myclabs\deep-copy\src\DeepCopy\Filter\Doctrine\DoctrineProxyFilter.php","10/3/2025 3:18:02 AM","425"
"C:\Users\Shadow\Web-PDFTimeSaver\vendor\myclabs\deep-copy\src\DeepCopy\Filter\Filter.php","10/3/2025 3:18:02 AM","366"
"C:\Users\Shadow\Web-PDFTimeSaver\vendor\myclabs\deep-copy\src\DeepCopy\Filter\KeepFilter.php","10/3/2025 3:18:02 AM","279"
"C:\Users\Shadow\Web-PDFTimeSaver\vendor\myclabs\deep-copy\src\DeepCopy\Filter\ReplaceFilter.php","10/3/2025 3:18:02 AM","1005"
"C:\Users\Shadow\Web-PDFTimeSaver\vendor\myclabs\deep-copy\src\DeepCopy\Filter\SetNullFilter.php","10/3/2025 3:18:02 AM","560"
"C:\Users\Shadow\Web-PDFTimeSaver\vendor\myclabs\deep-copy\src\DeepCopy\Matcher\Doctrine\DoctrineProxyMatcher.php","10/3/2025 3:18:02 AM","382"
"C:\Users\Shadow\Web-PDFTimeSaver\vendor\myclabs\deep-copy\src\DeepCopy\Matcher\Matcher.php","10/3/2025 3:18:02 AM","227"
"C:\Users\Shadow\Web-PDFTimeSaver\vendor\myclabs\deep-copy\src\DeepCopy\Matcher\PropertyMatcher.php","10/3/2025 3:18:02 AM","730"
"C:\Users\Shadow\Web-PDFTimeSaver\vendor\myclabs\deep-copy\src\DeepCopy\Matcher\PropertyNameMatcher.php","10/3/2025 3:18:02 AM","536"
"C:\Users\Shadow\Web-PDFTimeSaver\vendor\myclabs\deep-copy\src\DeepCopy\Matcher\PropertyTypeMatcher.php","10/3/2025 3:18:02 AM","1422"
"C:\Users\Shadow\Web-PDFTimeSaver\vendor\myclabs\deep-copy\src\DeepCopy\Reflection\ReflectionHelper.php","10/3/2025 3:18:02 AM","2252"
"C:\Users\Shadow\Web-PDFTimeSaver\vendor\myclabs\deep-copy\src\DeepCopy\TypeFilter\Date\DateIntervalFilter.php","10/3/2025 3:18:02 AM","672"
"C:\Users\Shadow\Web-PDFTimeSaver\vendor\myclabs\deep-copy\src\DeepCopy\TypeFilter\Date\DatePeriodFilter.php","10/3/2025 3:18:02 AM","1140"
"C:\Users\Shadow\Web-PDFTimeSaver\vendor\myclabs\deep-copy\src\DeepCopy\TypeFilter\ReplaceFilter.php","10/3/2025 3:18:02 AM","554"
"C:\Users\Shadow\Web-PDFTimeSaver\vendor\myclabs\deep-copy\src\DeepCopy\TypeFilter\ShallowCopyFilter.php","10/3/2025 3:18:02 AM","240"
"C:\Users\Shadow\Web-PDFTimeSaver\vendor\myclabs\deep-copy\src\DeepCopy\TypeFilter\Spl\ArrayObjectFilter.php","10/3/2025 3:18:02 AM","756"
"C:\Users\Shadow\Web-PDFTimeSaver\vendor\myclabs\deep-copy\src\DeepCopy\TypeFilter\Spl\SplDoublyLinkedList.php","10/3/2025 3:18:02 AM","186"
"C:\Users\Shadow\Web-PDFTimeSaver\vendor\myclabs\deep-copy\src\DeepCopy\TypeFilter\Spl\SplDoublyLinkedListFilter.php","10/3/2025 3:18:02 AM","1091"
"C:\Users\Shadow\Web-PDFTimeSaver\vendor\myclabs\deep-copy\src\DeepCopy\TypeFilter\TypeFilter.php","10/3/2025 3:18:02 AM","207"
"C:\Users\Shadow\Web-PDFTimeSaver\vendor\myclabs\deep-copy\src\DeepCopy\TypeMatcher\TypeMatcher.php","10/3/2025 3:18:02 AM","497"
"C:\Users\Shadow\Web-PDFTimeSaver\vendor\myclabs\deep-copy\src\DeepCopy\deep_copy.php","10/3/2025 3:18:02 AM","416"
"C:\Users\Shadow\Web-PDFTimeSaver\vendor\myclabs\deep-copy\tests\DeepCopyTest\DeepCopyTest.php","10/3/2025 3:18:02 AM","16527"
"C:\Users\Shadow\Web-PDFTimeSaver\vendor\myclabs\deep-copy\tests\DeepCopyTest\Filter\Doctrine\DoctrineCollectionFilterTest.php","10/3/2025 3:18:02 AM","1193"
"C:\Users\Shadow\Web-PDFTimeSaver\vendor\myclabs\deep-copy\tests\DeepCopyTest\Filter\Doctrine\DoctrineEmptyCollectionFilterTest.php","10/3/2025 3:18:02 AM","1087"
"C:\Users\Shadow\Web-PDFTimeSaver\vendor\myclabs\deep-copy\tests\DeepCopyTest\Filter\KeepFilterTest.php","10/3/2025 3:18:02 AM","592"
"C:\Users\Shadow\Web-PDFTimeSaver\vendor\myclabs\deep-copy\tests\DeepCopyTest\Filter\Doctrine\DoctrineProxyFilterTest.php","10/3/2025 3:18:02 AM","845"
"C:\Users\Shadow\Web-PDFTimeSaver\vendor\myclabs\deep-copy\tests\DeepCopyTest\Filter\ReplaceFilterTest.php","10/3/2025 3:18:02 AM","1123"
"C:\Users\Shadow\Web-PDFTimeSaver\vendor\myclabs\deep-copy\tests\DeepCopyTest\Filter\SetNullFilterTest.php","10/3/2025 3:18:02 AM","613"
"C:\Users\Shadow\Web-PDFTimeSaver\vendor\myclabs\deep-copy\tests\DeepCopyTest\Matcher\Doctrine\DoctrineProxyMatcherTest.php","10/3/2025 3:18:02 AM","1145"
"C:\Users\Shadow\Web-PDFTimeSaver\vendor\myclabs\deep-copy\tests\DeepCopyTest\Matcher\PropertyNameMatcherTest.php","10/3/2025 3:18:02 AM","761"
"C:\Users\Shadow\Web-PDFTimeSaver\vendor\myclabs\deep-copy\tests\DeepCopyTest\Matcher\PropertyMatcherTest.php","10/3/2025 3:18:02 AM","1018"
"C:\Users\Shadow\Web-PDFTimeSaver\vendor\myclabs\deep-copy\tests\DeepCopyTest\Matcher\PropertyTypeMatcherTest.php","10/3/2025 3:18:02 AM","2004"
"C:\Users\Shadow\Web-PDFTimeSaver\vendor\myclabs\deep-copy\tests\DeepCopyTest\Reflection\ReflectionHelperTest.php","10/3/2025 3:18:02 AM","2313"
"C:\Users\Shadow\Web-PDFTimeSaver\vendor\myclabs\deep-copy\tests\DeepCopyTest\TypeFilter\Date\DateIntervalFilterTest.php","10/3/2025 3:18:02 AM","604"
"C:\Users\Shadow\Web-PDFTimeSaver\vendor\myclabs\deep-copy\tests\DeepCopyTest\TypeFilter\Date\DatePeriodFilterTest.php","10/3/2025 3:18:02 AM","1903"
"C:\Users\Shadow\Web-PDFTimeSaver\vendor\myclabs\deep-copy\tests\DeepCopyTest\TypeFilter\ReplaceFilterTest.php","10/3/2025 3:18:02 AM","748"
"C:\Users\Shadow\Web-PDFTimeSaver\vendor\myclabs\deep-copy\tests\DeepCopyTest\TypeFilter\ShallowCopyFilterTest.php","10/3/2025 3:18:02 AM","639"
"C:\Users\Shadow\Web-PDFTimeSaver\vendor\myclabs\deep-copy\tests\DeepCopyTest\TypeFilter\Spl\ArrayObjectFilterTest.php","10/3/2025 3:18:02 AM","1506"
"C:\Users\Shadow\Web-PDFTimeSaver\vendor\myclabs\deep-copy\tests\DeepCopyTest\TypeFilter\Spl\SplDoublyLinkedListFilterTest.php","10/3/2025 3:18:02 AM","933"
"C:\Users\Shadow\Web-PDFTimeSaver\vendor\myclabs\deep-copy\tests\DeepCopyTest\TypeMatcher\TypeMatcherTest.php","10/3/2025 3:18:02 AM","1210"
"C:\Users\Shadow\Web-PDFTimeSaver\vendor\doctrine\instantiator\.doctrine-project.json","10/3/2025 3:18:04 AM","1088"
"C:\Users\Shadow\Web-PDFTimeSaver\vendor\doctrine\instantiator\.gitattributes","10/3/2025 3:18:04 AM","330"
"C:\Users\Shadow\Web-PDFTimeSaver\vendor\doctrine\instantiator\.github\FUNDING.yml","10/3/2025 3:18:04 AM","126"
"C:\Users\Shadow\Web-PDFTimeSaver\vendor\doctrine\instantiator\.github\workflows\coding-standards.yml","10/3/2025 3:18:04 AM","303"
"C:\Users\Shadow\Web-PDFTimeSaver\vendor\doctrine\instantiator\.github\workflows\continuous-integration.yml","10/3/2025 3:18:04 AM","335"
"C:\Users\Shadow\Web-PDFTimeSaver\vendor\doctrine\instantiator\.github\workflows\phpbench.yml","10/3/2025 3:18:04 AM","1221"
"C:\Users\Shadow\Web-PDFTimeSaver\vendor\doctrine\instantiator\.github\workflows\release-on-milestone-closed.yml","10/3/2025 3:18:04 AM","497"
"C:\Users\Shadow\Web-PDFTimeSaver\vendor\doctrine\instantiator\.github\workflows\static-analysis.yml","10/3/2025 3:18:04 AM","299"
"C:\Users\Shadow\Web-PDFTimeSaver\vendor\doctrine\instantiator\.gitignore","10/3/2025 3:18:04 AM","127"
"C:\Users\Shadow\Web-PDFTimeSaver\vendor\doctrine\instantiator\CONTRIBUTING.md","10/3/2025 3:18:04 AM","1067"
"C:\Users\Shadow\Web-PDFTimeSaver\vendor\doctrine\instantiator\README.md","10/3/2025 3:18:04 AM","1617"
"C:\Users\Shadow\Web-PDFTimeSaver\vendor\doctrine\instantiator\LICENSE","10/3/2025 3:18:04 AM","1079"
"C:\Users\Shadow\Web-PDFTimeSaver\vendor\doctrine\instantiator\composer.json","10/3/2025 3:18:04 AM","1565"
"C:\Users\Shadow\Web-PDFTimeSaver\vendor\doctrine\instantiator\docs\en\index.rst","10/3/2025 3:18:04 AM","1827"
"C:\Users\Shadow\Web-PDFTimeSaver\vendor\doctrine\instantiator\docs\en\sidebar.rst","10/3/2025 3:18:04 AM","42"
"C:\Users\Shadow\Web-PDFTimeSaver\vendor\doctrine\instantiator\phpbench.json","10/3/2025 3:18:04 AM","119"
"C:\Users\Shadow\Web-PDFTimeSaver\vendor\doctrine\instantiator\phpcs.xml.dist","10/3/2025 3:18:04 AM","1393"
"C:\Users\Shadow\Web-PDFTimeSaver\vendor\doctrine\instantiator\phpmd.xml.dist","10/3/2025 3:18:04 AM","1112"
"C:\Users\Shadow\Web-PDFTimeSaver\vendor\doctrine\instantiator\phpstan.neon.dist","10/3/2025 3:18:04 AM","774"
"C:\Users\Shadow\Web-PDFTimeSaver\vendor\doctrine\instantiator\phpunit.xml.dist","10/3/2025 3:18:04 AM","879"
"C:\Users\Shadow\Web-PDFTimeSaver\vendor\doctrine\instantiator\psalm.xml","10/3/2025 3:18:04 AM","481"
"C:\Users\Shadow\Web-PDFTimeSaver\vendor\doctrine\instantiator\src\Doctrine\Instantiator\Exception\ExceptionInterface.php","10/3/2025 3:18:04 AM","232"
"C:\Users\Shadow\Web-PDFTimeSaver\vendor\doctrine\instantiator\src\Doctrine\Instantiator\Exception\InvalidArgumentException.php","10/3/2025 3:18:04 AM","1576"
"C:\Users\Shadow\Web-PDFTimeSaver\vendor\doctrine\instantiator\src\Doctrine\Instantiator\Exception\UnexpectedValueException.php","10/3/2025 3:18:04 AM","1716"
"C:\Users\Shadow\Web-PDFTimeSaver\vendor\doctrine\instantiator\src\Doctrine\Instantiator\Instantiator.php","10/3/2025 3:18:04 AM","7642"
"C:\Users\Shadow\Web-PDFTimeSaver\vendor\doctrine\instantiator\src\Doctrine\Instantiator\InstantiatorInterface.php","10/3/2025 3:18:04 AM","520"
"C:\Users\Shadow\Web-PDFTimeSaver\vendor\doctrine\instantiator\tests\DoctrineTest\InstantiatorPerformance\InstantiatorPerformanceBench.php","10/3/2025 3:18:04 AM","1959"
"C:\Users\Shadow\Web-PDFTimeSaver\vendor\doctrine\instantiator\tests\DoctrineTest\InstantiatorTest\Exception\InvalidArgumentExceptionTest.php","10/3/2025 3:18:04 AM","2297"
"C:\Users\Shadow\Web-PDFTimeSaver\vendor\doctrine\instantiator\tests\DoctrineTest\InstantiatorTest\InstantiatorTest.php","10/3/2025 3:18:04 AM","5226"
"C:\Users\Shadow\Web-PDFTimeSaver\vendor\doctrine\instantiator\tests\DoctrineTest\InstantiatorTest\Exception\UnexpectedValueExceptionTest.php","10/3/2025 3:18:04 AM","1931"
"C:\Users\Shadow\Web-PDFTimeSaver\vendor\doctrine\instantiator\tests\DoctrineTest\InstantiatorTestAsset\AbstractClassAsset.php","10/3/2025 3:18:04 AM","178"
"C:\Users\Shadow\Web-PDFTimeSaver\vendor\doctrine\instantiator\tests\DoctrineTest\InstantiatorTestAsset\ArrayObjectAsset.php","10/3/2025 3:18:04 AM","547"
"C:\Users\Shadow\Web-PDFTimeSaver\vendor\doctrine\instantiator\tests\DoctrineTest\InstantiatorTestAsset\FinalExceptionAsset.php","10/3/2025 3:18:04 AM","489"
"C:\Users\Shadow\Web-PDFTimeSaver\vendor\doctrine\instantiator\tests\DoctrineTest\InstantiatorTestAsset\ExceptionAsset.php","10/3/2025 3:18:04 AM","478"
"C:\Users\Shadow\Web-PDFTimeSaver\vendor\doctrine\instantiator\tests\DoctrineTest\InstantiatorTestAsset\PharAsset.php","10/3/2025 3:18:04 AM","454"
"C:\Users\Shadow\Web-PDFTimeSaver\vendor\doctrine\instantiator\tests\DoctrineTest\InstantiatorTestAsset\PharExceptionAsset.php","10/3/2025 3:18:04 AM","616"
"C:\Users\Shadow\Web-PDFTimeSaver\vendor\doctrine\instantiator\tests\DoctrineTest\InstantiatorTestAsset\SerializableArrayObjectAsset.php","10/3/2025 3:18:04 AM","1057"
"C:\Users\Shadow\Web-PDFTimeSaver\vendor\doctrine\instantiator\tests\DoctrineTest\InstantiatorTestAsset\SimpleEnumAsset.php","10/3/2025 3:18:04 AM","144"
"C:\Users\Shadow\Web-PDFTimeSaver\vendor\doctrine\instantiator\tests\DoctrineTest\InstantiatorTestAsset\SerializableFinalInternalChildAsset.php","10/3/2025 3:18:04 AM","265"
"C:\Users\Shadow\Web-PDFTimeSaver\vendor\doctrine\instantiator\tests\DoctrineTest\InstantiatorTestAsset\SimpleSerializableAsset.php","10/3/2025 3:18:04 AM","1101"
"C:\Users\Shadow\Web-PDFTimeSaver\vendor\doctrine\instantiator\tests\DoctrineTest\InstantiatorTestAsset\SimpleTraitAsset.php","10/3/2025 3:18:04 AM","168"
"C:\Users\Shadow\Web-PDFTimeSaver\vendor\doctrine\instantiator\tests\DoctrineTest\InstantiatorTestAsset\UnCloneableAsset.php","10/3/2025 3:18:04 AM","648"
"C:\Users\Shadow\Web-PDFTimeSaver\vendor\doctrine\instantiator\tests\DoctrineTest\InstantiatorTestAsset\UnserializeExceptionArrayObjectAsset.php","10/3/2025 3:18:04 AM","459"
"C:\Users\Shadow\Web-PDFTimeSaver\vendor\doctrine\instantiator\tests\DoctrineTest\InstantiatorTestAsset\WakeUpNoticesAsset.php","10/3/2025 3:18:04 AM","519"
"C:\Users\Shadow\Web-PDFTimeSaver\vendor\doctrine\instantiator\tests\DoctrineTest\InstantiatorTestAsset\XMLReaderAsset.php","10/3/2025 3:18:04 AM","469"
"C:\Users\Shadow\Web-PDFTimeSaver\vendor\phpunit\phpunit\.editorconfig","10/3/2025 3:18:13 AM","265"
"C:\Users\Shadow\Web-PDFTimeSaver\vendor\phpunit\phpunit\.gitattributes","10/3/2025 3:18:13 AM","557"
"C:\Users\Shadow\Web-PDFTimeSaver\vendor\phpunit\phpunit\.github\CODE_OF_CONDUCT.md","10/3/2025 3:18:13 AM","2422"
"C:\Users\Shadow\Web-PDFTimeSaver\vendor\phpunit\phpunit\.github\CONTRIBUTING.md","10/3/2025 3:18:13 AM","6662"
"C:\Users\Shadow\Web-PDFTimeSaver\vendor\phpunit\phpunit\.github\FUNDING.yml","10/3/2025 3:18:13 AM","108"
"C:\Users\Shadow\Web-PDFTimeSaver\vendor\phpunit\phpunit\.github\ISSUE_TEMPLATE\1_BUG.md","10/3/2025 3:18:13 AM","1896"
"C:\Users\Shadow\Web-PDFTimeSaver\vendor\phpunit\phpunit\.github\ISSUE_TEMPLATE\2_COMPATIBILITY.md","10/3/2025 3:18:13 AM","1705"
"C:\Users\Shadow\Web-PDFTimeSaver\vendor\phpunit\phpunit\.github\ISSUE_TEMPLATE\3_FEATURE_REQUEST.md","10/3/2025 3:18:13 AM","201"
"C:\Users\Shadow\Web-PDFTimeSaver\vendor\phpunit\phpunit\.github\PULL_REQUEST_TEMPLATE\FAILING_TEST.md","10/3/2025 3:18:13 AM","546"
"C:\Users\Shadow\Web-PDFTimeSaver\vendor\phpunit\phpunit\.github\PULL_REQUEST_TEMPLATE\FIX.md","10/3/2025 3:18:13 AM","517"
"C:\Users\Shadow\Web-PDFTimeSaver\vendor\phpunit\phpunit\.github\PULL_REQUEST_TEMPLATE\IMPROVEMENT.md","10/3/2025 3:18:13 AM","175"
"C:\Users\Shadow\Web-PDFTimeSaver\vendor\phpunit\phpunit\.github\PULL_REQUEST_TEMPLATE\NEW_FEATURE.md","10/3/2025 3:18:13 AM","201"
"C:\Users\Shadow\Web-PDFTimeSaver\vendor\phpunit\phpunit\.github\workflows\ci.yaml","10/3/2025 3:18:13 AM","15172"
"C:\Users\Shadow\Web-PDFTimeSaver\vendor\phpunit\phpunit\.github\workflows\release.yaml","10/3/2025 3:18:13 AM","1410"
"C:\Users\Shadow\Web-PDFTimeSaver\vendor\phpunit\phpunit\.gitignore","10/3/2025 3:18:13 AM","482"
"C:\Users\Shadow\Web-PDFTimeSaver\vendor\phpunit\phpunit\.phive\phars.xml","10/3/2025 3:18:13 AM","606"
"C:\Users\Shadow\Web-PDFTimeSaver\vendor\phpunit\phpunit\.php-cs-fixer.dist.php","10/3/2025 3:18:13 AM","13244"
"C:\Users\Shadow\Web-PDFTimeSaver\vendor\phpunit\phpunit\.psalm\baseline.xml","10/3/2025 3:18:13 AM","84658"
"C:\Users\Shadow\Web-PDFTimeSaver\vendor\phpunit\phpunit\.psalm\config.xml","10/3/2025 3:18:13 AM","657"
"C:\Users\Shadow\Web-PDFTimeSaver\vendor\phpunit\phpunit\.psalm\static-analysis.xml","10/3/2025 3:18:13 AM","562"
"C:\Users\Shadow\Web-PDFTimeSaver\vendor\phpunit\phpunit\ChangeLog-9.6.md","10/3/2025 3:18:13 AM","9920"
"C:\Users\Shadow\Web-PDFTimeSaver\vendor\phpunit\phpunit\DEPRECATIONS.md","10/3/2025 3:18:13 AM","11355"
"C:\Users\Shadow\Web-PDFTimeSaver\vendor\phpunit\phpunit\LICENSE","10/3/2025 3:18:13 AM","1560"
"C:\Users\Shadow\Web-PDFTimeSaver\vendor\phpunit\phpunit\README.md","10/3/2025 3:18:13 AM","1915"
"C:\Users\Shadow\Web-PDFTimeSaver\vendor\phpunit\phpunit\SECURITY.md","10/3/2025 3:18:13 AM","2330"
"C:\Users\Shadow\Web-PDFTimeSaver\vendor\phpunit\phpunit\build.xml","10/3/2025 3:18:13 AM","23175"
"C:\Users\Shadow\Web-PDFTimeSaver\vendor\phpunit\phpunit\build\config\php-scoper.php","10/3/2025 3:18:13 AM","458"
"C:\Users\Shadow\Web-PDFTimeSaver\vendor\phpunit\phpunit\build\scripts\extract-release-notes.php","10/3/2025 3:18:13 AM","1598"
"C:\Users\Shadow\Web-PDFTimeSaver\vendor\phpunit\phpunit\build\scripts\generate-global-assert-wrappers.php","10/3/2025 3:18:13 AM","7486"
"C:\Users\Shadow\Web-PDFTimeSaver\vendor\phpunit\phpunit\build\scripts\phar-manifest.php","10/3/2025 3:18:13 AM","4312"
"C:\Users\Shadow\Web-PDFTimeSaver\vendor\phpunit\phpunit\build\scripts\phar-set-timestamps\composer.json","10/3/2025 3:18:13 AM","128"
"C:\Users\Shadow\Web-PDFTimeSaver\vendor\phpunit\phpunit\build\scripts\phar-set-timestamps\composer.lock","10/3/2025 3:18:13 AM","2296"
"C:\Users\Shadow\Web-PDFTimeSaver\vendor\phpunit\phpunit\build\scripts\phar-set-timestamps\run.php","10/3/2025 3:18:13 AM","1374"
"C:\Users\Shadow\Web-PDFTimeSaver\vendor\phpunit\phpunit\build\scripts\phar-set-timestamps\vendor\autoload.php","10/3/2025 3:18:13 AM","796"
"C:\Users\Shadow\Web-PDFTimeSaver\vendor\phpunit\phpunit\build\scripts\phar-set-timestamps\vendor\composer\ClassLoader.php","10/3/2025 3:18:13 AM","16957"
"C:\Users\Shadow\Web-PDFTimeSaver\vendor\phpunit\phpunit\build\scripts\phar-set-timestamps\vendor\composer\InstalledVersions.php","10/3/2025 3:18:13 AM","16502"
"C:\Users\Shadow\Web-PDFTimeSaver\vendor\phpunit\phpunit\build\scripts\phar-set-timestamps\vendor\composer\LICENSE","10/3/2025 3:18:13 AM","1091"
"C:\Users\Shadow\Web-PDFTimeSaver\vendor\phpunit\phpunit\build\scripts\phar-set-timestamps\vendor\composer\autoload_classmap.php","10/3/2025 3:18:13 AM","404"
"C:\Users\Shadow\Web-PDFTimeSaver\vendor\phpunit\phpunit\build\scripts\phar-set-timestamps\vendor\composer\autoload_namespaces.php","10/3/2025 3:18:13 AM","148"
"C:\Users\Shadow\Web-PDFTimeSaver\vendor\phpunit\phpunit\build\scripts\phar-set-timestamps\vendor\composer\autoload_psr4.php","10/3/2025 3:18:13 AM","214"
"C:\Users\Shadow\Web-PDFTimeSaver\vendor\phpunit\phpunit\build\scripts\phar-set-timestamps\vendor\composer\autoload_real.php","10/3/2025 3:18:13 AM","1175"
"C:\Users\Shadow\Web-PDFTimeSaver\vendor\phpunit\phpunit\build\scripts\phar-set-timestamps\vendor\composer\autoload_static.php","10/3/2025 3:18:13 AM","1305"
"C:\Users\Shadow\Web-PDFTimeSaver\vendor\phpunit\phpunit\build\scripts\phar-set-timestamps\vendor\composer\installed.json","10/3/2025 3:18:13 AM","1922"
"C:\Users\Shadow\Web-PDFTimeSaver\vendor\phpunit\phpunit\build\scripts\phar-set-timestamps\vendor\composer\installed.php","10/3/2025 3:18:13 AM","1161"
"C:\Users\Shadow\Web-PDFTimeSaver\vendor\phpunit\phpunit\build\scripts\phar-set-timestamps\vendor\composer\platform_check.php","10/3/2025 3:18:13 AM","951"
"C:\Users\Shadow\Web-PDFTimeSaver\vendor\phpunit\phpunit\build\scripts\phar-set-timestamps\vendor\seld\phar-utils\.gitignore","10/3/2025 3:18:13 AM","8"
"C:\Users\Shadow\Web-PDFTimeSaver\vendor\phpunit\phpunit\build\scripts\phar-set-timestamps\vendor\seld\phar-utils\LICENSE","10/3/2025 3:18:13 AM","1077"
"C:\Users\Shadow\Web-PDFTimeSaver\vendor\phpunit\phpunit\build\scripts\phar-set-timestamps\vendor\seld\phar-utils\README.md","10/3/2025 3:18:13 AM","914"
"C:\Users\Shadow\Web-PDFTimeSaver\vendor\phpunit\phpunit\build\scripts\phar-set-timestamps\vendor\seld\phar-utils\composer.json","10/3/2025 3:18:13 AM","566"
"C:\Users\Shadow\Web-PDFTimeSaver\vendor\phpunit\phpunit\build\scripts\phar-set-timestamps\vendor\seld\phar-utils\composer.lock","10/3/2025 3:18:13 AM","578"
"C:\Users\Shadow\Web-PDFTimeSaver\vendor\phpunit\phpunit\build\scripts\phar-set-timestamps\vendor\seld\phar-utils\src\Linter.php","10/3/2025 3:18:13 AM","3678"
"C:\Users\Shadow\Web-PDFTimeSaver\vendor\phpunit\phpunit\build\scripts\phar-set-timestamps\vendor\seld\phar-utils\src\Timestamps.php","10/3/2025 3:18:13 AM","6065"
"C:\Users\Shadow\Web-PDFTimeSaver\vendor\phpunit\phpunit\build\scripts\phar-version.php","10/3/2025 3:18:13 AM","513"
"C:\Users\Shadow\Web-PDFTimeSaver\vendor\phpunit\phpunit\build\scripts\version.php","10/3/2025 3:18:13 AM","480"
"C:\Users\Shadow\Web-PDFTimeSaver\vendor\phpunit\phpunit\build\templates\binary-phar-autoload.php.in","10/3/2025 3:18:13 AM","3244"
"C:\Users\Shadow\Web-PDFTimeSaver\vendor\phpunit\phpunit\build\templates\library-phar-autoload.php.in","10/3/2025 3:18:13 AM","735"
"C:\Users\Shadow\Web-PDFTimeSaver\vendor\phpunit\phpunit\composer.json","10/3/2025 3:18:13 AM","2725"
"C:\Users\Shadow\Web-PDFTimeSaver\vendor\phpunit\phpunit\composer.lock","10/3/2025 3:18:13 AM","63304"
"C:\Users\Shadow\Web-PDFTimeSaver\vendor\phpunit\phpunit\phpunit","10/3/2025 3:18:13 AM","2823"
"C:\Users\Shadow\Web-PDFTimeSaver\vendor\phpunit\phpunit\phpunit.xml","10/3/2025 3:18:13 AM","2289"
"C:\Users\Shadow\Web-PDFTimeSaver\vendor\phpunit\phpunit\phpunit.xsd","10/3/2025 3:18:13 AM","18332"
"C:\Users\Shadow\Web-PDFTimeSaver\vendor\phpunit\phpunit\schema\8.5.xsd","10/3/2025 3:18:13 AM","17426"
"C:\Users\Shadow\Web-PDFTimeSaver\vendor\phpunit\phpunit\schema\9.0.xsd","10/3/2025 3:18:13 AM","17263"
"C:\Users\Shadow\Web-PDFTimeSaver\vendor\phpunit\phpunit\schema\9.1.xsd","10/3/2025 3:18:13 AM","17426"
"C:\Users\Shadow\Web-PDFTimeSaver\vendor\phpunit\phpunit\schema\9.2.xsd","10/3/2025 3:18:13 AM","17433"
"C:\Users\Shadow\Web-PDFTimeSaver\vendor\phpunit\phpunit\schema\9.3.xsd","10/3/2025 3:18:13 AM","18179"
"C:\Users\Shadow\Web-PDFTimeSaver\vendor\phpunit\phpunit\schema\9.4.xsd","10/3/2025 3:18:13 AM","18258"
"C:\Users\Shadow\Web-PDFTimeSaver\vendor\phpunit\phpunit\schema\9.5.xsd","10/3/2025 3:18:13 AM","18318"
"C:\Users\Shadow\Web-PDFTimeSaver\vendor\phpunit\phpunit\src\Exception.php","10/3/2025 3:18:13 AM","447"
"C:\Users\Shadow\Web-PDFTimeSaver\vendor\phpunit\phpunit\src\Framework\Assert.php","10/3/2025 3:18:13 AM","97989"
"C:\Users\Shadow\Web-PDFTimeSaver\vendor\phpunit\phpunit\src\Framework\Assert\Functions.php","10/3/2025 3:18:13 AM","100860"
"C:\Users\Shadow\Web-PDFTimeSaver\vendor\phpunit\phpunit\src\Framework\Constraint\Boolean\IsFalse.php","10/3/2025 3:18:13 AM","923"
"C:\Users\Shadow\Web-PDFTimeSaver\vendor\phpunit\phpunit\src\Framework\Constraint\Boolean\IsTrue.php","10/3/2025 3:18:13 AM","920"
"C:\Users\Shadow\Web-PDFTimeSaver\vendor\phpunit\phpunit\src\Framework\Constraint\Callback.php","10/3/2025 3:18:13 AM","1364"
"C:\Users\Shadow\Web-PDFTimeSaver\vendor\phpunit\phpunit\src\Framework\Constraint\Cardinality\Count.php","10/3/2025 3:18:13 AM","3736"
"C:\Users\Shadow\Web-PDFTimeSaver\vendor\phpunit\phpunit\src\Framework\Constraint\Cardinality\GreaterThan.php","10/3/2025 3:18:13 AM","1302"
"C:\Users\Shadow\Web-PDFTimeSaver\vendor\phpunit\phpunit\src\Framework\Constraint\Cardinality\IsEmpty.php","10/3/2025 3:18:13 AM","1825"
"C:\Users\Shadow\Web-PDFTimeSaver\vendor\phpunit\phpunit\src\Framework\Constraint\Cardinality\LessThan.php","10/3/2025 3:18:13 AM","1296"
"C:\Users\Shadow\Web-PDFTimeSaver\vendor\phpunit\phpunit\src\Framework\Constraint\Cardinality\SameSize.php","10/3/2025 3:18:13 AM","596"
"C:\Users\Shadow\Web-PDFTimeSaver\vendor\phpunit\phpunit\src\Framework\Constraint\Constraint.php","10/3/2025 3:18:13 AM","8952"
"C:\Users\Shadow\Web-PDFTimeSaver\vendor\phpunit\phpunit\src\Framework\Constraint\Equality\IsEqual.php","10/3/2025 3:18:13 AM","3722"
"C:\Users\Shadow\Web-PDFTimeSaver\vendor\phpunit\phpunit\src\Framework\Constraint\Equality\IsEqualCanonicalizing.php","10/3/2025 3:18:13 AM","3091"
"C:\Users\Shadow\Web-PDFTimeSaver\vendor\phpunit\phpunit\src\Framework\Constraint\Equality\IsEqualIgnoringCase.php","10/3/2025 3:18:13 AM","3089"
"C:\Users\Shadow\Web-PDFTimeSaver\vendor\phpunit\phpunit\src\Framework\Constraint\Equality\IsEqualWithDelta.php","10/3/2025 3:18:13 AM","2864"
"C:\Users\Shadow\Web-PDFTimeSaver\vendor\phpunit\phpunit\src\Framework\Constraint\Exception\Exception.php","10/3/2025 3:18:13 AM","2275"
"C:\Users\Shadow\Web-PDFTimeSaver\vendor\phpunit\phpunit\src\Framework\Constraint\Exception\ExceptionCode.php","10/3/2025 3:18:13 AM","1843"
"C:\Users\Shadow\Web-PDFTimeSaver\vendor\phpunit\phpunit\src\Framework\Constraint\Exception\ExceptionMessage.php","10/3/2025 3:18:13 AM","2095"
"C:\Users\Shadow\Web-PDFTimeSaver\vendor\phpunit\phpunit\src\Framework\Constraint\Exception\ExceptionMessageRegularExpression.php","10/3/2025 3:18:13 AM","2110"
"C:\Users\Shadow\Web-PDFTimeSaver\vendor\phpunit\phpunit\src\Framework\Constraint\Filesystem\DirectoryExists.php","10/3/2025 3:18:13 AM","1443"
"C:\Users\Shadow\Web-PDFTimeSaver\vendor\phpunit\phpunit\src\Framework\Constraint\Filesystem\FileExists.php","10/3/2025 3:18:13 AM","1438"
"C:\Users\Shadow\Web-PDFTimeSaver\vendor\phpunit\phpunit\src\Framework\Constraint\Filesystem\IsWritable.php","10/3/2025 3:18:13 AM","1438"
"C:\Users\Shadow\Web-PDFTimeSaver\vendor\phpunit\phpunit\src\Framework\Constraint\Filesystem\IsReadable.php","10/3/2025 3:18:13 AM","1438"
"C:\Users\Shadow\Web-PDFTimeSaver\vendor\phpunit\phpunit\src\Framework\Constraint\IsAnything.php","10/3/2025 3:18:13 AM","1431"
"C:\Users\Shadow\Web-PDFTimeSaver\vendor\phpunit\phpunit\src\Framework\Constraint\IsIdentical.php","10/3/2025 3:18:13 AM","3824"
"C:\Users\Shadow\Web-PDFTimeSaver\vendor\phpunit\phpunit\src\Framework\Constraint\JsonMatches.php","10/3/2025 3:18:13 AM","3121"
"C:\Users\Shadow\Web-PDFTimeSaver\vendor\phpunit\phpunit\src\Framework\Constraint\JsonMatchesErrorMessageProvider.php","10/3/2025 3:18:13 AM","2189"
"C:\Users\Shadow\Web-PDFTimeSaver\vendor\phpunit\phpunit\src\Framework\Constraint\Math\IsFinite.php","10/3/2025 3:18:13 AM","953"
"C:\Users\Shadow\Web-PDFTimeSaver\vendor\phpunit\phpunit\src\Framework\Constraint\Math\IsInfinite.php","10/3/2025 3:18:13 AM","961"
"C:\Users\Shadow\Web-PDFTimeSaver\vendor\phpunit\phpunit\src\Framework\Constraint\Math\IsNan.php","10/3/2025 3:18:13 AM","941"
"C:\Users\Shadow\Web-PDFTimeSaver\vendor\phpunit\phpunit\src\Framework\Constraint\Object\ClassHasAttribute.php","10/3/2025 3:18:13 AM","2444"
"C:\Users\Shadow\Web-PDFTimeSaver\vendor\phpunit\phpunit\src\Framework\Constraint\Object\ClassHasStaticAttribute.php","10/3/2025 3:18:13 AM","1706"
"C:\Users\Shadow\Web-PDFTimeSaver\vendor\phpunit\phpunit\src\Framework\Constraint\Object\ObjectEquals.php","10/3/2025 3:18:13 AM","4684"
"C:\Users\Shadow\Web-PDFTimeSaver\vendor\phpunit\phpunit\src\Framework\Constraint\Object\ObjectHasAttribute.php","10/3/2025 3:18:13 AM","933"
"C:\Users\Shadow\Web-PDFTimeSaver\vendor\phpunit\phpunit\src\Framework\Constraint\Object\ObjectHasProperty.php","10/3/2025 3:18:13 AM","2159"
"C:\Users\Shadow\Web-PDFTimeSaver\vendor\phpunit\phpunit\src\Framework\Constraint\Operator\BinaryOperator.php","10/3/2025 3:18:13 AM","3870"
"C:\Users\Shadow\Web-PDFTimeSaver\vendor\phpunit\phpunit\src\Framework\Constraint\Operator\LogicalAnd.php","10/3/2025 3:18:13 AM","1319"
"C:\Users\Shadow\Web-PDFTimeSaver\vendor\phpunit\phpunit\src\Framework\Constraint\Operator\LogicalNot.php","10/3/2025 3:18:13 AM","3739"
"C:\Users\Shadow\Web-PDFTimeSaver\vendor\phpunit\phpunit\src\Framework\Constraint\Operator\LogicalOr.php","10/3/2025 3:18:13 AM","1290"
"C:\Users\Shadow\Web-PDFTimeSaver\vendor\phpunit\phpunit\src\Framework\Constraint\Operator\LogicalXor.php","10/3/2025 3:18:13 AM","1640"
"C:\Users\Shadow\Web-PDFTimeSaver\vendor\phpunit\phpunit\src\Framework\Constraint\Operator\Operator.php","10/3/2025 3:18:13 AM","1507"
"C:\Users\Shadow\Web-PDFTimeSaver\vendor\phpunit\phpunit\src\Framework\Constraint\Operator\UnaryOperator.php","10/3/2025 3:18:13 AM","3942"
"C:\Users\Shadow\Web-PDFTimeSaver\vendor\phpunit\phpunit\src\Framework\Constraint\String\IsJson.php","10/3/2025 3:18:13 AM","2066"
"C:\Users\Shadow\Web-PDFTimeSaver\vendor\phpunit\phpunit\src\Framework\Constraint\String\RegularExpression.php","10/3/2025 3:18:13 AM","1245"
"C:\Users\Shadow\Web-PDFTimeSaver\vendor\phpunit\phpunit\src\Framework\Constraint\String\StringContains.php","10/3/2025 3:18:13 AM","2355"
"C:\Users\Shadow\Web-PDFTimeSaver\vendor\phpunit\phpunit\src\Framework\Constraint\String\StringEndsWith.php","10/3/2025 3:18:13 AM","1205"
"C:\Users\Shadow\Web-PDFTimeSaver\vendor\phpunit\phpunit\src\Framework\Constraint\String\StringMatchesFormatDescription.php","10/3/2025 3:18:13 AM","3132"
"C:\Users\Shadow\Web-PDFTimeSaver\vendor\phpunit\phpunit\src\Framework\Constraint\String\StringStartsWith.php","10/3/2025 3:18:13 AM","1341"
"C:\Users\Shadow\Web-PDFTimeSaver\vendor\phpunit\phpunit\src\Framework\Constraint\Traversable\ArrayHasKey.php","10/3/2025 3:18:13 AM","2024"
"C:\Users\Shadow\Web-PDFTimeSaver\vendor\phpunit\phpunit\src\Framework\Constraint\Traversable\TraversableContains.php","10/3/2025 3:18:13 AM","1640"
"C:\Users\Shadow\Web-PDFTimeSaver\vendor\phpunit\phpunit\src\Framework\Constraint\Traversable\TraversableContainsEqual.php","10/3/2025 3:18:13 AM","1133"
"C:\Users\Shadow\Web-PDFTimeSaver\vendor\phpunit\phpunit\src\Framework\Constraint\Traversable\TraversableContainsIdentical.php","10/3/2025 3:18:13 AM","1074"
"C:\Users\Shadow\Web-PDFTimeSaver\vendor\phpunit\phpunit\src\Framework\Constraint\Traversable\TraversableContainsOnly.php","10/3/2025 3:18:13 AM","2408"
"C:\Users\Shadow\Web-PDFTimeSaver\vendor\phpunit\phpunit\src\Framework\Constraint\Type\IsInstanceOf.php","10/3/2025 3:18:13 AM","2301"
"C:\Users\Shadow\Web-PDFTimeSaver\vendor\phpunit\phpunit\src\Framework\Constraint\Type\IsNull.php","10/3/2025 3:18:13 AM","920"
"C:\Users\Shadow\Web-PDFTimeSaver\vendor\phpunit\phpunit\src\Framework\Constraint\Type\IsType.php","10/3/2025 3:18:13 AM","4886"
"C:\Users\Shadow\Web-PDFTimeSaver\vendor\phpunit\phpunit\src\Framework\DataProviderTestSuite.php","10/3/2025 3:18:13 AM","2116"
"C:\Users\Shadow\Web-PDFTimeSaver\vendor\phpunit\phpunit\src\Framework\Error\Deprecated.php","10/3/2025 3:18:13 AM","368"
"C:\Users\Shadow\Web-PDFTimeSaver\vendor\phpunit\phpunit\src\Framework\Error\Error.php","10/3/2025 3:18:13 AM","647"
"C:\Users\Shadow\Web-PDFTimeSaver\vendor\phpunit\phpunit\src\Framework\Error\Notice.php","10/3/2025 3:18:13 AM","364"
"C:\Users\Shadow\Web-PDFTimeSaver\vendor\phpunit\phpunit\src\Framework\Error\Warning.php","10/3/2025 3:18:13 AM","365"
"C:\Users\Shadow\Web-PDFTimeSaver\vendor\phpunit\phpunit\src\Framework\ErrorTestCase.php","10/3/2025 3:18:13 AM","1339"
"C:\Users\Shadow\Web-PDFTimeSaver\vendor\phpunit\phpunit\src\Framework\Exception\ActualValueIsNotAnObjectException.php","10/3/2025 3:18:13 AM","764"
"C:\Users\Shadow\Web-PDFTimeSaver\vendor\phpunit\phpunit\src\Framework\Exception\AssertionFailedError.php","10/3/2025 3:18:13 AM","642"
"C:\Users\Shadow\Web-PDFTimeSaver\vendor\phpunit\phpunit\src\Framework\Exception\CodeCoverageException.php","10/3/2025 3:18:13 AM","447"
"C:\Users\Shadow\Web-PDFTimeSaver\vendor\phpunit\phpunit\src\Framework\Exception\ComparisonMethodDoesNotAcceptParameterTypeException.php","10/3/2025 3:18:13 AM","1019"
"C:\Users\Shadow\Web-PDFTimeSaver\vendor\phpunit\phpunit\src\Framework\Exception\ComparisonMethodDoesNotDeclareBoolReturnTypeException.php","10/3/2025 3:18:13 AM","977"
"C:\Users\Shadow\Web-PDFTimeSaver\vendor\phpunit\phpunit\src\Framework\Exception\ComparisonMethodDoesNotDeclareExactlyOneParameterException.php","10/3/2025 3:18:13 AM","987"
"C:\Users\Shadow\Web-PDFTimeSaver\vendor\phpunit\phpunit\src\Framework\Exception\ComparisonMethodDoesNotDeclareParameterTypeException.php","10/3/2025 3:18:13 AM","985"
"C:\Users\Shadow\Web-PDFTimeSaver\vendor\phpunit\phpunit\src\Framework\Exception\ComparisonMethodDoesNotExistException.php","10/3/2025 3:18:13 AM","942"
"C:\Users\Shadow\Web-PDFTimeSaver\vendor\phpunit\phpunit\src\Framework\Exception\CoveredCodeNotExecutedException.php","10/3/2025 3:18:13 AM","468"
"C:\Users\Shadow\Web-PDFTimeSaver\vendor\phpunit\phpunit\src\Framework\Exception\Error.php","10/3/2025 3:18:13 AM","633"
"C:\Users\Shadow\Web-PDFTimeSaver\vendor\phpunit\phpunit\src\Framework\Exception\Exception.php","10/3/2025 3:18:13 AM","2647"
"C:\Users\Shadow\Web-PDFTimeSaver\vendor\phpunit\phpunit\src\Framework\Exception\ExpectationFailedException.php","10/3/2025 3:18:13 AM","1247"
"C:\Users\Shadow\Web-PDFTimeSaver\vendor\phpunit\phpunit\src\Framework\Exception\IncompleteTestError.php","10/3/2025 3:18:13 AM","488"
"C:\Users\Shadow\Web-PDFTimeSaver\vendor\phpunit\phpunit\src\Framework\Exception\InvalidArgumentException.php","10/3/2025 3:18:13 AM","1349"
"C:\Users\Shadow\Web-PDFTimeSaver\vendor\phpunit\phpunit\src\Framework\Exception\InvalidCoversTargetException.php","10/3/2025 3:18:13 AM","472"
"C:\Users\Shadow\Web-PDFTimeSaver\vendor\phpunit\phpunit\src\Framework\Exception\InvalidDataProviderException.php","10/3/2025 3:18:13 AM","460"
"C:\Users\Shadow\Web-PDFTimeSaver\vendor\phpunit\phpunit\src\Framework\Exception\MissingCoversAnnotationException.php","10/3/2025 3:18:13 AM","469"
"C:\Users\Shadow\Web-PDFTimeSaver\vendor\phpunit\phpunit\src\Framework\Exception\NoChildTestSuiteException.php","10/3/2025 3:18:13 AM","457"
"C:\Users\Shadow\Web-PDFTimeSaver\vendor\phpunit\phpunit\src\Framework\Exception\OutputError.php","10/3/2025 3:18:13 AM","454"
"C:\Users\Shadow\Web-PDFTimeSaver\vendor\phpunit\phpunit\src\Framework\Exception\PHPTAssertionFailedError.php","10/3/2025 3:18:13 AM","832"
"C:\Users\Shadow\Web-PDFTimeSaver\vendor\phpunit\phpunit\src\Framework\Exception\RiskyTestError.php","10/3/2025 3:18:13 AM","451"
"C:\Users\Shadow\Web-PDFTimeSaver\vendor\phpunit\phpunit\src\Framework\Exception\SkippedTestError.php","10/3/2025 3:18:13 AM","482"
"C:\Users\Shadow\Web-PDFTimeSaver\vendor\phpunit\phpunit\src\Framework\Exception\SkippedTestSuiteError.php","10/3/2025 3:18:13 AM","487"
"C:\Users\Shadow\Web-PDFTimeSaver\vendor\phpunit\phpunit\src\Framework\Exception\SyntheticError.php","10/3/2025 3:18:13 AM","1379"
"C:\Users\Shadow\Web-PDFTimeSaver\vendor\phpunit\phpunit\src\Framework\Exception\SyntheticSkippedError.php","10/3/2025 3:18:13 AM","481"
"C:\Users\Shadow\Web-PDFTimeSaver\vendor\phpunit\phpunit\src\Framework\Exception\UnintentionallyCoveredCodeError.php","10/3/2025 3:18:13 AM","468"
"C:\Users\Shadow\Web-PDFTimeSaver\vendor\phpunit\phpunit\src\Framework\Exception\Warning.php","10/3/2025 3:18:13 AM","635"
"C:\Users\Shadow\Web-PDFTimeSaver\vendor\phpunit\phpunit\src\Framework\ExceptionWrapper.php","10/3/2025 3:18:13 AM","3833"
"C:\Users\Shadow\Web-PDFTimeSaver\vendor\phpunit\phpunit\src\Framework\ExecutionOrderDependency.php","10/3/2025 3:18:13 AM","5345"
"C:\Users\Shadow\Web-PDFTimeSaver\vendor\phpunit\phpunit\src\Framework\IncompleteTest.php","10/3/2025 3:18:13 AM","462"
"C:\Users\Shadow\Web-PDFTimeSaver\vendor\phpunit\phpunit\src\Framework\IncompleteTestCase.php","10/3/2025 3:18:13 AM","1500"
"C:\Users\Shadow\Web-PDFTimeSaver\vendor\phpunit\phpunit\src\Framework\InvalidParameterGroupException.php","10/3/2025 3:18:13 AM","462"
"C:\Users\Shadow\Web-PDFTimeSaver\vendor\phpunit\phpunit\src\Framework\MockObject\Api\Api.php","10/3/2025 3:18:13 AM","3050"
"C:\Users\Shadow\Web-PDFTimeSaver\vendor\phpunit\phpunit\src\Framework\MockObject\Api\Method.php","10/3/2025 3:18:13 AM","766"
"C:\Users\Shadow\Web-PDFTimeSaver\vendor\phpunit\phpunit\src\Framework\MockObject\Builder\Identity.php","10/3/2025 3:18:13 AM","681"
"C:\Users\Shadow\Web-PDFTimeSaver\vendor\phpunit\phpunit\src\Framework\MockObject\Builder\InvocationMocker.php","10/3/2025 3:18:13 AM","8596"
"C:\Users\Shadow\Web-PDFTimeSaver\vendor\phpunit\phpunit\src\Framework\MockObject\Builder\InvocationStubber.php","10/3/2025 3:18:13 AM","1621"
"C:\Users\Shadow\Web-PDFTimeSaver\vendor\phpunit\phpunit\src\Framework\MockObject\Builder\MethodNameMatch.php","10/3/2025 3:18:13 AM","891"
"C:\Users\Shadow\Web-PDFTimeSaver\vendor\phpunit\phpunit\src\Framework\MockObject\Builder\ParametersMatch.php","10/3/2025 3:18:13 AM","1794"
"C:\Users\Shadow\Web-PDFTimeSaver\vendor\phpunit\phpunit\src\Framework\MockObject\Builder\Stub.php","10/3/2025 3:18:13 AM","731"
"C:\Users\Shadow\Web-PDFTimeSaver\vendor\phpunit\phpunit\src\Framework\MockObject\ConfigurableMethod.php","10/3/2025 3:18:13 AM","1211"
"C:\Users\Shadow\Web-PDFTimeSaver\vendor\phpunit\phpunit\src\Framework\MockObject\Exception\BadMethodCallException.php","10/3/2025 3:18:13 AM","500"
"C:\Users\Shadow\Web-PDFTimeSaver\vendor\phpunit\phpunit\src\Framework\MockObject\Exception\CannotUseAddMethodsException.php","10/3/2025 3:18:13 AM","905"
"C:\Users\Shadow\Web-PDFTimeSaver\vendor\phpunit\phpunit\src\Framework\MockObject\Exception\ClassAlreadyExistsException.php","10/3/2025 3:18:13 AM","756"
"C:\Users\Shadow\Web-PDFTimeSaver\vendor\phpunit\phpunit\src\Framework\MockObject\Exception\CannotUseOnlyMethodsException.php","10/3/2025 3:18:13 AM","921"
"C:\Users\Shadow\Web-PDFTimeSaver\vendor\phpunit\phpunit\src\Framework\MockObject\Exception\ClassIsFinalException.php","10/3/2025 3:18:13 AM","777"
"C:\Users\Shadow\Web-PDFTimeSaver\vendor\phpunit\phpunit\src\Framework\MockObject\Exception\ClassIsReadonlyException.php","10/3/2025 3:18:13 AM","783"
"C:\Users\Shadow\Web-PDFTimeSaver\vendor\phpunit\phpunit\src\Framework\MockObject\Exception\ConfigurableMethodsAlreadyInitializedException.php","10/3/2025 3:18:13 AM","529"
"C:\Users\Shadow\Web-PDFTimeSaver\vendor\phpunit\phpunit\src\Framework\MockObject\Exception\DuplicateMethodException.php","10/3/2025 3:18:13 AM","1062"
"C:\Users\Shadow\Web-PDFTimeSaver\vendor\phpunit\phpunit\src\Framework\MockObject\Exception\Exception.php","10/3/2025 3:18:13 AM","468"
"C:\Users\Shadow\Web-PDFTimeSaver\vendor\phpunit\phpunit\src\Framework\MockObject\Exception\IncompatibleReturnValueException.php","10/3/2025 3:18:13 AM","1083"
"C:\Users\Shadow\Web-PDFTimeSaver\vendor\phpunit\phpunit\src\Framework\MockObject\Exception\MatchBuilderNotFoundException.php","10/3/2025 3:18:13 AM","773"
"C:\Users\Shadow\Web-PDFTimeSaver\vendor\phpunit\phpunit\src\Framework\MockObject\Exception\InvalidMethodNameException.php","10/3/2025 3:18:13 AM","767"
"C:\Users\Shadow\Web-PDFTimeSaver\vendor\phpunit\phpunit\src\Framework\MockObject\Exception\MatcherAlreadyRegisteredException.php","10/3/2025 3:18:13 AM","765"
"C:\Users\Shadow\Web-PDFTimeSaver\vendor\phpunit\phpunit\src\Framework\MockObject\Exception\MethodCannotBeConfiguredException.php","10/3/2025 3:18:13 AM","863"
"C:\Users\Shadow\Web-PDFTimeSaver\vendor\phpunit\phpunit\src\Framework\MockObject\Exception\MethodNameAlreadyConfiguredException.php","10/3/2025 3:18:13 AM","635"
"C:\Users\Shadow\Web-PDFTimeSaver\vendor\phpunit\phpunit\src\Framework\MockObject\Exception\MethodNameNotConfiguredException.php","10/3/2025 3:18:13 AM","627"
"C:\Users\Shadow\Web-PDFTimeSaver\vendor\phpunit\phpunit\src\Framework\MockObject\Exception\MethodParametersAlreadyConfiguredException.php","10/3/2025 3:18:13 AM","644"
"C:\Users\Shadow\Web-PDFTimeSaver\vendor\phpunit\phpunit\src\Framework\MockObject\Exception\OriginalConstructorInvocationRequiredException.php","10/3/2025 3:18:13 AM","683"
"C:\Users\Shadow\Web-PDFTimeSaver\vendor\phpunit\phpunit\src\Framework\MockObject\Exception\ReflectionException.php","10/3/2025 3:18:13 AM","515"
"C:\Users\Shadow\Web-PDFTimeSaver\vendor\phpunit\phpunit\src\Framework\MockObject\Exception\ReturnValueNotConfiguredException.php","10/3/2025 3:18:13 AM","876"
"C:\Users\Shadow\Web-PDFTimeSaver\vendor\phpunit\phpunit\src\Framework\MockObject\Exception\RuntimeException.php","10/3/2025 3:18:13 AM","488"
"C:\Users\Shadow\Web-PDFTimeSaver\vendor\phpunit\phpunit\src\Framework\MockObject\Exception\SoapExtensionNotAvailableException.php","10/3/2025 3:18:13 AM","691"
"C:\Users\Shadow\Web-PDFTimeSaver\vendor\phpunit\phpunit\src\Framework\MockObject\Exception\UnknownClassException.php","10/3/2025 3:18:13 AM","750"
"C:\Users\Shadow\Web-PDFTimeSaver\vendor\phpunit\phpunit\src\Framework\MockObject\Exception\UnknownTraitException.php","10/3/2025 3:18:13 AM","750"
"C:\Users\Shadow\Web-PDFTimeSaver\vendor\phpunit\phpunit\src\Framework\MockObject\Exception\UnknownTypeException.php","10/3/2025 3:18:13 AM","752"
"C:\Users\Shadow\Web-PDFTimeSaver\vendor\phpunit\phpunit\src\Framework\MockObject\Generator.php","10/3/2025 3:18:13 AM","39447"
"C:\Users\Shadow\Web-PDFTimeSaver\vendor\phpunit\phpunit\src\Framework\MockObject\Generator\deprecation.tpl","10/3/2025 3:18:13 AM","61"
"C:\Users\Shadow\Web-PDFTimeSaver\vendor\phpunit\phpunit\src\Framework\MockObject\Generator\intersection.tpl","10/3/2025 3:18:13 AM","81"
"C:\Users\Shadow\Web-PDFTimeSaver\vendor\phpunit\phpunit\src\Framework\MockObject\Generator\mocked_class.tpl","10/3/2025 3:18:13 AM","150"
"C:\Users\Shadow\Web-PDFTimeSaver\vendor\phpunit\phpunit\src\Framework\MockObject\Generator\mocked_method_never_or_void.tpl","10/3/2025 3:18:13 AM","803"
"C:\Users\Shadow\Web-PDFTimeSaver\vendor\phpunit\phpunit\src\Framework\MockObject\Generator\mocked_method.tpl","10/3/2025 3:18:13 AM","860"
"C:\Users\Shadow\Web-PDFTimeSaver\vendor\phpunit\phpunit\src\Framework\MockObject\Generator\mocked_static_method.tpl","10/3/2025 3:18:13 AM","243"
"C:\Users\Shadow\Web-PDFTimeSaver\vendor\phpunit\phpunit\src\Framework\MockObject\Generator\proxied_method.tpl","10/3/2025 3:18:13 AM","915"
"C:\Users\Shadow\Web-PDFTimeSaver\vendor\phpunit\phpunit\src\Framework\MockObject\Generator\proxied_method_never_or_void.tpl","10/3/2025 3:18:13 AM","908"
"C:\Users\Shadow\Web-PDFTimeSaver\vendor\phpunit\phpunit\src\Framework\MockObject\Generator\trait_class.tpl","10/3/2025 3:18:13 AM","87"
"C:\Users\Shadow\Web-PDFTimeSaver\vendor\phpunit\phpunit\src\Framework\MockObject\Generator\wsdl_class.tpl","10/3/2025 3:18:13 AM","214"
"C:\Users\Shadow\Web-PDFTimeSaver\vendor\phpunit\phpunit\src\Framework\MockObject\Generator\wsdl_method.tpl","10/3/2025 3:18:13 AM","64"
"C:\Users\Shadow\Web-PDFTimeSaver\vendor\phpunit\phpunit\src\Framework\MockObject\Invocation.php","10/3/2025 3:18:13 AM","8244"
"C:\Users\Shadow\Web-PDFTimeSaver\vendor\phpunit\phpunit\src\Framework\MockObject\InvocationHandler.php","10/3/2025 3:18:13 AM","4686"
"C:\Users\Shadow\Web-PDFTimeSaver\vendor\phpunit\phpunit\src\Framework\MockObject\Matcher.php","10/3/2025 3:18:13 AM","7972"
"C:\Users\Shadow\Web-PDFTimeSaver\vendor\phpunit\phpunit\src\Framework\MockObject\MethodNameConstraint.php","10/3/2025 3:18:13 AM","1117"
"C:\Users\Shadow\Web-PDFTimeSaver\vendor\phpunit\phpunit\src\Framework\MockObject\MockBuilder.php","10/3/2025 3:18:13 AM","12001"
"C:\Users\Shadow\Web-PDFTimeSaver\vendor\phpunit\phpunit\src\Framework\MockObject\MockClass.php","10/3/2025 3:18:13 AM","1641"
"C:\Users\Shadow\Web-PDFTimeSaver\vendor\phpunit\phpunit\src\Framework\MockObject\MockMethod.php","10/3/2025 3:18:13 AM","11372"
"C:\Users\Shadow\Web-PDFTimeSaver\vendor\phpunit\phpunit\src\Framework\MockObject\MockMethodSet.php","10/3/2025 3:18:13 AM","1094"
"C:\Users\Shadow\Web-PDFTimeSaver\vendor\phpunit\phpunit\src\Framework\MockObject\MockObject.php","10/3/2025 3:18:13 AM","913"
"C:\Users\Shadow\Web-PDFTimeSaver\vendor\phpunit\phpunit\src\Framework\MockObject\MockTrait.php","10/3/2025 3:18:13 AM","1184"
"C:\Users\Shadow\Web-PDFTimeSaver\vendor\phpunit\phpunit\src\Framework\MockObject\MockType.php","10/3/2025 3:18:13 AM","525"
"C:\Users\Shadow\Web-PDFTimeSaver\vendor\phpunit\phpunit\src\Framework\MockObject\Rule\AnyInvokedCount.php","10/3/2025 3:18:13 AM","872"
"C:\Users\Shadow\Web-PDFTimeSaver\vendor\phpunit\phpunit\src\Framework\MockObject\Rule\AnyParameters.php","10/3/2025 3:18:13 AM","757"
"C:\Users\Shadow\Web-PDFTimeSaver\vendor\phpunit\phpunit\src\Framework\MockObject\Rule\ConsecutiveParameters.php","10/3/2025 3:18:13 AM","3912"
"C:\Users\Shadow\Web-PDFTimeSaver\vendor\phpunit\phpunit\src\Framework\MockObject\Rule\InvocationOrder.php","10/3/2025 3:18:13 AM","1273"
"C:\Users\Shadow\Web-PDFTimeSaver\vendor\phpunit\phpunit\src\Framework\MockObject\Rule\InvokedAtIndex.php","10/3/2025 3:18:13 AM","1969"
"C:\Users\Shadow\Web-PDFTimeSaver\vendor\phpunit\phpunit\src\Framework\MockObject\Rule\InvokedAtLeastCount.php","10/3/2025 3:18:13 AM","1762"
"C:\Users\Shadow\Web-PDFTimeSaver\vendor\phpunit\phpunit\src\Framework\MockObject\Rule\InvokedAtLeastOnce.php","10/3/2025 3:18:13 AM","1369"
"C:\Users\Shadow\Web-PDFTimeSaver\vendor\phpunit\phpunit\src\Framework\MockObject\Rule\InvokedAtMostCount.php","10/3/2025 3:18:13 AM","1751"
"C:\Users\Shadow\Web-PDFTimeSaver\vendor\phpunit\phpunit\src\Framework\MockObject\Rule\InvokedCount.php","10/3/2025 3:18:13 AM","2745"
"C:\Users\Shadow\Web-PDFTimeSaver\vendor\phpunit\phpunit\src\Framework\MockObject\Rule\MethodName.php","10/3/2025 3:18:13 AM","2006"
"C:\Users\Shadow\Web-PDFTimeSaver\vendor\phpunit\phpunit\src\Framework\MockObject\Rule\Parameters.php","10/3/2025 3:18:13 AM","4817"
"C:\Users\Shadow\Web-PDFTimeSaver\vendor\phpunit\phpunit\src\Framework\MockObject\Rule\ParametersRule.php","10/3/2025 3:18:13 AM","893"
"C:\Users\Shadow\Web-PDFTimeSaver\vendor\phpunit\phpunit\src\Framework\MockObject\Stub.php","10/3/2025 3:18:13 AM","782"
"C:\Users\Shadow\Web-PDFTimeSaver\vendor\phpunit\phpunit\src\Framework\MockObject\Stub\ConsecutiveCalls.php","10/3/2025 3:18:13 AM","1310"
"C:\Users\Shadow\Web-PDFTimeSaver\vendor\phpunit\phpunit\src\Framework\MockObject\Stub\Exception.php","10/3/2025 3:18:13 AM","1101"
"C:\Users\Shadow\Web-PDFTimeSaver\vendor\phpunit\phpunit\src\Framework\MockObject\Stub\ReturnArgument.php","10/3/2025 3:18:13 AM","1059"
"C:\Users\Shadow\Web-PDFTimeSaver\vendor\phpunit\phpunit\src\Framework\MockObject\Stub\ReturnReference.php","10/3/2025 3:18:13 AM","1072"
"C:\Users\Shadow\Web-PDFTimeSaver\vendor\phpunit\phpunit\src\Framework\MockObject\Stub\ReturnCallback.php","10/3/2025 3:18:13 AM","1654"
"C:\Users\Shadow\Web-PDFTimeSaver\vendor\phpunit\phpunit\src\Framework\MockObject\Stub\ReturnSelf.php","10/3/2025 3:18:13 AM","816"
"C:\Users\Shadow\Web-PDFTimeSaver\vendor\phpunit\phpunit\src\Framework\MockObject\Stub\ReturnStub.php","10/3/2025 3:18:13 AM","1037"
"C:\Users\Shadow\Web-PDFTimeSaver\vendor\phpunit\phpunit\src\Framework\MockObject\Stub\ReturnValueMap.php","10/3/2025 3:18:13 AM","1301"
"C:\Users\Shadow\Web-PDFTimeSaver\vendor\phpunit\phpunit\src\Framework\MockObject\Stub\Stub.php","10/3/2025 3:18:13 AM","845"
"C:\Users\Shadow\Web-PDFTimeSaver\vendor\phpunit\phpunit\src\Framework\MockObject\Verifiable.php","10/3/2025 3:18:13 AM","740"
"C:\Users\Shadow\Web-PDFTimeSaver\vendor\phpunit\phpunit\src\Framework\Reorderable.php","10/3/2025 3:18:13 AM","676"
"C:\Users\Shadow\Web-PDFTimeSaver\vendor\phpunit\phpunit\src\Framework\SelfDescribing.php","10/3/2025 3:18:13 AM","544"
"C:\Users\Shadow\Web-PDFTimeSaver\vendor\phpunit\phpunit\src\Framework\SkippedTest.php","10/3/2025 3:18:13 AM","459"
"C:\Users\Shadow\Web-PDFTimeSaver\vendor\phpunit\phpunit\src\Framework\SkippedTestCase.php","10/3/2025 3:18:13 AM","1494"
"C:\Users\Shadow\Web-PDFTimeSaver\vendor\phpunit\phpunit\src\Framework\Test.php","10/3/2025 3:18:13 AM","622"
"C:\Users\Shadow\Web-PDFTimeSaver\vendor\phpunit\phpunit\src\Framework\TestBuilder.php","10/3/2025 3:18:13 AM","7371"
"C:\Users\Shadow\Web-PDFTimeSaver\vendor\phpunit\phpunit\src\Framework\TestCase.php","10/3/2025 3:18:13 AM","84530"
"C:\Users\Shadow\Web-PDFTimeSaver\vendor\phpunit\phpunit\src\Framework\TestFailure.php","10/3/2025 3:18:13 AM","3769"
"C:\Users\Shadow\Web-PDFTimeSaver\vendor\phpunit\phpunit\src\Framework\TestListener.php","10/3/2025 3:18:13 AM","1465"
"C:\Users\Shadow\Web-PDFTimeSaver\vendor\phpunit\phpunit\src\Framework\TestListenerDefaultImplementation.php","10/3/2025 3:18:13 AM","1405"
"C:\Users\Shadow\Web-PDFTimeSaver\vendor\phpunit\phpunit\src\Framework\TestResult.php","10/3/2025 3:18:13 AM","35394"
"C:\Users\Shadow\Web-PDFTimeSaver\vendor\phpunit\phpunit\src\Framework\TestSuite.php","10/3/2025 3:18:13 AM","27916"
"C:\Users\Shadow\Web-PDFTimeSaver\vendor\phpunit\phpunit\src\Framework\TestSuiteIterator.php","10/3/2025 3:18:13 AM","1871"
"C:\Users\Shadow\Web-PDFTimeSaver\vendor\phpunit\phpunit\src\Framework\WarningTestCase.php","10/3/2025 3:18:13 AM","1347"
"C:\Users\Shadow\Web-PDFTimeSaver\vendor\phpunit\phpunit\src\Runner\BaseTestRunner.php","10/3/2025 3:18:13 AM","3771"
"C:\Users\Shadow\Web-PDFTimeSaver\vendor\phpunit\phpunit\src\Runner\DefaultTestResultCache.php","10/3/2025 3:18:13 AM","3984"
"C:\Users\Shadow\Web-PDFTimeSaver\vendor\phpunit\phpunit\src\Runner\Exception.php","10/3/2025 3:18:13 AM","500"
"C:\Users\Shadow\Web-PDFTimeSaver\vendor\phpunit\phpunit\src\Runner\Extension\ExtensionHandler.php","10/3/2025 3:18:13 AM","3400"
"C:\Users\Shadow\Web-PDFTimeSaver\vendor\phpunit\phpunit\src\Runner\Extension\PharLoader.php","10/3/2025 3:18:13 AM","3105"
"C:\Users\Shadow\Web-PDFTimeSaver\vendor\phpunit\phpunit\src\Runner\Filter\ExcludeGroupFilterIterator.php","10/3/2025 3:18:13 AM","624"
"C:\Users\Shadow\Web-PDFTimeSaver\vendor\phpunit\phpunit\src\Runner\Filter\Factory.php","10/3/2025 3:18:13 AM","1612"
"C:\Users\Shadow\Web-PDFTimeSaver\vendor\phpunit\phpunit\src\Runner\Filter\GroupFilterIterator.php","10/3/2025 3:18:13 AM","1572"
"C:\Users\Shadow\Web-PDFTimeSaver\vendor\phpunit\phpunit\src\Runner\Filter\IncludeGroupFilterIterator.php","10/3/2025 3:18:13 AM","623"
"C:\Users\Shadow\Web-PDFTimeSaver\vendor\phpunit\phpunit\src\Runner\Filter\NameFilterIterator.php","10/3/2025 3:18:13 AM","3878"
"C:\Users\Shadow\Web-PDFTimeSaver\vendor\phpunit\phpunit\src\Runner\Hook\AfterIncompleteTestHook.php","10/3/2025 3:18:13 AM","818"
"C:\Users\Shadow\Web-PDFTimeSaver\vendor\phpunit\phpunit\src\Runner\Hook\AfterLastTestHook.php","10/3/2025 3:18:13 AM","760"
"C:\Users\Shadow\Web-PDFTimeSaver\vendor\phpunit\phpunit\src\Runner\Hook\AfterRiskyTestHook.php","10/3/2025 3:18:13 AM","808"
"C:\Users\Shadow\Web-PDFTimeSaver\vendor\phpunit\phpunit\src\Runner\Hook\AfterSkippedTestHook.php","10/3/2025 3:18:13 AM","812"
"C:\Users\Shadow\Web-PDFTimeSaver\vendor\phpunit\phpunit\src\Runner\Hook\AfterSuccessfulTestHook.php","10/3/2025 3:18:13 AM","801"
"C:\Users\Shadow\Web-PDFTimeSaver\vendor\phpunit\phpunit\src\Runner\Hook\AfterTestErrorHook.php","10/3/2025 3:18:13 AM","808"
"C:\Users\Shadow\Web-PDFTimeSaver\vendor\phpunit\phpunit\src\Runner\Hook\AfterTestFailureHook.php","10/3/2025 3:18:13 AM","812"
"C:\Users\Shadow\Web-PDFTimeSaver\vendor\phpunit\phpunit\src\Runner\Hook\AfterTestHook.php","10/3/2025 3:18:13 AM","988"
"C:\Users\Shadow\Web-PDFTimeSaver\vendor\phpunit\phpunit\src\Runner\Hook\AfterTestWarningHook.php","10/3/2025 3:18:13 AM","812"
"C:\Users\Shadow\Web-PDFTimeSaver\vendor\phpunit\phpunit\src\Runner\Hook\BeforeFirstTestHook.php","10/3/2025 3:18:13 AM","764"
"C:\Users\Shadow\Web-PDFTimeSaver\vendor\phpunit\phpunit\src\Runner\Hook\BeforeTestHook.php","10/3/2025 3:18:13 AM","770"
"C:\Users\Shadow\Web-PDFTimeSaver\vendor\phpunit\phpunit\src\Runner\Hook\Hook.php","10/3/2025 3:18:13 AM","683"
"C:\Users\Shadow\Web-PDFTimeSaver\vendor\phpunit\phpunit\src\Runner\Hook\TestHook.php","10/3/2025 3:18:13 AM","700"
"C:\Users\Shadow\Web-PDFTimeSaver\vendor\phpunit\phpunit\src\Runner\Hook\TestListenerAdapter.php","10/3/2025 3:18:13 AM","4277"
"C:\Users\Shadow\Web-PDFTimeSaver\vendor\phpunit\phpunit\src\Runner\NullTestResultCache.php","10/3/2025 3:18:13 AM","928"
"C:\Users\Shadow\Web-PDFTimeSaver\vendor\phpunit\phpunit\src\Runner\PhptTestCase.php","10/3/2025 3:18:13 AM","25061"
"C:\Users\Shadow\Web-PDFTimeSaver\vendor\phpunit\phpunit\src\Runner\ResultCacheExtension.php","10/3/2025 3:18:13 AM","3518"
"C:\Users\Shadow\Web-PDFTimeSaver\vendor\phpunit\phpunit\src\Runner\StandardTestSuiteLoader.php","10/3/2025 3:18:13 AM","4690"
"C:\Users\Shadow\Web-PDFTimeSaver\vendor\phpunit\phpunit\src\Runner\TestResultCache.php","10/3/2025 3:18:13 AM","750"
"C:\Users\Shadow\Web-PDFTimeSaver\vendor\phpunit\phpunit\src\Runner\TestSuiteLoader.php","10/3/2025 3:18:13 AM","686"
"C:\Users\Shadow\Web-PDFTimeSaver\vendor\phpunit\phpunit\src\Runner\TestSuiteSorter.php","10/3/2025 3:18:13 AM","11917"
"C:\Users\Shadow\Web-PDFTimeSaver\vendor\phpunit\phpunit\src\Runner\Version.php","10/3/2025 3:18:13 AM","1825"
"C:\Users\Shadow\Web-PDFTimeSaver\vendor\phpunit\phpunit\src\TextUI\CliArguments\Builder.php","10/3/2025 3:18:13 AM","27143"
"C:\Users\Shadow\Web-PDFTimeSaver\vendor\phpunit\phpunit\src\TextUI\CliArguments\Configuration.php","10/3/2025 3:18:13 AM","47849"
"C:\Users\Shadow\Web-PDFTimeSaver\vendor\phpunit\phpunit\src\TextUI\CliArguments\Exception.php","10/3/2025 3:18:13 AM","513"
"C:\Users\Shadow\Web-PDFTimeSaver\vendor\phpunit\phpunit\src\TextUI\CliArguments\Mapper.php","10/3/2025 3:18:13 AM","11943"
"C:\Users\Shadow\Web-PDFTimeSaver\vendor\phpunit\phpunit\src\TextUI\Command.php","10/3/2025 3:18:13 AM","32309"
"C:\Users\Shadow\Web-PDFTimeSaver\vendor\phpunit\phpunit\src\TextUI\DefaultResultPrinter.php","10/3/2025 3:18:13 AM","16037"
"C:\Users\Shadow\Web-PDFTimeSaver\vendor\phpunit\phpunit\src\TextUI\Exception\Exception.php","10/3/2025 3:18:13 AM","458"
"C:\Users\Shadow\Web-PDFTimeSaver\vendor\phpunit\phpunit\src\TextUI\Exception\ReflectionException.php","10/3/2025 3:18:13 AM","505"
"C:\Users\Shadow\Web-PDFTimeSaver\vendor\phpunit\phpunit\src\TextUI\Exception\RuntimeException.php","10/3/2025 3:18:13 AM","478"
"C:\Users\Shadow\Web-PDFTimeSaver\vendor\phpunit\phpunit\src\TextUI\Exception\TestDirectoryNotFoundException.php","10/3/2025 3:18:13 AM","754"
"C:\Users\Shadow\Web-PDFTimeSaver\vendor\phpunit\phpunit\src\TextUI\Exception\TestFileNotFoundException.php","10/3/2025 3:18:13 AM","744"
"C:\Users\Shadow\Web-PDFTimeSaver\vendor\phpunit\phpunit\src\TextUI\ResultPrinter.php","10/3/2025 3:18:13 AM","645"
"C:\Users\Shadow\Web-PDFTimeSaver\vendor\phpunit\phpunit\src\TextUI\Help.php","10/3/2025 3:18:13 AM","14897"
"C:\Users\Shadow\Web-PDFTimeSaver\vendor\phpunit\phpunit\src\TextUI\TestRunner.php","10/3/2025 3:18:13 AM","55576"
"C:\Users\Shadow\Web-PDFTimeSaver\vendor\phpunit\phpunit\src\TextUI\TestSuiteMapper.php","10/3/2025 3:18:13 AM","3562"
"C:\Users\Shadow\Web-PDFTimeSaver\vendor\phpunit\phpunit\src\TextUI\XmlConfiguration\CodeCoverage\CodeCoverage.php","10/3/2025 3:18:13 AM","8684"
"C:\Users\Shadow\Web-PDFTimeSaver\vendor\phpunit\phpunit\src\TextUI\XmlConfiguration\CodeCoverage\Filter\Directory.php","10/3/2025 3:18:13 AM","1302"
"C:\Users\Shadow\Web-PDFTimeSaver\vendor\phpunit\phpunit\src\TextUI\XmlConfiguration\CodeCoverage\Filter\DirectoryCollection.php","10/3/2025 3:18:13 AM","1395"
"C:\Users\Shadow\Web-PDFTimeSaver\vendor\phpunit\phpunit\src\TextUI\XmlConfiguration\CodeCoverage\Filter\DirectoryCollectionIterator.php","10/3/2025 3:18:13 AM","1466"
"C:\Users\Shadow\Web-PDFTimeSaver\vendor\phpunit\phpunit\src\TextUI\XmlConfiguration\CodeCoverage\FilterMapper.php","10/3/2025 3:18:13 AM","1333"
"C:\Users\Shadow\Web-PDFTimeSaver\vendor\phpunit\phpunit\src\TextUI\XmlConfiguration\CodeCoverage\Report\Clover.php","10/3/2025 3:18:13 AM","762"
"C:\Users\Shadow\Web-PDFTimeSaver\vendor\phpunit\phpunit\src\TextUI\XmlConfiguration\CodeCoverage\Report\Cobertura.php","10/3/2025 3:18:13 AM","765"
"C:\Users\Shadow\Web-PDFTimeSaver\vendor\phpunit\phpunit\src\TextUI\XmlConfiguration\CodeCoverage\Report\Crap4j.php","10/3/2025 3:18:13 AM","971"
"C:\Users\Shadow\Web-PDFTimeSaver\vendor\phpunit\phpunit\src\TextUI\XmlConfiguration\CodeCoverage\Report\Html.php","10/3/2025 3:18:13 AM","1255"
"C:\Users\Shadow\Web-PDFTimeSaver\vendor\phpunit\phpunit\src\TextUI\XmlConfiguration\CodeCoverage\Report\Php.php","10/3/2025 3:18:13 AM","759"
"C:\Users\Shadow\Web-PDFTimeSaver\vendor\phpunit\phpunit\src\TextUI\XmlConfiguration\CodeCoverage\Report\Text.php","10/3/2025 3:18:13 AM","1283"
"C:\Users\Shadow\Web-PDFTimeSaver\vendor\phpunit\phpunit\src\TextUI\XmlConfiguration\CodeCoverage\Report\Xml.php","10/3/2025 3:18:13 AM","779"
"C:\Users\Shadow\Web-PDFTimeSaver\vendor\phpunit\phpunit\src\TextUI\XmlConfiguration\Configuration.php","10/3/2025 3:18:13 AM","3413"
"C:\Users\Shadow\Web-PDFTimeSaver\vendor\phpunit\phpunit\src\TextUI\XmlConfiguration\Exception.php","10/3/2025 3:18:13 AM","517"
"C:\Users\Shadow\Web-PDFTimeSaver\vendor\phpunit\phpunit\src\TextUI\XmlConfiguration\Filesystem\Directory.php","10/3/2025 3:18:13 AM","694"
"C:\Users\Shadow\Web-PDFTimeSaver\vendor\phpunit\phpunit\src\TextUI\XmlConfiguration\Filesystem\DirectoryCollection.php","10/3/2025 3:18:13 AM","1466"
"C:\Users\Shadow\Web-PDFTimeSaver\vendor\phpunit\phpunit\src\TextUI\XmlConfiguration\Filesystem\DirectoryCollectionIterator.php","10/3/2025 3:18:13 AM","1446"
"C:\Users\Shadow\Web-PDFTimeSaver\vendor\phpunit\phpunit\src\TextUI\XmlConfiguration\Filesystem\File.php","10/3/2025 3:18:13 AM","689"
"C:\Users\Shadow\Web-PDFTimeSaver\vendor\phpunit\phpunit\src\TextUI\XmlConfiguration\Filesystem\FileCollection.php","10/3/2025 3:18:13 AM","1372"
"C:\Users\Shadow\Web-PDFTimeSaver\vendor\phpunit\phpunit\src\TextUI\XmlConfiguration\Filesystem\FileCollectionIterator.php","10/3/2025 3:18:13 AM","1385"
"C:\Users\Shadow\Web-PDFTimeSaver\vendor\phpunit\phpunit\src\TextUI\XmlConfiguration\Generator.php","10/3/2025 3:18:13 AM","2291"
"C:\Users\Shadow\Web-PDFTimeSaver\vendor\phpunit\phpunit\src\TextUI\XmlConfiguration\Group\Group.php","10/3/2025 3:18:13 AM","690"
"C:\Users\Shadow\Web-PDFTimeSaver\vendor\phpunit\phpunit\src\TextUI\XmlConfiguration\Group\GroupCollection.php","10/3/2025 3:18:13 AM","1508"
"C:\Users\Shadow\Web-PDFTimeSaver\vendor\phpunit\phpunit\src\TextUI\XmlConfiguration\Group\GroupCollectionIterator.php","10/3/2025 3:18:13 AM","1396"
"C:\Users\Shadow\Web-PDFTimeSaver\vendor\phpunit\phpunit\src\TextUI\XmlConfiguration\Group\Groups.php","10/3/2025 3:18:13 AM","1166"
"C:\Users\Shadow\Web-PDFTimeSaver\vendor\phpunit\phpunit\src\TextUI\XmlConfiguration\Loader.php","10/3/2025 3:18:13 AM","43815"
"C:\Users\Shadow\Web-PDFTimeSaver\vendor\phpunit\phpunit\src\TextUI\XmlConfiguration\Logging\Junit.php","10/3/2025 3:18:13 AM","749"
"C:\Users\Shadow\Web-PDFTimeSaver\vendor\phpunit\phpunit\src\TextUI\XmlConfiguration\Logging\Logging.php","10/3/2025 3:18:13 AM","3481"
"C:\Users\Shadow\Web-PDFTimeSaver\vendor\phpunit\phpunit\src\TextUI\XmlConfiguration\Logging\TeamCity.php","10/3/2025 3:18:13 AM","752"
"C:\Users\Shadow\Web-PDFTimeSaver\vendor\phpunit\phpunit\src\TextUI\XmlConfiguration\Logging\TestDox\Html.php","10/3/2025 3:18:13 AM","756"
"C:\Users\Shadow\Web-PDFTimeSaver\vendor\phpunit\phpunit\src\TextUI\XmlConfiguration\Logging\TestDox\Text.php","10/3/2025 3:18:13 AM","756"
"C:\Users\Shadow\Web-PDFTimeSaver\vendor\phpunit\phpunit\src\TextUI\XmlConfiguration\Logging\TestDox\Xml.php","10/3/2025 3:18:13 AM","755"
"C:\Users\Shadow\Web-PDFTimeSaver\vendor\phpunit\phpunit\src\TextUI\XmlConfiguration\Logging\Text.php","10/3/2025 3:18:13 AM","748"
"C:\Users\Shadow\Web-PDFTimeSaver\vendor\phpunit\phpunit\src\TextUI\XmlConfiguration\Migration\MigrationBuilder.php","10/3/2025 3:18:13 AM","1812"
"C:\Users\Shadow\Web-PDFTimeSaver\vendor\phpunit\phpunit\src\TextUI\XmlConfiguration\Migration\MigrationBuilderException.php","10/3/2025 3:18:13 AM","548"
"C:\Users\Shadow\Web-PDFTimeSaver\vendor\phpunit\phpunit\src\TextUI\XmlConfiguration\Migration\MigrationException.php","10/3/2025 3:18:13 AM","541"
"C:\Users\Shadow\Web-PDFTimeSaver\vendor\phpunit\phpunit\src\TextUI\XmlConfiguration\Migration\Migrations\CoverageCloverToReport.php","10/3/2025 3:18:13 AM","853"
"C:\Users\Shadow\Web-PDFTimeSaver\vendor\phpunit\phpunit\src\TextUI\XmlConfiguration\Migration\Migrations\ConvertLogTypes.php","10/3/2025 3:18:13 AM","1577"
"C:\Users\Shadow\Web-PDFTimeSaver\vendor\phpunit\phpunit\src\TextUI\XmlConfiguration\Migration\Migrations\CoverageCrap4jToReport.php","10/3/2025 3:18:13 AM","924"
"C:\Users\Shadow\Web-PDFTimeSaver\vendor\phpunit\phpunit\src\TextUI\XmlConfiguration\Migration\Migrations\CoverageHtmlToReport.php","10/3/2025 3:18:13 AM","937"
"C:\Users\Shadow\Web-PDFTimeSaver\vendor\phpunit\phpunit\src\TextUI\XmlConfiguration\Migration\Migrations\CoverageTextToReport.php","10/3/2025 3:18:13 AM","938"
"C:\Users\Shadow\Web-PDFTimeSaver\vendor\phpunit\phpunit\src\TextUI\XmlConfiguration\Migration\Migrations\CoveragePhpToReport.php","10/3/2025 3:18:13 AM","835"
"C:\Users\Shadow\Web-PDFTimeSaver\vendor\phpunit\phpunit\src\TextUI\XmlConfiguration\Migration\Migrations\CoverageXmlToReport.php","10/3/2025 3:18:13 AM","840"
"C:\Users\Shadow\Web-PDFTimeSaver\vendor\phpunit\phpunit\src\TextUI\XmlConfiguration\Migration\Migrations\IntroduceCoverageElement.php","10/3/2025 3:18:13 AM","766"
"C:\Users\Shadow\Web-PDFTimeSaver\vendor\phpunit\phpunit\src\TextUI\XmlConfiguration\Migration\Migrations\LogToReportMigration.php","10/3/2025 3:18:13 AM","2233"
"C:\Users\Shadow\Web-PDFTimeSaver\vendor\phpunit\phpunit\src\TextUI\XmlConfiguration\Migration\Migrations\Migration.php","10/3/2025 3:18:13 AM","514"
"C:\Users\Shadow\Web-PDFTimeSaver\vendor\phpunit\phpunit\src\TextUI\XmlConfiguration\Migration\Migrations\MoveAttributesFromFilterWhitelistToCoverage.php","10/3/2025 3:18:13 AM","1480"
"C:\Users\Shadow\Web-PDFTimeSaver\vendor\phpunit\phpunit\src\TextUI\XmlConfiguration\Migration\Migrations\MoveAttributesFromRootToCoverage.php","10/3/2025 3:18:13 AM","1382"
"C:\Users\Shadow\Web-PDFTimeSaver\vendor\phpunit\phpunit\src\TextUI\XmlConfiguration\Migration\Migrations\MoveWhitelistExcludesToCoverage.php","10/3/2025 3:18:13 AM","2228"
"C:\Users\Shadow\Web-PDFTimeSaver\vendor\phpunit\phpunit\src\TextUI\XmlConfiguration\Migration\Migrations\MoveWhitelistIncludesToCoverage.php","10/3/2025 3:18:13 AM","1523"
"C:\Users\Shadow\Web-PDFTimeSaver\vendor\phpunit\phpunit\src\TextUI\XmlConfiguration\Migration\Migrations\RemoveCacheTokensAttribute.php","10/3/2025 3:18:13 AM","728"
"C:\Users\Shadow\Web-PDFTimeSaver\vendor\phpunit\phpunit\src\TextUI\XmlConfiguration\Migration\Migrations\RemoveEmptyFilter.php","10/3/2025 3:18:13 AM","1616"
"C:\Users\Shadow\Web-PDFTimeSaver\vendor\phpunit\phpunit\src\TextUI\XmlConfiguration\Migration\Migrations\RemoveLogTypes.php","10/3/2025 3:18:13 AM","1143"
"C:\Users\Shadow\Web-PDFTimeSaver\vendor\phpunit\phpunit\src\TextUI\XmlConfiguration\Migration\Migrations\UpdateSchemaLocationTo93.php","10/3/2025 3:18:13 AM","792"
"C:\Users\Shadow\Web-PDFTimeSaver\vendor\phpunit\phpunit\src\TextUI\XmlConfiguration\Migration\Migrator.php","10/3/2025 3:18:13 AM","1633"
"C:\Users\Shadow\Web-PDFTimeSaver\vendor\phpunit\phpunit\src\TextUI\XmlConfiguration\PHP\Constant.php","10/3/2025 3:18:13 AM","869"
"C:\Users\Shadow\Web-PDFTimeSaver\vendor\phpunit\phpunit\src\TextUI\XmlConfiguration\PHP\ConstantCollection.php","10/3/2025 3:18:13 AM","1349"
"C:\Users\Shadow\Web-PDFTimeSaver\vendor\phpunit\phpunit\src\TextUI\XmlConfiguration\PHP\ConstantCollectionIterator.php","10/3/2025 3:18:13 AM","1429"
"C:\Users\Shadow\Web-PDFTimeSaver\vendor\phpunit\phpunit\src\TextUI\XmlConfiguration\PHP\IniSetting.php","10/3/2025 3:18:13 AM","887"
"C:\Users\Shadow\Web-PDFTimeSaver\vendor\phpunit\phpunit\src\TextUI\XmlConfiguration\PHP\IniSettingCollection.php","10/3/2025 3:18:13 AM","1383"
"C:\Users\Shadow\Web-PDFTimeSaver\vendor\phpunit\phpunit\src\TextUI\XmlConfiguration\PHP\IniSettingCollectionIterator.php","10/3/2025 3:18:13 AM","1451"
"C:\Users\Shadow\Web-PDFTimeSaver\vendor\phpunit\phpunit\src\TextUI\XmlConfiguration\PHP\Php.php","10/3/2025 3:18:13 AM","3575"
"C:\Users\Shadow\Web-PDFTimeSaver\vendor\phpunit\phpunit\src\TextUI\XmlConfiguration\PHP\PhpHandler.php","10/3/2025 3:18:13 AM","3900"
"C:\Users\Shadow\Web-PDFTimeSaver\vendor\phpunit\phpunit\src\TextUI\XmlConfiguration\PHP\Variable.php","10/3/2025 3:18:13 AM","1054"
"C:\Users\Shadow\Web-PDFTimeSaver\vendor\phpunit\phpunit\src\TextUI\XmlConfiguration\PHP\VariableCollection.php","10/3/2025 3:18:13 AM","1349"
"C:\Users\Shadow\Web-PDFTimeSaver\vendor\phpunit\phpunit\src\TextUI\XmlConfiguration\PHP\VariableCollectionIterator.php","10/3/2025 3:18:13 AM","1429"
"C:\Users\Shadow\Web-PDFTimeSaver\vendor\phpunit\phpunit\src\TextUI\XmlConfiguration\PHPUnit\Extension.php","10/3/2025 3:18:13 AM","1516"
"C:\Users\Shadow\Web-PDFTimeSaver\vendor\phpunit\phpunit\src\TextUI\XmlConfiguration\PHPUnit\ExtensionCollection.php","10/3/2025 3:18:13 AM","1226"
"C:\Users\Shadow\Web-PDFTimeSaver\vendor\phpunit\phpunit\src\TextUI\XmlConfiguration\PHPUnit\ExtensionCollectionIterator.php","10/3/2025 3:18:13 AM","1440"
"C:\Users\Shadow\Web-PDFTimeSaver\vendor\phpunit\phpunit\src\TextUI\XmlConfiguration\PHPUnit\PHPUnit.php","10/3/2025 3:18:13 AM","19209"
"C:\Users\Shadow\Web-PDFTimeSaver\vendor\phpunit\phpunit\src\TextUI\XmlConfiguration\TestSuite\TestDirectory.php","10/3/2025 3:18:13 AM","1732"
"C:\Users\Shadow\Web-PDFTimeSaver\vendor\phpunit\phpunit\src\TextUI\XmlConfiguration\TestSuite\TestDirectoryCollection.php","10/3/2025 3:18:13 AM","1498"
"C:\Users\Shadow\Web-PDFTimeSaver\vendor\phpunit\phpunit\src\TextUI\XmlConfiguration\TestSuite\TestDirectoryCollectionIterator.php","10/3/2025 3:18:13 AM","1466"
"C:\Users\Shadow\Web-PDFTimeSaver\vendor\phpunit\phpunit\src\TextUI\XmlConfiguration\TestSuite\TestFile.php","10/3/2025 3:18:13 AM","1309"
"C:\Users\Shadow\Web-PDFTimeSaver\vendor\phpunit\phpunit\src\TextUI\XmlConfiguration\TestSuite\TestFileCollection.php","10/3/2025 3:18:13 AM","1404"
"C:\Users\Shadow\Web-PDFTimeSaver\vendor\phpunit\phpunit\src\TextUI\XmlConfiguration\TestSuite\TestFileCollectionIterator.php","10/3/2025 3:18:13 AM","1405"
"C:\Users\Shadow\Web-PDFTimeSaver\vendor\phpunit\phpunit\src\TextUI\XmlConfiguration\TestSuite\TestSuite.php","10/3/2025 3:18:13 AM","1443"
"C:\Users\Shadow\Web-PDFTimeSaver\vendor\phpunit\phpunit\src\TextUI\XmlConfiguration\TestSuite\TestSuiteCollection.php","10/3/2025 3:18:13 AM","1457"
"C:\Users\Shadow\Web-PDFTimeSaver\vendor\phpunit\phpunit\src\TextUI\XmlConfiguration\TestSuite\TestSuiteCollectionIterator.php","10/3/2025 3:18:13 AM","1440"
"C:\Users\Shadow\Web-PDFTimeSaver\vendor\phpunit\phpunit\src\Util\Annotation\DocBlock.php","10/3/2025 3:18:13 AM","18691"
"C:\Users\Shadow\Web-PDFTimeSaver\vendor\phpunit\phpunit\src\Util\Blacklist.php","10/3/2025 3:18:13 AM","985"
"C:\Users\Shadow\Web-PDFTimeSaver\vendor\phpunit\phpunit\src\Util\Annotation\Registry.php","10/3/2025 3:18:13 AM","2761"
"C:\Users\Shadow\Web-PDFTimeSaver\vendor\phpunit\phpunit\src\Util\Cloner.php","10/3/2025 3:18:13 AM","785"
"C:\Users\Shadow\Web-PDFTimeSaver\vendor\phpunit\phpunit\src\Util\Color.php","10/3/2025 3:18:13 AM","4463"
"C:\Users\Shadow\Web-PDFTimeSaver\vendor\phpunit\phpunit\src\Util\ErrorHandler.php","10/3/2025 3:18:13 AM","4462"
"C:\Users\Shadow\Web-PDFTimeSaver\vendor\phpunit\phpunit\src\Util\Exception.php","10/3/2025 3:18:13 AM","498"
"C:\Users\Shadow\Web-PDFTimeSaver\vendor\phpunit\phpunit\src\Util\ExcludeList.php","10/3/2025 3:18:13 AM","6142"
"C:\Users\Shadow\Web-PDFTimeSaver\vendor\phpunit\phpunit\src\Util\FileLoader.php","10/3/2025 3:18:13 AM","2596"
"C:\Users\Shadow\Web-PDFTimeSaver\vendor\phpunit\phpunit\src\Util\Filesystem.php","10/3/2025 3:18:13 AM","1111"
"C:\Users\Shadow\Web-PDFTimeSaver\vendor\phpunit\phpunit\src\Util\Filter.php","10/3/2025 3:18:13 AM","3540"
"C:\Users\Shadow\Web-PDFTimeSaver\vendor\phpunit\phpunit\src\Util\GlobalState.php","10/3/2025 3:18:13 AM","9146"
"C:\Users\Shadow\Web-PDFTimeSaver\vendor\phpunit\phpunit\src\Util\InvalidDataSetException.php","10/3/2025 3:18:13 AM","527"
"C:\Users\Shadow\Web-PDFTimeSaver\vendor\phpunit\phpunit\src\Util\Json.php","10/3/2025 3:18:13 AM","2998"
"C:\Users\Shadow\Web-PDFTimeSaver\vendor\phpunit\phpunit\src\Util\Log\JUnit.php","10/3/2025 3:18:13 AM","11965"
"C:\Users\Shadow\Web-PDFTimeSaver\vendor\phpunit\phpunit\src\Util\Log\TeamCity.php","10/3/2025 3:18:13 AM","10976"
"C:\Users\Shadow\Web-PDFTimeSaver\vendor\phpunit\phpunit\src\Util\PHP\AbstractPhpProcess.php","10/3/2025 3:18:13 AM","11966"
"C:\Users\Shadow\Web-PDFTimeSaver\vendor\phpunit\phpunit\src\Util\PHP\DefaultPhpProcess.php","10/3/2025 3:18:13 AM","6081"
"C:\Users\Shadow\Web-PDFTimeSaver\vendor\phpunit\phpunit\src\Util\PHP\Template\PhptTestCase.tpl","10/3/2025 3:18:13 AM","1265"
"C:\Users\Shadow\Web-PDFTimeSaver\vendor\phpunit\phpunit\src\Util\PHP\Template\TestCaseClass.tpl","10/3/2025 3:18:13 AM","3654"
"C:\Users\Shadow\Web-PDFTimeSaver\vendor\phpunit\phpunit\src\Util\PHP\Template\TestCaseMethod.tpl","10/3/2025 3:18:13 AM","3736"
"C:\Users\Shadow\Web-PDFTimeSaver\vendor\phpunit\phpunit\src\Util\Printer.php","10/3/2025 3:18:13 AM","2837"
"C:\Users\Shadow\Web-PDFTimeSaver\vendor\phpunit\phpunit\src\Util\PHP\WindowsPhpProcess.php","10/3/2025 3:18:13 AM","1349"
"C:\Users\Shadow\Web-PDFTimeSaver\vendor\phpunit\phpunit\src\Util\Reflection.php","10/3/2025 3:18:13 AM","1741"
"C:\Users\Shadow\Web-PDFTimeSaver\vendor\phpunit\phpunit\src\Util\RegularExpression.php","10/3/2025 3:18:13 AM","794"
"C:\Users\Shadow\Web-PDFTimeSaver\vendor\phpunit\phpunit\src\Util\Test.php","10/3/2025 3:18:13 AM","26522"
"C:\Users\Shadow\Web-PDFTimeSaver\vendor\phpunit\phpunit\src\Util\TestDox\CliTestDoxPrinter.php","10/3/2025 3:18:13 AM","11985"
"C:\Users\Shadow\Web-PDFTimeSaver\vendor\phpunit\phpunit\src\Util\TestDox\HtmlResultPrinter.php","10/3/2025 3:18:13 AM","3564"
"C:\Users\Shadow\Web-PDFTimeSaver\vendor\phpunit\phpunit\src\Util\TestDox\NamePrettifier.php","10/3/2025 3:18:13 AM","9331"
"C:\Users\Shadow\Web-PDFTimeSaver\vendor\phpunit\phpunit\src\Util\TestDox\ResultPrinter.php","10/3/2025 3:18:13 AM","7639"
"C:\Users\Shadow\Web-PDFTimeSaver\vendor\phpunit\phpunit\src\Util\TestDox\TestDoxPrinter.php","10/3/2025 3:18:13 AM","11267"
"C:\Users\Shadow\Web-PDFTimeSaver\vendor\phpunit\phpunit\src\Util\TestDox\TextResultPrinter.php","10/3/2025 3:18:13 AM","1225"
"C:\Users\Shadow\Web-PDFTimeSaver\vendor\phpunit\phpunit\src\Util\TestDox\XmlResultPrinter.php","10/3/2025 3:18:13 AM","7593"
"C:\Users\Shadow\Web-PDFTimeSaver\vendor\phpunit\phpunit\src\Util\TextTestListRenderer.php","10/3/2025 3:18:13 AM","1545"
"C:\Users\Shadow\Web-PDFTimeSaver\vendor\phpunit\phpunit\src\Util\Type.php","10/3/2025 3:18:13 AM","966"
"C:\Users\Shadow\Web-PDFTimeSaver\vendor\phpunit\phpunit\src\Util\VersionComparisonOperator.php","10/3/2025 3:18:13 AM","1554"
"C:\Users\Shadow\Web-PDFTimeSaver\vendor\phpunit\phpunit\src\Util\XdebugFilterScriptGenerator.php","10/3/2025 3:18:13 AM","1913"
"C:\Users\Shadow\Web-PDFTimeSaver\vendor\phpunit\phpunit\src\Util\Xml.php","10/3/2025 3:18:13 AM","5703"
"C:\Users\Shadow\Web-PDFTimeSaver\vendor\phpunit\phpunit\src\Util\Xml\Exception.php","10/3/2025 3:18:13 AM","502"
"C:\Users\Shadow\Web-PDFTimeSaver\vendor\phpunit\phpunit\src\Util\Xml\FailedSchemaDetectionResult.php","10/3/2025 3:18:13 AM","495"
"C:\Users\Shadow\Web-PDFTimeSaver\vendor\phpunit\phpunit\src\Util\Xml\Loader.php","10/3/2025 3:18:13 AM","3245"
"C:\Users\Shadow\Web-PDFTimeSaver\vendor\phpunit\phpunit\src\Util\Xml\SchemaDetectionResult.php","10/3/2025 3:18:13 AM","788"
"C:\Users\Shadow\Web-PDFTimeSaver\vendor\phpunit\phpunit\src\Util\Xml\SchemaDetector.php","10/3/2025 3:18:13 AM","1105"
"C:\Users\Shadow\Web-PDFTimeSaver\vendor\phpunit\phpunit\src\Util\Xml\SchemaFinder.php","10/3/2025 3:18:13 AM","1902"
"C:\Users\Shadow\Web-PDFTimeSaver\vendor\phpunit\phpunit\src\Util\Xml\SnapshotNodeList.php","10/3/2025 3:18:13 AM","1146"
"C:\Users\Shadow\Web-PDFTimeSaver\vendor\phpunit\phpunit\src\Util\Xml\SuccessfulSchemaDetectionResult.php","10/3/2025 3:18:13 AM","1049"
"C:\Users\Shadow\Web-PDFTimeSaver\vendor\phpunit\phpunit\src\Util\Xml\ValidationResult.php","10/3/2025 3:18:13 AM","1777"
"C:\Users\Shadow\Web-PDFTimeSaver\vendor\phpunit\phpunit\src\Util\Xml\Validator.php","10/3/2025 3:18:13 AM","1027"
"C:\Users\Shadow\Web-PDFTimeSaver\vendor\phpunit\phpunit\src\Util\XmlTestListRenderer.php","10/3/2025 3:18:13 AM","2877"
"C:\Users\Shadow\Web-PDFTimeSaver\vendor\phpunit\phpunit\tests\README.md","10/3/2025 3:18:13 AM","1176"
"C:\Users\Shadow\Web-PDFTimeSaver\vendor\phpunit\phpunit\tests\_files\3194.php","10/3/2025 3:18:13 AM","790"
"C:\Users\Shadow\Web-PDFTimeSaver\vendor\phpunit\phpunit\tests\_files\AbstractMockTestClass.php","10/3/2025 3:18:13 AM","544"
"C:\Users\Shadow\Web-PDFTimeSaver\vendor\phpunit\phpunit\tests\_files\3530.wsdl","10/3/2025 3:18:13 AM","1843"
"C:\Users\Shadow\Web-PDFTimeSaver\vendor\phpunit\phpunit\tests\_files\AbstractTrait.php","10/3/2025 3:18:13 AM","527"
"C:\Users\Shadow\Web-PDFTimeSaver\vendor\phpunit\phpunit\tests\_files\AbstractVariousIterableDataProviderTest.php","10/3/2025 3:18:13 AM","1418"
"C:\Users\Shadow\Web-PDFTimeSaver\vendor\phpunit\phpunit\tests\_files\ActualOutputTest.php","10/3/2025 3:18:13 AM","528"
"C:\Users\Shadow\Web-PDFTimeSaver\vendor\phpunit\phpunit\tests\_files\AnInterface.php","10/3/2025 3:18:13 AM","361"
"C:\Users\Shadow\Web-PDFTimeSaver\vendor\phpunit\phpunit\tests\_files\AnInterfaceWithReturnType.php","10/3/2025 3:18:13 AM","384"
"C:\Users\Shadow\Web-PDFTimeSaver\vendor\phpunit\phpunit\tests\_files\AnotherInterface.php","10/3/2025 3:18:13 AM","370"
"C:\Users\Shadow\Web-PDFTimeSaver\vendor\phpunit\phpunit\tests\_files\AssertionExampleTest.php","10/3/2025 3:18:13 AM","508"
"C:\Users\Shadow\Web-PDFTimeSaver\vendor\phpunit\phpunit\tests\_files\AssertionExample.php","10/3/2025 3:18:13 AM","429"
"C:\Users\Shadow\Web-PDFTimeSaver\vendor\phpunit\phpunit\tests\_files\Author.php","10/3/2025 3:18:13 AM","522"
"C:\Users\Shadow\Web-PDFTimeSaver\vendor\phpunit\phpunit\tests\_files\BankAccount.php","10/3/2025 3:18:13 AM","1596"
"C:\Users\Shadow\Web-PDFTimeSaver\vendor\phpunit\phpunit\tests\_files\BankAccountException.php","10/3/2025 3:18:13 AM","380"
"C:\Users\Shadow\Web-PDFTimeSaver\vendor\phpunit\phpunit\tests\_files\BankAccountTest.php","10/3/2025 3:18:13 AM","2369"
"C:\Users\Shadow\Web-PDFTimeSaver\vendor\phpunit\phpunit\tests\_files\BankAccountTest.test.php","10/3/2025 3:18:13 AM","2230"
"C:\Users\Shadow\Web-PDFTimeSaver\vendor\phpunit\phpunit\tests\_files\BeforeAndAfterTest.php","10/3/2025 3:18:13 AM","934"
"C:\Users\Shadow\Web-PDFTimeSaver\vendor\phpunit\phpunit\tests\_files\BeforeClassAndAfterClassTest.php","10/3/2025 3:18:13 AM","1016"
"C:\Users\Shadow\Web-PDFTimeSaver\vendor\phpunit\phpunit\tests\_files\BeforeClassWithOnlyDataProviderTest.php","10/3/2025 3:18:13 AM","1203"
"C:\Users\Shadow\Web-PDFTimeSaver\vendor\phpunit\phpunit\tests\_files\Book.php","10/3/2025 3:18:13 AM","403"
"C:\Users\Shadow\Web-PDFTimeSaver\vendor\phpunit\phpunit\tests\_files\BooleanConstraint.php","10/3/2025 3:18:13 AM","879"
"C:\Users\Shadow\Web-PDFTimeSaver\vendor\phpunit\phpunit\tests\_files\ChangeCurrentWorkingDirectoryTest.php","10/3/2025 3:18:13 AM","549"
"C:\Users\Shadow\Web-PDFTimeSaver\vendor\phpunit\phpunit\tests\_files\ClassThatImplementsSerializable.php","10/3/2025 3:18:13 AM","711"
"C:\Users\Shadow\Web-PDFTimeSaver\vendor\phpunit\phpunit\tests\_files\ClassWithAllPossibleReturnTypes.php","10/3/2025 3:18:13 AM","1596"
"C:\Users\Shadow\Web-PDFTimeSaver\vendor\phpunit\phpunit\tests\_files\ClassWithNonPublicAttributes.php","10/3/2025 3:18:13 AM","850"
"C:\Users\Shadow\Web-PDFTimeSaver\vendor\phpunit\phpunit\tests\_files\ClassWithScalarTypeDeclarations.php","10/3/2025 3:18:13 AM","412"
"C:\Users\Shadow\Web-PDFTimeSaver\vendor\phpunit\phpunit\tests\_files\ClassWithSelfTypeHint.php","10/3/2025 3:18:13 AM","387"
"C:\Users\Shadow\Web-PDFTimeSaver\vendor\phpunit\phpunit\tests\_files\ClassWithStaticMethod.php","10/3/2025 3:18:13 AM","394"
"C:\Users\Shadow\Web-PDFTimeSaver\vendor\phpunit\phpunit\tests\_files\ClassWithStaticReturnTypes.php","10/3/2025 3:18:13 AM","559"
"C:\Users\Shadow\Web-PDFTimeSaver\vendor\phpunit\phpunit\tests\_files\ClassWithToString.php","10/3/2025 3:18:13 AM","416"
"C:\Users\Shadow\Web-PDFTimeSaver\vendor\phpunit\phpunit\tests\_files\ClassWithUnionReturnTypes.php","10/3/2025 3:18:13 AM","535"
"C:\Users\Shadow\Web-PDFTimeSaver\vendor\phpunit\phpunit\tests\_files\ClassWithVariadicArgumentMethod.php","10/3/2025 3:18:13 AM","413"
"C:\Users\Shadow\Web-PDFTimeSaver\vendor\phpunit\phpunit\tests\_files\ConcreteTest.my.php","10/3/2025 3:18:13 AM","449"
"C:\Users\Shadow\Web-PDFTimeSaver\vendor\phpunit\phpunit\tests\_files\ComparisonFailureTest.php","10/3/2025 3:18:13 AM","483"
"C:\Users\Shadow\Web-PDFTimeSaver\vendor\phpunit\phpunit\tests\_files\ConcreteTest.php","10/3/2025 3:18:13 AM","435"
"C:\Users\Shadow\Web-PDFTimeSaver\vendor\phpunit\phpunit\tests\_files\CountConstraint.php","10/3/2025 3:18:13 AM","961"
"C:\Users\Shadow\Web-PDFTimeSaver\vendor\phpunit\phpunit\tests\_files\CoverageClassExtendedTest.php","10/3/2025 3:18:13 AM","583"
"C:\Users\Shadow\Web-PDFTimeSaver\vendor\phpunit\phpunit\tests\_files\CoverageClassNothingTest.php","10/3/2025 3:18:13 AM","535"
"C:\Users\Shadow\Web-PDFTimeSaver\vendor\phpunit\phpunit\tests\_files\CoverageClassTest.php","10/3/2025 3:18:13 AM","567"
"C:\Users\Shadow\Web-PDFTimeSaver\vendor\phpunit\phpunit\tests\_files\CoverageClassWithoutAnnotationsTest.php","10/3/2025 3:18:13 AM","517"
"C:\Users\Shadow\Web-PDFTimeSaver\vendor\phpunit\phpunit\tests\_files\CoverageCoversOverridesCoversNothingTest.php","10/3/2025 3:18:13 AM","633"
"C:\Users\Shadow\Web-PDFTimeSaver\vendor\phpunit\phpunit\tests\_files\CoverageFunctionParenthesesTest.php","10/3/2025 3:18:13 AM","530"
"C:\Users\Shadow\Web-PDFTimeSaver\vendor\phpunit\phpunit\tests\_files\CoverageFunctionParenthesesWhitespaceTest.php","10/3/2025 3:18:13 AM","542"
"C:\Users\Shadow\Web-PDFTimeSaver\vendor\phpunit\phpunit\tests\_files\CoverageFunctionTest.php","10/3/2025 3:18:13 AM","517"
"C:\Users\Shadow\Web-PDFTimeSaver\vendor\phpunit\phpunit\tests\_files\CoverageMethodNothingCoversMethod.php","10/3/2025 3:18:13 AM","628"
"C:\Users\Shadow\Web-PDFTimeSaver\vendor\phpunit\phpunit\tests\_files\CoverageMethodNothingTest.php","10/3/2025 3:18:13 AM","548"
"C:\Users\Shadow\Web-PDFTimeSaver\vendor\phpunit\phpunit\tests\_files\CoverageMethodOneLineAnnotationTest.php","10/3/2025 3:18:13 AM","585"
"C:\Users\Shadow\Web-PDFTimeSaver\vendor\phpunit\phpunit\tests\_files\CoverageMethodParenthesesTest.php","10/3/2025 3:18:13 AM","595"
"C:\Users\Shadow\Web-PDFTimeSaver\vendor\phpunit\phpunit\tests\_files\CoverageMethodParenthesesWhitespaceTest.php","10/3/2025 3:18:13 AM","607"
"C:\Users\Shadow\Web-PDFTimeSaver\vendor\phpunit\phpunit\tests\_files\CoverageMethodTest.php","10/3/2025 3:18:13 AM","582"
"C:\Users\Shadow\Web-PDFTimeSaver\vendor\phpunit\phpunit\tests\_files\CoverageNamespacedFunctionTest.php","10/3/2025 3:18:13 AM","523"
"C:\Users\Shadow\Web-PDFTimeSaver\vendor\phpunit\phpunit\tests\_files\CoverageNoneTest.php","10/3/2025 3:18:13 AM","498"
"C:\Users\Shadow\Web-PDFTimeSaver\vendor\phpunit\phpunit\tests\_files\CoverageNotPrivateTest.php","10/3/2025 3:18:13 AM","584"
"C:\Users\Shadow\Web-PDFTimeSaver\vendor\phpunit\phpunit\tests\_files\CoverageNotProtectedTest.php","10/3/2025 3:18:13 AM","588"
"C:\Users\Shadow\Web-PDFTimeSaver\vendor\phpunit\phpunit\tests\_files\CoverageNotPublicTest.php","10/3/2025 3:18:13 AM","582"
"C:\Users\Shadow\Web-PDFTimeSaver\vendor\phpunit\phpunit\tests\_files\CoveragePrivateTest.php","10/3/2025 3:18:13 AM","580"
"C:\Users\Shadow\Web-PDFTimeSaver\vendor\phpunit\phpunit\tests\_files\CoverageProtectedTest.php","10/3/2025 3:18:13 AM","584"
"C:\Users\Shadow\Web-PDFTimeSaver\vendor\phpunit\phpunit\tests\_files\CoveragePublicTest.php","10/3/2025 3:18:13 AM","578"
"C:\Users\Shadow\Web-PDFTimeSaver\vendor\phpunit\phpunit\tests\_files\CoverageTwoDefaultClassAnnotations.php","10/3/2025 3:18:13 AM","657"
"C:\Users\Shadow\Web-PDFTimeSaver\vendor\phpunit\phpunit\tests\_files\CoveredClass.php","10/3/2025 3:18:13 AM","948"
"C:\Users\Shadow\Web-PDFTimeSaver\vendor\phpunit\phpunit\tests\_files\CustomPrinter.php","10/3/2025 3:18:13 AM","428"
"C:\Users\Shadow\Web-PDFTimeSaver\vendor\phpunit\phpunit\tests\_files\CoveredFunction.php","10/3/2025 3:18:13 AM","301"
"C:\Users\Shadow\Web-PDFTimeSaver\vendor\phpunit\phpunit\tests\_files\DataProviderDependencyTest.php","10/3/2025 3:18:13 AM","934"
"C:\Users\Shadow\Web-PDFTimeSaver\vendor\phpunit\phpunit\tests\_files\DataProviderFilterTest.php","10/3/2025 3:18:13 AM","1128"
"C:\Users\Shadow\Web-PDFTimeSaver\vendor\phpunit\phpunit\tests\_files\DataProviderIncompleteTest.php","10/3/2025 3:18:13 AM","1057"
"C:\Users\Shadow\Web-PDFTimeSaver\vendor\phpunit\phpunit\tests\_files\DataProviderIssue2833\FirstTest.php","10/3/2025 3:18:13 AM","633"
"C:\Users\Shadow\Web-PDFTimeSaver\vendor\phpunit\phpunit\tests\_files\DataProviderIssue2833\SecondTest.php","10/3/2025 3:18:13 AM","519"
"C:\Users\Shadow\Web-PDFTimeSaver\vendor\phpunit\phpunit\tests\_files\DataProviderIssue2859\phpunit.xml","10/3/2025 3:18:13 AM","255"
"C:\Users\Shadow\Web-PDFTimeSaver\vendor\phpunit\phpunit\tests\_files\DataProviderIssue2859\tests\another\TestWithDataProviderTest.php","10/3/2025 3:18:13 AM","618"
"C:\Users\Shadow\Web-PDFTimeSaver\vendor\phpunit\phpunit\tests\_files\DataProviderIssue2922\FirstTest.php","10/3/2025 3:18:13 AM","654"
"C:\Users\Shadow\Web-PDFTimeSaver\vendor\phpunit\phpunit\tests\_files\DataProviderIssue2922\SecondTest.php","10/3/2025 3:18:13 AM","569"
"C:\Users\Shadow\Web-PDFTimeSaver\vendor\phpunit\phpunit\tests\_files\DataProviderSkippedTest.php","10/3/2025 3:18:13 AM","1039"
"C:\Users\Shadow\Web-PDFTimeSaver\vendor\phpunit\phpunit\tests\_files\DataProviderTest.php","10/3/2025 3:18:13 AM","724"
"C:\Users\Shadow\Web-PDFTimeSaver\vendor\phpunit\phpunit\tests\_files\DataproviderExecutionOrderTest.php","10/3/2025 3:18:13 AM","1224"
"C:\Users\Shadow\Web-PDFTimeSaver\vendor\phpunit\phpunit\tests\_files\DataproviderExecutionOrderTest_result_cache.txt","10/3/2025 3:18:13 AM","1997"
"C:\Users\Shadow\Web-PDFTimeSaver\vendor\phpunit\phpunit\tests\_files\DependencyFailureTest.php","10/3/2025 3:18:13 AM","1424"
"C:\Users\Shadow\Web-PDFTimeSaver\vendor\phpunit\phpunit\tests\_files\DependencyInputTest.php","10/3/2025 3:18:13 AM","519"
"C:\Users\Shadow\Web-PDFTimeSaver\vendor\phpunit\phpunit\tests\_files\DependencyOnClassTest.php","10/3/2025 3:18:13 AM","1115"
"C:\Users\Shadow\Web-PDFTimeSaver\vendor\phpunit\phpunit\tests\_files\DependencySuccessTest.php","10/3/2025 3:18:13 AM","773"
"C:\Users\Shadow\Web-PDFTimeSaver\vendor\phpunit\phpunit\tests\_files\DoesNotPerformAssertionsButPerformingAssertionsTest.php","10/3/2025 3:18:13 AM","607"
"C:\Users\Shadow\Web-PDFTimeSaver\vendor\phpunit\phpunit\tests\_files\DoNoAssertionTestCase.php","10/3/2025 3:18:13 AM","438"
"C:\Users\Shadow\Web-PDFTimeSaver\vendor\phpunit\phpunit\tests\_files\DoubleTestCase.php","10/3/2025 3:18:13 AM","900"
"C:\Users\Shadow\Web-PDFTimeSaver\vendor\phpunit\phpunit\tests\_files\DummyBarTest.php","10/3/2025 3:18:13 AM","478"
"C:\Users\Shadow\Web-PDFTimeSaver\vendor\phpunit\phpunit\tests\_files\DummyException.php","10/3/2025 3:18:13 AM","360"
"C:\Users\Shadow\Web-PDFTimeSaver\vendor\phpunit\phpunit\tests\_files\DummyFooTest.php","10/3/2025 3:18:13 AM","478"
"C:\Users\Shadow\Web-PDFTimeSaver\vendor\phpunit\phpunit\tests\_files\DuplicateKeyDataProviderTest.php","10/3/2025 3:18:13 AM","621"
"C:\Users\Shadow\Web-PDFTimeSaver\vendor\phpunit\phpunit\tests\_files\EmptyDataProviderTest.php","10/3/2025 3:18:13 AM","571"
"C:\Users\Shadow\Web-PDFTimeSaver\vendor\phpunit\phpunit\tests\_files\EmptyTestCaseTest.php","10/3/2025 3:18:13 AM","379"
"C:\Users\Shadow\Web-PDFTimeSaver\vendor\phpunit\phpunit\tests\_files\ExampleTrait.php","10/3/2025 3:18:13 AM","395"
"C:\Users\Shadow\Web-PDFTimeSaver\vendor\phpunit\phpunit\tests\_files\ExceptionInAssertPostConditionsTest.php","10/3/2025 3:18:13 AM","1130"
"C:\Users\Shadow\Web-PDFTimeSaver\vendor\phpunit\phpunit\tests\_files\ExceptionInAssertPreConditionsTest.php","10/3/2025 3:18:13 AM","1129"
"C:\Users\Shadow\Web-PDFTimeSaver\vendor\phpunit\phpunit\tests\_files\ExceptionInSetUpTest.php","10/3/2025 3:18:13 AM","1115"
"C:\Users\Shadow\Web-PDFTimeSaver\vendor\phpunit\phpunit\tests\_files\ExceptionInTearDownAfterClassTest.php","10/3/2025 3:18:13 AM","727"
"C:\Users\Shadow\Web-PDFTimeSaver\vendor\phpunit\phpunit\tests\_files\ExceptionInTearDownTest.php","10/3/2025 3:18:13 AM","1151"
"C:\Users\Shadow\Web-PDFTimeSaver\vendor\phpunit\phpunit\tests\_files\ExceptionInTest.php","10/3/2025 3:18:13 AM","1110"
"C:\Users\Shadow\Web-PDFTimeSaver\vendor\phpunit\phpunit\tests\_files\ExceptionInTestDetectedInTeardown.php","10/3/2025 3:18:13 AM","757"
"C:\Users\Shadow\Web-PDFTimeSaver\vendor\phpunit\phpunit\tests\_files\ExceptionStackTest.php","10/3/2025 3:18:13 AM","1170"
"C:\Users\Shadow\Web-PDFTimeSaver\vendor\phpunit\phpunit\tests\_files\ExceptionWithThrowable.php","10/3/2025 3:18:13 AM","421"
"C:\Users\Shadow\Web-PDFTimeSaver\vendor\phpunit\phpunit\tests\_files\Failure.php","10/3/2025 3:18:13 AM","447"
"C:\Users\Shadow\Web-PDFTimeSaver\vendor\phpunit\phpunit\tests\_files\FatalTest.php","10/3/2025 3:18:13 AM","757"
"C:\Users\Shadow\Web-PDFTimeSaver\vendor\phpunit\phpunit\tests\_files\FailureTest.php","10/3/2025 3:18:13 AM","2306"
"C:\Users\Shadow\Web-PDFTimeSaver\vendor\phpunit\phpunit\tests\_files\FinalClass.php","10/3/2025 3:18:13 AM","511"
"C:\Users\Shadow\Web-PDFTimeSaver\vendor\phpunit\phpunit\tests\_files\Foo.php","10/3/2025 3:18:13 AM","411"
"C:\Users\Shadow\Web-PDFTimeSaver\vendor\phpunit\phpunit\tests\_files\FunctionCallback.php","10/3/2025 3:18:13 AM","540"
"C:\Users\Shadow\Web-PDFTimeSaver\vendor\phpunit\phpunit\tests\_files\Go ogle-Sea.rch.wsdl","10/3/2025 3:18:13 AM","7654"
"C:\Users\Shadow\Web-PDFTimeSaver\vendor\phpunit\phpunit\tests\_files\GoogleSearch.wsdl","10/3/2025 3:18:13 AM","7654"
"C:\Users\Shadow\Web-PDFTimeSaver\vendor\phpunit\phpunit\tests\_files\IncompleteTest.php","10/3/2025 3:18:13 AM","489"
"C:\Users\Shadow\Web-PDFTimeSaver\vendor\phpunit\phpunit\tests\_files\Inheritance\InheritanceA.php","10/3/2025 3:18:13 AM","355"
"C:\Users\Shadow\Web-PDFTimeSaver\vendor\phpunit\phpunit\tests\_files\Inheritance\InheritanceB.php","10/3/2025 3:18:13 AM","443"
"C:\Users\Shadow\Web-PDFTimeSaver\vendor\phpunit\phpunit\tests\_files\InheritedTestCase.php","10/3/2025 3:18:13 AM","396"
"C:\Users\Shadow\Web-PDFTimeSaver\vendor\phpunit\phpunit\tests\_files\IniTest.php","10/3/2025 3:18:13 AM","524"
"C:\Users\Shadow\Web-PDFTimeSaver\vendor\phpunit\phpunit\tests\_files\InterfaceWithSemiReservedMethodName.php","10/3/2025 3:18:13 AM","379"
"C:\Users\Shadow\Web-PDFTimeSaver\vendor\phpunit\phpunit\tests\_files\InterfaceWithMethodsThatDeclareBooleanReturnTypes.php","10/3/2025 3:18:13 AM","460"
"C:\Users\Shadow\Web-PDFTimeSaver\vendor\phpunit\phpunit\tests\_files\InterfaceWithStaticMethod.php","10/3/2025 3:18:13 AM","383"
"C:\Users\Shadow\Web-PDFTimeSaver\vendor\phpunit\phpunit\tests\_files\IsolationTest.php","10/3/2025 3:18:13 AM","627"
"C:\Users\Shadow\Web-PDFTimeSaver\vendor\phpunit\phpunit\tests\_files\JsonData\arrayObject.json","10/3/2025 3:18:13 AM","35"
"C:\Users\Shadow\Web-PDFTimeSaver\vendor\phpunit\phpunit\tests\_files\JsonData\simpleObject.json","10/3/2025 3:18:13 AM","17"
"C:\Users\Shadow\Web-PDFTimeSaver\vendor\phpunit\phpunit\tests\_files\MethodCallback.php","10/3/2025 3:18:13 AM","701"
"C:\Users\Shadow\Web-PDFTimeSaver\vendor\phpunit\phpunit\tests\_files\MethodCallbackByReference.php","10/3/2025 3:18:13 AM","511"
"C:\Users\Shadow\Web-PDFTimeSaver\vendor\phpunit\phpunit\tests\_files\Migration\phpunit-9.2.xml","10/3/2025 3:18:13 AM","1439"
"C:\Users\Shadow\Web-PDFTimeSaver\vendor\phpunit\phpunit\tests\_files\Migration\phpunit-9.3.xml","10/3/2025 3:18:13 AM","1408"
"C:\Users\Shadow\Web-PDFTimeSaver\vendor\phpunit\phpunit\tests\_files\MockTestInterface.php","10/3/2025 3:18:13 AM","415"
"C:\Users\Shadow\Web-PDFTimeSaver\vendor\phpunit\phpunit\tests\_files\Mockable.php","10/3/2025 3:18:13 AM","819"
"C:\Users\Shadow\Web-PDFTimeSaver\vendor\phpunit\phpunit\tests\_files\MultipleDataProviderTest.php","10/3/2025 3:18:13 AM","1909"
"C:\Users\Shadow\Web-PDFTimeSaver\vendor\phpunit\phpunit\tests\_files\ModifiedConstructorTestCase.php","10/3/2025 3:18:13 AM","549"
"C:\Users\Shadow\Web-PDFTimeSaver\vendor\phpunit\phpunit\tests\_files\MyTestListener.php","10/3/2025 3:18:13 AM","2684"
"C:\Users\Shadow\Web-PDFTimeSaver\vendor\phpunit\phpunit\tests\_files\NamedConstraint.php","10/3/2025 3:18:13 AM","788"
"C:\Users\Shadow\Web-PDFTimeSaver\vendor\phpunit\phpunit\tests\_files\NamespaceCoverageClassExtendedTest.php","10/3/2025 3:18:13 AM","592"
"C:\Users\Shadow\Web-PDFTimeSaver\vendor\phpunit\phpunit\tests\_files\NamespaceCoverageClassTest.php","10/3/2025 3:18:13 AM","574"
"C:\Users\Shadow\Web-PDFTimeSaver\vendor\phpunit\phpunit\tests\_files\NamespaceCoverageCoversClassPublicTest.php","10/3/2025 3:18:13 AM","635"
"C:\Users\Shadow\Web-PDFTimeSaver\vendor\phpunit\phpunit\tests\_files\NamespaceCoverageCoversClassTest.php","10/3/2025 3:18:13 AM","911"
"C:\Users\Shadow\Web-PDFTimeSaver\vendor\phpunit\phpunit\tests\_files\NamespaceCoverageNotPrivateTest.php","10/3/2025 3:18:13 AM","592"
"C:\Users\Shadow\Web-PDFTimeSaver\vendor\phpunit\phpunit\tests\_files\NamespaceCoverageMethodTest.php","10/3/2025 3:18:13 AM","610"
"C:\Users\Shadow\Web-PDFTimeSaver\vendor\phpunit\phpunit\tests\_files\NamespaceCoverageNotProtectedTest.php","10/3/2025 3:18:13 AM","596"
"C:\Users\Shadow\Web-PDFTimeSaver\vendor\phpunit\phpunit\tests\_files\NamespaceCoverageNotPublicTest.php","10/3/2025 3:18:13 AM","590"
"C:\Users\Shadow\Web-PDFTimeSaver\vendor\phpunit\phpunit\tests\_files\NamespaceCoveragePrivateTest.php","10/3/2025 3:18:13 AM","589"
"C:\Users\Shadow\Web-PDFTimeSaver\vendor\phpunit\phpunit\tests\_files\NamespaceCoverageProtectedTest.php","10/3/2025 3:18:13 AM","593"
"C:\Users\Shadow\Web-PDFTimeSaver\vendor\phpunit\phpunit\tests\_files\NamespaceCoveragePublicTest.php","10/3/2025 3:18:13 AM","587"
"C:\Users\Shadow\Web-PDFTimeSaver\vendor\phpunit\phpunit\tests\_files\NamespaceCoveredFunction.php","10/3/2025 3:18:13 AM","337"
"C:\Users\Shadow\Web-PDFTimeSaver\vendor\phpunit\phpunit\tests\_files\NoTestCases.php","10/3/2025 3:18:13 AM","427"
"C:\Users\Shadow\Web-PDFTimeSaver\vendor\phpunit\phpunit\tests\_files\NoArgTestCaseTest.php","10/3/2025 3:18:13 AM","434"
"C:\Users\Shadow\Web-PDFTimeSaver\vendor\phpunit\phpunit\tests\_files\NotExistingCoveredElementTest.php","10/3/2025 3:18:13 AM","732"
"C:\Users\Shadow\Web-PDFTimeSaver\vendor\phpunit\phpunit\tests\_files\NotPublicTestCase.php","10/3/2025 3:18:13 AM","495"
"C:\Users\Shadow\Web-PDFTimeSaver\vendor\phpunit\phpunit\tests\_files\NotReorderableTest.php","10/3/2025 3:18:13 AM","706"
"C:\Users\Shadow\Web-PDFTimeSaver\vendor\phpunit\phpunit\tests\_files\NotSelfDescribingTest.php","10/3/2025 3:18:13 AM","667"
"C:\Users\Shadow\Web-PDFTimeSaver\vendor\phpunit\phpunit\tests\_files\NotVoidTestCase.php","10/3/2025 3:18:13 AM","377"
"C:\Users\Shadow\Web-PDFTimeSaver\vendor\phpunit\phpunit\tests\_files\NothingTest.php","10/3/2025 3:18:13 AM","428"
"C:\Users\Shadow\Web-PDFTimeSaver\vendor\phpunit\phpunit\tests\_files\NumericGroupAnnotationTest.php","10/3/2025 3:18:13 AM","1221"
"C:\Users\Shadow\Web-PDFTimeSaver\vendor\phpunit\phpunit\tests\_files\ObjectEquals\ValueObject.php","10/3/2025 3:18:13 AM","649"
"C:\Users\Shadow\Web-PDFTimeSaver\vendor\phpunit\phpunit\tests\_files\ObjectEquals\ValueObjectWithEqualsMethodThatAcceptsTooManyArguments.php","10/3/2025 3:18:13 AM","678"
"C:\Users\Shadow\Web-PDFTimeSaver\vendor\phpunit\phpunit\tests\_files\ObjectEquals\ValueObjectWithEqualsMethodThatDoesNotAcceptArguments.php","10/3/2025 3:18:13 AM","651"
"C:\Users\Shadow\Web-PDFTimeSaver\vendor\phpunit\phpunit\tests\_files\ObjectEquals\ValueObjectWithEqualsMethodThatDoesNotDeclareParameterType.php","10/3/2025 3:18:13 AM","691"
"C:\Users\Shadow\Web-PDFTimeSaver\vendor\phpunit\phpunit\tests\_files\ObjectEquals\ValueObjectWithEqualsMethodThatHasIncompatibleParameterType.php","10/3/2025 3:18:13 AM","689"
"C:\Users\Shadow\Web-PDFTimeSaver\vendor\phpunit\phpunit\tests\_files\ObjectEquals\ValueObjectWithEqualsMethodThatHasUnionParameterType.php","10/3/2025 3:18:13 AM","687"
"C:\Users\Shadow\Web-PDFTimeSaver\vendor\phpunit\phpunit\tests\_files\ObjectEquals\ValueObjectWithEqualsMethodWithNullableReturnType.php","10/3/2025 3:18:13 AM","658"
"C:\Users\Shadow\Web-PDFTimeSaver\vendor\phpunit\phpunit\tests\_files\ObjectEquals\ValueObjectWithEqualsMethodWithUnionReturnType.php","10/3/2025 3:18:13 AM","655"
"C:\Users\Shadow\Web-PDFTimeSaver\vendor\phpunit\phpunit\tests\_files\ObjectEquals\ValueObjectWithEqualsMethodWithVoidReturnType.php","10/3/2025 3:18:13 AM","631"
"C:\Users\Shadow\Web-PDFTimeSaver\vendor\phpunit\phpunit\tests\_files\ObjectEquals\ValueObjectWithEqualsMethodWithoutReturnType.php","10/3/2025 3:18:13 AM","676"
"C:\Users\Shadow\Web-PDFTimeSaver\vendor\phpunit\phpunit\tests\_files\ObjectEquals\ValueObjectWithoutEqualsMethod.php","10/3/2025 3:18:13 AM","553"
"C:\Users\Shadow\Web-PDFTimeSaver\vendor\phpunit\phpunit\tests\_files\OneClassPerFile\TwoClassesValid.php","10/3/2025 3:18:13 AM","505"
"C:\Users\Shadow\Web-PDFTimeSaver\vendor\phpunit\phpunit\tests\_files\OneClassPerFile\failing\TwoClassesInvalidTest.php","10/3/2025 3:18:13 AM","612"
"C:\Users\Shadow\Web-PDFTimeSaver\vendor\phpunit\phpunit\tests\_files\OneClassPerFile\phpunit.xml","10/3/2025 3:18:13 AM","326"
"C:\Users\Shadow\Web-PDFTimeSaver\vendor\phpunit\phpunit\tests\_files\OneClassPerFile\wrongClassName\WrongClassNameTest.php","10/3/2025 3:18:13 AM","470"
"C:\Users\Shadow\Web-PDFTimeSaver\vendor\phpunit\phpunit\tests\_files\OneTestCase.php","10/3/2025 3:18:13 AM","490"
"C:\Users\Shadow\Web-PDFTimeSaver\vendor\phpunit\phpunit\tests\_files\OutputTestCase.php","10/3/2025 3:18:13 AM","954"
"C:\Users\Shadow\Web-PDFTimeSaver\vendor\phpunit\phpunit\tests\_files\ParentClassWithPrivateAttributes.php","10/3/2025 3:18:13 AM","449"
"C:\Users\Shadow\Web-PDFTimeSaver\vendor\phpunit\phpunit\tests\_files\OverrideTestCase.php","10/3/2025 3:18:13 AM","407"
"C:\Users\Shadow\Web-PDFTimeSaver\vendor\phpunit\phpunit\tests\_files\ParentClassWithProtectedAttributes.php","10/3/2025 3:18:13 AM","500"
"C:\Users\Shadow\Web-PDFTimeSaver\vendor\phpunit\phpunit\tests\_files\ParseTestMethodAnnotationsMock.php","10/3/2025 3:18:13 AM","497"
"C:\Users\Shadow\Web-PDFTimeSaver\vendor\phpunit\phpunit\tests\_files\PartialMockTestClass.php","10/3/2025 3:18:13 AM","580"
"C:\Users\Shadow\Web-PDFTimeSaver\vendor\phpunit\phpunit\tests\_files\PreConditionAndPostConditionTest.php","10/3/2025 3:18:13 AM","1009"
"C:\Users\Shadow\Web-PDFTimeSaver\vendor\phpunit\phpunit\tests\_files\RequirementsClassBeforeClassHookTest.php","10/3/2025 3:18:13 AM","635"
"C:\Users\Shadow\Web-PDFTimeSaver\vendor\phpunit\phpunit\tests\_files\RequirementsClassDocBlockTest.php","10/3/2025 3:18:13 AM","733"
"C:\Users\Shadow\Web-PDFTimeSaver\vendor\phpunit\phpunit\tests\_files\RequirementsTest.php","10/3/2025 3:18:13 AM","10040"
"C:\Users\Shadow\Web-PDFTimeSaver\vendor\phpunit\phpunit\tests\_files\RouterTest.php","10/3/2025 3:18:13 AM","851"
"C:\Users\Shadow\Web-PDFTimeSaver\vendor\phpunit\phpunit\tests\_files\SampleArrayAccess.php","10/3/2025 3:18:13 AM","1109"
"C:\Users\Shadow\Web-PDFTimeSaver\vendor\phpunit\phpunit\tests\_files\SampleClass.php","10/3/2025 3:18:13 AM","506"
"C:\Users\Shadow\Web-PDFTimeSaver\vendor\phpunit\phpunit\tests\_files\SeparateProcessesTest.php","10/3/2025 3:18:13 AM","672"
"C:\Users\Shadow\Web-PDFTimeSaver\vendor\phpunit\phpunit\tests\_files\Singleton.php","10/3/2025 3:18:13 AM","662"
"C:\Users\Shadow\Web-PDFTimeSaver\vendor\phpunit\phpunit\tests\_files\SomeClass.php","10/3/2025 3:18:13 AM","494"
"C:\Users\Shadow\Web-PDFTimeSaver\vendor\phpunit\phpunit\tests\_files\StopOnErrorTestSuite.php","10/3/2025 3:18:13 AM","743"
"C:\Users\Shadow\Web-PDFTimeSaver\vendor\phpunit\phpunit\tests\_files\StopOnWarningTestSuite.php","10/3/2025 3:18:13 AM","604"
"C:\Users\Shadow\Web-PDFTimeSaver\vendor\phpunit\phpunit\tests\_files\StopsOnWarningTest.php","10/3/2025 3:18:13 AM","431"
"C:\Users\Shadow\Web-PDFTimeSaver\vendor\phpunit\phpunit\tests\_files\StringableClass.php","10/3/2025 3:18:13 AM","398"
"C:\Users\Shadow\Web-PDFTimeSaver\vendor\phpunit\phpunit\tests\_files\Struct.php","10/3/2025 3:18:13 AM","417"
"C:\Users\Shadow\Web-PDFTimeSaver\vendor\phpunit\phpunit\tests\_files\Success.php","10/3/2025 3:18:13 AM","457"
"C:\Users\Shadow\Web-PDFTimeSaver\vendor\phpunit\phpunit\tests\_files\TemplateMethodsTest.php","10/3/2025 3:18:13 AM","1365"
"C:\Users\Shadow\Web-PDFTimeSaver\vendor\phpunit\phpunit\tests\_files\TestAutoreferenced.php","10/3/2025 3:18:13 AM","515"
"C:\Users\Shadow\Web-PDFTimeSaver\vendor\phpunit\phpunit\tests\_files\TestCaseWithExceptionInHook.php","10/3/2025 3:18:13 AM","731"
"C:\Users\Shadow\Web-PDFTimeSaver\vendor\phpunit\phpunit\tests\_files\TestGeneratorMaker.php","10/3/2025 3:18:13 AM","475"
"C:\Users\Shadow\Web-PDFTimeSaver\vendor\phpunit\phpunit\tests\_files\TestIncomplete.php","10/3/2025 3:18:13 AM","485"
"C:\Users\Shadow\Web-PDFTimeSaver\vendor\phpunit\phpunit\tests\_files\TestIterator.php","10/3/2025 3:18:13 AM","1073"
"C:\Users\Shadow\Web-PDFTimeSaver\vendor\phpunit\phpunit\tests\_files\TestIterator2.php","10/3/2025 3:18:13 AM","1082"
"C:\Users\Shadow\Web-PDFTimeSaver\vendor\phpunit\phpunit\tests\_files\TestIteratorAggregate.php","10/3/2025 3:18:13 AM","693"
"C:\Users\Shadow\Web-PDFTimeSaver\vendor\phpunit\phpunit\tests\_files\TestIteratorAggregate2.php","10/3/2025 3:18:13 AM","694"
"C:\Users\Shadow\Web-PDFTimeSaver\vendor\phpunit\phpunit\tests\_files\TestProxyFixture.php","10/3/2025 3:18:13 AM","1042"
"C:\Users\Shadow\Web-PDFTimeSaver\vendor\phpunit\phpunit\tests\_files\TestRisky.php","10/3/2025 3:18:13 AM","456"
"C:\Users\Shadow\Web-PDFTimeSaver\vendor\phpunit\phpunit\tests\_files\TestSkipped.php","10/3/2025 3:18:13 AM","476"
"C:\Users\Shadow\Web-PDFTimeSaver\vendor\phpunit\phpunit\tests\_files\TestTestError.php","10/3/2025 3:18:13 AM","471"
"C:\Users\Shadow\Web-PDFTimeSaver\vendor\phpunit\phpunit\tests\_files\TestWithAnnotations.php","10/3/2025 3:18:13 AM","1590"
"C:\Users\Shadow\Web-PDFTimeSaver\vendor\phpunit\phpunit\tests\_files\TestWarning.php","10/3/2025 3:18:13 AM","487"
"C:\Users\Shadow\Web-PDFTimeSaver\vendor\phpunit\phpunit\tests\_files\TestWithDifferentNames.php","10/3/2025 3:18:13 AM","446"
"C:\Users\Shadow\Web-PDFTimeSaver\vendor\phpunit\phpunit\tests\_files\TestWithDifferentOutput.php","10/3/2025 3:18:13 AM","914"
"C:\Users\Shadow\Web-PDFTimeSaver\vendor\phpunit\phpunit\tests\_files\TestWithDifferentSizes.php","10/3/2025 3:18:13 AM","1492"
"C:\Users\Shadow\Web-PDFTimeSaver\vendor\phpunit\phpunit\tests\_files\TestWithDifferentStatuses.php","10/3/2025 3:18:13 AM","1514"
"C:\Users\Shadow\Web-PDFTimeSaver\vendor\phpunit\phpunit\tests\_files\TestWithTest.php","10/3/2025 3:18:13 AM","798"
"C:\Users\Shadow\Web-PDFTimeSaver\vendor\phpunit\phpunit\tests\_files\TestableCliTestDoxPrinter.php","10/3/2025 3:18:13 AM","614"
"C:\Users\Shadow\Web-PDFTimeSaver\vendor\phpunit\phpunit\tests\_files\ThrowExceptionTestCase.php","10/3/2025 3:18:13 AM","708"
"C:\Users\Shadow\Web-PDFTimeSaver\vendor\phpunit\phpunit\tests\_files\ThrowNoExceptionTestCase.php","10/3/2025 3:18:13 AM","434"
"C:\Users\Shadow\Web-PDFTimeSaver\vendor\phpunit\phpunit\tests\_files\TraitWithConstructor.php","10/3/2025 3:18:13 AM","530"
"C:\Users\Shadow\Web-PDFTimeSaver\vendor\phpunit\phpunit\tests\_files\TraversableMockTestInterface.php","10/3/2025 3:18:13 AM","382"
"C:\Users\Shadow\Web-PDFTimeSaver\vendor\phpunit\phpunit\tests\_files\VariousDocblockDefinedDataProvider.php","10/3/2025 3:18:13 AM","1496"
"C:\Users\Shadow\Web-PDFTimeSaver\vendor\phpunit\phpunit\tests\_files\VariousIterableDataProviderTest.php","10/3/2025 3:18:13 AM","1974"
"C:\Users\Shadow\Web-PDFTimeSaver\vendor\phpunit\phpunit\tests\_files\WasRun.php","10/3/2025 3:18:13 AM","484"
"C:\Users\Shadow\Web-PDFTimeSaver\vendor\phpunit\phpunit\tests\_files\WrapperIteratorAggregate.php","10/3/2025 3:18:13 AM","936"
"C:\Users\Shadow\Web-PDFTimeSaver\vendor\phpunit\phpunit\tests\_files\XmlConfigurationMigration\input-8.5.xml","10/3/2025 3:18:13 AM","1635"
"C:\Users\Shadow\Web-PDFTimeSaver\vendor\phpunit\phpunit\tests\_files\XmlConfigurationMigration\input-9.2.xml","10/3/2025 3:18:13 AM","1691"
"C:\Users\Shadow\Web-PDFTimeSaver\vendor\phpunit\phpunit\tests\_files\XmlConfigurationMigration\output-9.3.xml","10/3/2025 3:18:13 AM","1489"
"C:\Users\Shadow\Web-PDFTimeSaver\vendor\phpunit\phpunit\tests\_files\abstract\with-test-suffix\AbstractTest.php","10/3/2025 3:18:13 AM","468"
"C:\Users\Shadow\Web-PDFTimeSaver\vendor\phpunit\phpunit\tests\_files\abstract\with-test-suffix\ConcreteTestClassExtendingAbstractTestClassWithTestSuffixTest.php","10/3/2025 3:18:13 AM","398"
"C:\Users\Shadow\Web-PDFTimeSaver\vendor\phpunit\phpunit\tests\_files\abstract\without-test-suffix\AbstractTestCase.php","10/3/2025 3:18:13 AM","472"
"C:\Users\Shadow\Web-PDFTimeSaver\vendor\phpunit\phpunit\tests\_files\abstract\without-test-suffix\ConcreteTestClassExtendingAbstractTestClassWithoutTestSuffixTest.php","10/3/2025 3:18:13 AM","405"
"C:\Users\Shadow\Web-PDFTimeSaver\vendor\phpunit\phpunit\tests\_files\bar.xml","10/3/2025 3:18:13 AM","8"
"C:\Users\Shadow\Web-PDFTimeSaver\vendor\phpunit\phpunit\tests\_files\configuration.colors.false.xml","10/3/2025 3:18:13 AM","36"
"C:\Users\Shadow\Web-PDFTimeSaver\vendor\phpunit\phpunit\tests\_files\configuration.colors.empty.xml","10/3/2025 3:18:13 AM","31"
"C:\Users\Shadow\Web-PDFTimeSaver\vendor\phpunit\phpunit\tests\_files\configuration.colors.invalid.xml","10/3/2025 3:18:13 AM","45"
"C:\Users\Shadow\Web-PDFTimeSaver\vendor\phpunit\phpunit\tests\_files\configuration.colors.true.xml","10/3/2025 3:18:13 AM","35"
"C:\Users\Shadow\Web-PDFTimeSaver\vendor\phpunit\phpunit\tests\_files\configuration.columns.default.xml","10/3/2025 3:18:13 AM","45"
"C:\Users\Shadow\Web-PDFTimeSaver\vendor\phpunit\phpunit\tests\_files\configuration.defaulttestsuite.xml","10/3/2025 3:18:13 AM","305"
"C:\Users\Shadow\Web-PDFTimeSaver\vendor\phpunit\phpunit\tests\_files\configuration.depends-on-class.xml","10/3/2025 3:18:13 AM","461"
"C:\Users\Shadow\Web-PDFTimeSaver\vendor\phpunit\phpunit\tests\_files\configuration.suites.xml","10/3/2025 3:18:13 AM","160"
"C:\Users\Shadow\Web-PDFTimeSaver\vendor\phpunit\phpunit\tests\_files\configuration.xml","10/3/2025 3:18:13 AM","4816"
"C:\Users\Shadow\Web-PDFTimeSaver\vendor\phpunit\phpunit\tests\_files\configuration_codecoverage.xml","10/3/2025 3:18:13 AM","1184"
"C:\Users\Shadow\Web-PDFTimeSaver\vendor\phpunit\phpunit\tests\_files\configuration_empty.xml","10/3/2025 3:18:13 AM","715"
"C:\Users\Shadow\Web-PDFTimeSaver\vendor\phpunit\phpunit\tests\_files\configuration_execution_order_options.xml","10/3/2025 3:18:13 AM","164"
"C:\Users\Shadow\Web-PDFTimeSaver\vendor\phpunit\phpunit\tests\_files\configuration_legacy_codecoverage.xml","10/3/2025 3:18:13 AM","1211"
"C:\Users\Shadow\Web-PDFTimeSaver\vendor\phpunit\phpunit\tests\_files\configuration_legacy_logging.xml","10/3/2025 3:18:13 AM","418"
"C:\Users\Shadow\Web-PDFTimeSaver\vendor\phpunit\phpunit\tests\_files\configuration_logging.xml","10/3/2025 3:18:13 AM","372"
"C:\Users\Shadow\Web-PDFTimeSaver\vendor\phpunit\phpunit\tests\_files\configuration_stop_on_defect.xml","10/3/2025 3:18:13 AM","73"
"C:\Users\Shadow\Web-PDFTimeSaver\vendor\phpunit\phpunit\tests\_files\configuration_stop_on_error.xml","10/3/2025 3:18:13 AM","72"
"C:\Users\Shadow\Web-PDFTimeSaver\vendor\phpunit\phpunit\tests\_files\configuration_stop_on_incomplete.xml","10/3/2025 3:18:13 AM","77"
"C:\Users\Shadow\Web-PDFTimeSaver\vendor\phpunit\phpunit\tests\_files\configuration_testdox.xml","10/3/2025 3:18:13 AM","77"
"C:\Users\Shadow\Web-PDFTimeSaver\vendor\phpunit\phpunit\tests\_files\configuration_stop_on_warning.xml","10/3/2025 3:18:13 AM","72"
"C:\Users\Shadow\Web-PDFTimeSaver\vendor\phpunit\phpunit\tests\_files\configuration_testdox_printerClass.xml","10/3/2025 3:18:13 AM","96"
"C:\Users\Shadow\Web-PDFTimeSaver\vendor\phpunit\phpunit\tests\_files\configuration_testsuites.xml","10/3/2025 3:18:13 AM","634"
"C:\Users\Shadow\Web-PDFTimeSaver\vendor\phpunit\phpunit\tests\_files\configuration_testsuite.xml","10/3/2025 3:18:13 AM","269"
"C:\Users\Shadow\Web-PDFTimeSaver\vendor\phpunit\phpunit\tests\_files\configuration_xdebug_filter.xml","10/3/2025 3:18:13 AM","252"
"C:\Users\Shadow\Web-PDFTimeSaver\vendor\phpunit\phpunit\tests\_files\configuration_xinclude.xml","10/3/2025 3:18:13 AM","3044"
"C:\Users\Shadow\Web-PDFTimeSaver\vendor\phpunit\phpunit\tests\_files\expectedFileFormat.txt","10/3/2025 3:18:13 AM","5"
"C:\Users\Shadow\Web-PDFTimeSaver\vendor\phpunit\phpunit\tests\_files\foo.xml","10/3/2025 3:18:13 AM","8"
"C:\Users\Shadow\Web-PDFTimeSaver\vendor\phpunit\phpunit\tests\_files\fooUppercase.xml","10/3/2025 3:18:13 AM","8"
"C:\Users\Shadow\Web-PDFTimeSaver\vendor\phpunit\phpunit\tests\_files\mock-object\ChildClass.php","10/3/2025 3:18:13 AM","351"
"C:\Users\Shadow\Web-PDFTimeSaver\vendor\phpunit\phpunit\tests\_files\mock-object\AnotherClassUsingConfigurableMethods.php","10/3/2025 3:18:13 AM","544"
"C:\Users\Shadow\Web-PDFTimeSaver\vendor\phpunit\phpunit\tests\_files\mock-object\ClassUsingConfigurableMethods.php","10/3/2025 3:18:13 AM","537"
"C:\Users\Shadow\Web-PDFTimeSaver\vendor\phpunit\phpunit\tests\_files\mock-object\ClassWithImplicitProtocol.php","10/3/2025 3:18:13 AM","455"
"C:\Users\Shadow\Web-PDFTimeSaver\vendor\phpunit\phpunit\tests\_files\mock-object\ClassWithoutParentButParentReturnType.php","10/3/2025 3:18:13 AM","407"
"C:\Users\Shadow\Web-PDFTimeSaver\vendor\phpunit\phpunit\tests\_files\mock-object\InterfaceWithMethodReturningDisjunctiveNormalFormType.php","10/3/2025 3:18:13 AM","472"
"C:\Users\Shadow\Web-PDFTimeSaver\vendor\phpunit\phpunit\tests\_files\mock-object\InterfaceWithMethodReturningFalse.php","10/3/2025 3:18:13 AM","402"
"C:\Users\Shadow\Web-PDFTimeSaver\vendor\phpunit\phpunit\tests\_files\mock-object\InterfaceWithMethodReturningIntersection.php","10/3/2025 3:18:13 AM","426"
"C:\Users\Shadow\Web-PDFTimeSaver\vendor\phpunit\phpunit\tests\_files\mock-object\InterfaceWithMethodReturningNull.php","10/3/2025 3:18:13 AM","399"
"C:\Users\Shadow\Web-PDFTimeSaver\vendor\phpunit\phpunit\tests\_files\mock-object\InterfaceWithMethodReturningTrue.php","10/3/2025 3:18:13 AM","399"
"C:\Users\Shadow\Web-PDFTimeSaver\vendor\phpunit\phpunit\tests\_files\mock-object\MockClassGenerated.tpl","10/3/2025 3:18:13 AM","264"
"C:\Users\Shadow\Web-PDFTimeSaver\vendor\phpunit\phpunit\tests\_files\mock-object\MockClassWithConfigurableMethods.php","10/3/2025 3:18:13 AM","540"
"C:\Users\Shadow\Web-PDFTimeSaver\vendor\phpunit\phpunit\tests\_files\mock-object\MockTraitGenerated.tpl","10/3/2025 3:18:13 AM","77"
"C:\Users\Shadow\Web-PDFTimeSaver\vendor\phpunit\phpunit\tests\_files\mock-object\ParentClass.php","10/3/2025 3:18:13 AM","379"
"C:\Users\Shadow\Web-PDFTimeSaver\vendor\phpunit\phpunit\tests\_files\mock-object\ReadonlyClass.php","10/3/2025 3:18:13 AM","494"
"C:\Users\Shadow\Web-PDFTimeSaver\vendor\phpunit\phpunit\tests\_files\mock-object\ReinitializeConfigurableMethods.php","10/3/2025 3:18:13 AM","407"
"C:\Users\Shadow\Web-PDFTimeSaver\vendor\phpunit\phpunit\tests\_files\namespace\someNamespaceA\NamespacedClass.php","10/3/2025 3:18:13 AM","340"
"C:\Users\Shadow\Web-PDFTimeSaver\vendor\phpunit\phpunit\tests\_files\namespace\someNamespaceB\NamespacedClass.php","10/3/2025 3:18:13 AM","340"
"C:\Users\Shadow\Web-PDFTimeSaver\vendor\phpunit\phpunit\tests\_files\phpt-for-coverage.phpt","10/3/2025 3:18:13 AM","205"
"C:\Users\Shadow\Web-PDFTimeSaver\vendor\phpunit\phpunit\tests\_files\phpt-for-multiwhitelist-coverage.phpt","10/3/2025 3:18:13 AM","330"
"C:\Users\Shadow\Web-PDFTimeSaver\vendor\phpunit\phpunit\tests\_files\phpt-unsupported-section.phpt","10/3/2025 3:18:13 AM","190"
"C:\Users\Shadow\Web-PDFTimeSaver\vendor\phpunit\phpunit\tests\_files\phpt-xfail.phpt","10/3/2025 3:18:13 AM","218"
"C:\Users\Shadow\Web-PDFTimeSaver\vendor\phpunit\phpunit\tests\_files\phpunit-example-extension\phpunit.xml","10/3/2025 3:18:13 AM","361"
"C:\Users\Shadow\Web-PDFTimeSaver\vendor\phpunit\phpunit\tests\_files\phpunit-example-extension\tests\OneTest.php","10/3/2025 3:18:13 AM","491"
"C:\Users\Shadow\Web-PDFTimeSaver\vendor\phpunit\phpunit\tests\_files\phpunit-example-extension\tools\phpunit.d\phpunit-example-extension-3.0.3.phar","10/3/2025 3:18:13 AM","7714"
"C:\Users\Shadow\Web-PDFTimeSaver\vendor\phpunit\phpunit\tests\_files\structureAttributesAreSameButValuesAreNot.xml","10/3/2025 3:18:13 AM","801"
"C:\Users\Shadow\Web-PDFTimeSaver\vendor\phpunit\phpunit\tests\_files\structureExpected.xml","10/3/2025 3:18:13 AM","856"
"C:\Users\Shadow\Web-PDFTimeSaver\vendor\phpunit\phpunit\tests\_files\structureIgnoreTextNodes.xml","10/3/2025 3:18:13 AM","911"
"C:\Users\Shadow\Web-PDFTimeSaver\vendor\phpunit\phpunit\tests\_files\structureIsSameButDataIsNot.xml","10/3/2025 3:18:13 AM","872"
"C:\Users\Shadow\Web-PDFTimeSaver\vendor\phpunit\phpunit\tests\_files\structureWrongNumberOfAttributes.xml","10/3/2025 3:18:13 AM","778"
"C:\Users\Shadow\Web-PDFTimeSaver\vendor\phpunit\phpunit\tests\_files\structureWrongNumberOfNodes.xml","10/3/2025 3:18:13 AM","589"
"C:\Users\Shadow\Web-PDFTimeSaver\vendor\phpunit\phpunit\tests\bootstrap.php","10/3/2025 3:18:13 AM","1456"
"C:\Users\Shadow\Web-PDFTimeSaver\vendor\phpunit\phpunit\tests\end-to-end\_files\Extension.php","10/3/2025 3:18:13 AM","3156"
"C:\Users\Shadow\Web-PDFTimeSaver\vendor\phpunit\phpunit\tests\end-to-end\_files\MyCommand.php","10/3/2025 3:18:13 AM","636"
"C:\Users\Shadow\Web-PDFTimeSaver\vendor\phpunit\phpunit\tests\end-to-end\_files\NullPrinter.php","10/3/2025 3:18:13 AM","666"
"C:\Users\Shadow\Web-PDFTimeSaver\vendor\phpunit\phpunit\tests\end-to-end\_files\basic\configuration.basic.xml","10/3/2025 3:18:13 AM","503"
"C:\Users\Shadow\Web-PDFTimeSaver\vendor\phpunit\phpunit\tests\end-to-end\_files\basic\unit\SetUpBeforeClassTest.php","10/3/2025 3:18:13 AM","1266"
"C:\Users\Shadow\Web-PDFTimeSaver\vendor\phpunit\phpunit\tests\end-to-end\_files\basic\unit\SetUpTest.php","10/3/2025 3:18:13 AM","1036"
"C:\Users\Shadow\Web-PDFTimeSaver\vendor\phpunit\phpunit\tests\end-to-end\_files\basic\unit\StatusTest.php","10/3/2025 3:18:13 AM","2154"
"C:\Users\Shadow\Web-PDFTimeSaver\vendor\phpunit\phpunit\tests\end-to-end\_files\basic\unit\TearDownAfterClassTest.php","10/3/2025 3:18:13 AM","934"
"C:\Users\Shadow\Web-PDFTimeSaver\vendor\phpunit\phpunit\tests\end-to-end\_files\coverage-annotation-based-filter\phpunit.xml","10/3/2025 3:18:13 AM","338"
"C:\Users\Shadow\Web-PDFTimeSaver\vendor\phpunit\phpunit\tests\end-to-end\_files\coverage-annotation-based-filter\src\AnnotationFilter.php","10/3/2025 3:18:13 AM","332"
"C:\Users\Shadow\Web-PDFTimeSaver\vendor\phpunit\phpunit\tests\end-to-end\_files\coverage-annotation-based-filter\tests\AnnotationFilterTest.php","10/3/2025 3:18:13 AM","702"
"C:\Users\Shadow\Web-PDFTimeSaver\vendor\phpunit\phpunit\tests\end-to-end\_files\expect_external.txt","10/3/2025 3:18:13 AM","55"
"C:\Users\Shadow\Web-PDFTimeSaver\vendor\phpunit\phpunit\tests\end-to-end\_files\force-covers-annotation\phpunit.xml","10/3/2025 3:18:13 AM","531"
"C:\Users\Shadow\Web-PDFTimeSaver\vendor\phpunit\phpunit\tests\end-to-end\_files\force-covers-annotation\tests\Test.php","10/3/2025 3:18:13 AM","423"
"C:\Users\Shadow\Web-PDFTimeSaver\vendor\phpunit\phpunit\tests\end-to-end\_files\groups\phpunit.xml","10/3/2025 3:18:13 AM","322"
"C:\Users\Shadow\Web-PDFTimeSaver\vendor\phpunit\phpunit\tests\end-to-end\_files\groups\tests\FooTest.php","10/3/2025 3:18:13 AM","717"
"C:\Users\Shadow\Web-PDFTimeSaver\vendor\phpunit\phpunit\tests\end-to-end\_files\no-log-cc-override\NoLogNoCc.php","10/3/2025 3:18:13 AM","364"
"C:\Users\Shadow\Web-PDFTimeSaver\vendor\phpunit\phpunit\tests\end-to-end\_files\no-log-cc-override\NoLogNoCcTest.php","10/3/2025 3:18:13 AM","490"
"C:\Users\Shadow\Web-PDFTimeSaver\vendor\phpunit\phpunit\tests\end-to-end\_files\no-log-cc-override\phpunit.xml","10/3/2025 3:18:13 AM","1105"
"C:\Users\Shadow\Web-PDFTimeSaver\vendor\phpunit\phpunit\tests\end-to-end\_files\output-cli-help-color.txt","10/3/2025 3:18:13 AM","8783"
"C:\Users\Shadow\Web-PDFTimeSaver\vendor\phpunit\phpunit\tests\end-to-end\_files\output-cli-usage.txt","10/3/2025 3:18:13 AM","6477"
"C:\Users\Shadow\Web-PDFTimeSaver\vendor\phpunit\phpunit\tests\end-to-end\_files\phpt-expect-external-location-hint-example.phpt","10/3/2025 3:18:13 AM","272"
"C:\Users\Shadow\Web-PDFTimeSaver\vendor\phpunit\phpunit\tests\end-to-end\_files\phpt-expect-location-hint-example.phpt","10/3/2025 3:18:13 AM","245"
"C:\Users\Shadow\Web-PDFTimeSaver\vendor\phpunit\phpunit\tests\end-to-end\_files\phpt-skipif-location-hint-example.phpt","10/3/2025 3:18:13 AM","288"
"C:\Users\Shadow\Web-PDFTimeSaver\vendor\phpunit\phpunit\tests\end-to-end\_files\phpt_external.php","10/3/2025 3:18:13 AM","377"
"C:\Users\Shadow\Web-PDFTimeSaver\vendor\phpunit\phpunit\tests\end-to-end\_files\test-directory-does-not-exist\phpunit.xml","10/3/2025 3:18:13 AM","356"
"C:\Users\Shadow\Web-PDFTimeSaver\vendor\phpunit\phpunit\tests\end-to-end\cli\bootstrap-not-found.phpt","10/3/2025 3:18:13 AM","345"
"C:\Users\Shadow\Web-PDFTimeSaver\vendor\phpunit\phpunit\tests\end-to-end\cli\columns-max.phpt","10/3/2025 3:18:13 AM","593"
"C:\Users\Shadow\Web-PDFTimeSaver\vendor\phpunit\phpunit\tests\end-to-end\cli\columns.phpt","10/3/2025 3:18:13 AM","551"
"C:\Users\Shadow\Web-PDFTimeSaver\vendor\phpunit\phpunit\tests\end-to-end\cli\covers-annotation-based-filter.phpt","10/3/2025 3:18:13 AM","753"
"C:\Users\Shadow\Web-PDFTimeSaver\vendor\phpunit\phpunit\tests\end-to-end\cli\dump-xdebug-filter.phpt","10/3/2025 3:18:13 AM","1024"
"C:\Users\Shadow\Web-PDFTimeSaver\vendor\phpunit\phpunit\tests\end-to-end\cli\exclude-group-argument.phpt","10/3/2025 3:18:13 AM","698"
"C:\Users\Shadow\Web-PDFTimeSaver\vendor\phpunit\phpunit\tests\end-to-end\cli\exclude-group-configuration.phpt","10/3/2025 3:18:13 AM","659"
"C:\Users\Shadow\Web-PDFTimeSaver\vendor\phpunit\phpunit\tests\end-to-end\cli\extensions-via-cli.phpt","10/3/2025 3:18:13 AM","1222"
"C:\Users\Shadow\Web-PDFTimeSaver\vendor\phpunit\phpunit\tests\end-to-end\cli\filter-class-match-argument.phpt","10/3/2025 3:18:13 AM","922"
"C:\Users\Shadow\Web-PDFTimeSaver\vendor\phpunit\phpunit\tests\end-to-end\cli\filter-class-match-configuration.phpt","10/3/2025 3:18:13 AM","883"
"C:\Users\Shadow\Web-PDFTimeSaver\vendor\phpunit\phpunit\tests\end-to-end\cli\filter-class-nomatch-argument.phpt","10/3/2025 3:18:13 AM","528"
"C:\Users\Shadow\Web-PDFTimeSaver\vendor\phpunit\phpunit\tests\end-to-end\cli\filter-class-nomatch-configuration.phpt","10/3/2025 3:18:13 AM","489"
"C:\Users\Shadow\Web-PDFTimeSaver\vendor\phpunit\phpunit\tests\end-to-end\cli\filter-dataprovider-by-classname-and-range.phpt","10/3/2025 3:18:13 AM","676"
"C:\Users\Shadow\Web-PDFTimeSaver\vendor\phpunit\phpunit\tests\end-to-end\cli\filter-dataprovider-by-number.phpt","10/3/2025 3:18:13 AM","642"
"C:\Users\Shadow\Web-PDFTimeSaver\vendor\phpunit\phpunit\tests\end-to-end\cli\filter-dataprovider-by-only-range.phpt","10/3/2025 3:18:13 AM","633"
"C:\Users\Shadow\Web-PDFTimeSaver\vendor\phpunit\phpunit\tests\end-to-end\cli\filter-dataprovider-by-only-regexp.phpt","10/3/2025 3:18:13 AM","640"
"C:\Users\Shadow\Web-PDFTimeSaver\vendor\phpunit\phpunit\tests\end-to-end\cli\filter-dataprovider-by-only-string.phpt","10/3/2025 3:18:13 AM","645"
"C:\Users\Shadow\Web-PDFTimeSaver\vendor\phpunit\phpunit\tests\end-to-end\cli\filter-dataprovider-by-range.phpt","10/3/2025 3:18:13 AM","648"
"C:\Users\Shadow\Web-PDFTimeSaver\vendor\phpunit\phpunit\tests\end-to-end\cli\filter-dataprovider-by-regexp.phpt","10/3/2025 3:18:13 AM","658"
"C:\Users\Shadow\Web-PDFTimeSaver\vendor\phpunit\phpunit\tests\end-to-end\cli\filter-dataprovider-by-string.phpt","10/3/2025 3:18:13 AM","663"
"C:\Users\Shadow\Web-PDFTimeSaver\vendor\phpunit\phpunit\tests\end-to-end\cli\filter-method-case-insensitive.phpt","10/3/2025 3:18:13 AM","658"
"C:\Users\Shadow\Web-PDFTimeSaver\vendor\phpunit\phpunit\tests\end-to-end\cli\filter-method-case-sensitive-no-result.phpt","10/3/2025 3:18:13 AM","540"
"C:\Users\Shadow\Web-PDFTimeSaver\vendor\phpunit\phpunit\tests\end-to-end\cli\filter-method-match-argument.phpt","10/3/2025 3:18:13 AM","680"
"C:\Users\Shadow\Web-PDFTimeSaver\vendor\phpunit\phpunit\tests\end-to-end\cli\filter-method-match-configuration.phpt","10/3/2025 3:18:13 AM","641"
"C:\Users\Shadow\Web-PDFTimeSaver\vendor\phpunit\phpunit\tests\end-to-end\cli\filter-method-nomatch-argument.phpt","10/3/2025 3:18:13 AM","528"
"C:\Users\Shadow\Web-PDFTimeSaver\vendor\phpunit\phpunit\tests\end-to-end\cli\filter-method-nomatch-configuration.phpt","10/3/2025 3:18:13 AM","489"
"C:\Users\Shadow\Web-PDFTimeSaver\vendor\phpunit\phpunit\tests\end-to-end\cli\generate-configuration.phpt","10/3/2025 3:18:13 AM","840"
"C:\Users\Shadow\Web-PDFTimeSaver\vendor\phpunit\phpunit\tests\end-to-end\cli\group-argument.phpt","10/3/2025 3:18:13 AM","670"
"C:\Users\Shadow\Web-PDFTimeSaver\vendor\phpunit\phpunit\tests\end-to-end\cli\group-configuration.phpt","10/3/2025 3:18:13 AM","631"
"C:\Users\Shadow\Web-PDFTimeSaver\vendor\phpunit\phpunit\tests\end-to-end\cli\help-color.phpt","10/3/2025 3:18:13 AM","286"
"C:\Users\Shadow\Web-PDFTimeSaver\vendor\phpunit\phpunit\tests\end-to-end\cli\help.phpt","10/3/2025 3:18:13 AM","226"
"C:\Users\Shadow\Web-PDFTimeSaver\vendor\phpunit\phpunit\tests\end-to-end\cli\help2.phpt","10/3/2025 3:18:13 AM","240"
"C:\Users\Shadow\Web-PDFTimeSaver\vendor\phpunit\phpunit\tests\end-to-end\cli\list-groups-argument.phpt","10/3/2025 3:18:13 AM","498"
"C:\Users\Shadow\Web-PDFTimeSaver\vendor\phpunit\phpunit\tests\end-to-end\cli\list-groups-configuration.phpt","10/3/2025 3:18:13 AM","459"
"C:\Users\Shadow\Web-PDFTimeSaver\vendor\phpunit\phpunit\tests\end-to-end\cli\list-suites.phpt","10/3/2025 3:18:13 AM","540"
"C:\Users\Shadow\Web-PDFTimeSaver\vendor\phpunit\phpunit\tests\end-to-end\cli\list-tests-dataprovider-filter.phpt","10/3/2025 3:18:13 AM","854"
"C:\Users\Shadow\Web-PDFTimeSaver\vendor\phpunit\phpunit\tests\end-to-end\cli\list-tests-dataprovider.phpt","10/3/2025 3:18:13 AM","685"
"C:\Users\Shadow\Web-PDFTimeSaver\vendor\phpunit\phpunit\tests\end-to-end\cli\list-tests-xml-dataprovider.phpt","10/3/2025 3:18:13 AM","1177"
"C:\Users\Shadow\Web-PDFTimeSaver\vendor\phpunit\phpunit\tests\end-to-end\cli\mycommand.phpt","10/3/2025 3:18:13 AM","690"
"C:\Users\Shadow\Web-PDFTimeSaver\vendor\phpunit\phpunit\tests\end-to-end\cli\no-log-no-cc.phpt","10/3/2025 3:18:13 AM","1171"
"C:\Users\Shadow\Web-PDFTimeSaver\vendor\phpunit\phpunit\tests\end-to-end\cli\options-after-arguments.phpt","10/3/2025 3:18:13 AM","617"
"C:\Users\Shadow\Web-PDFTimeSaver\vendor\phpunit\phpunit\tests\end-to-end\cli\test-directory-does-not-exist.phpt","10/3/2025 3:18:13 AM","516"
"C:\Users\Shadow\Web-PDFTimeSaver\vendor\phpunit\phpunit\tests\end-to-end\cli\test-file-not-found.phpt","10/3/2025 3:18:13 AM","328"
"C:\Users\Shadow\Web-PDFTimeSaver\vendor\phpunit\phpunit\tests\end-to-end\cli\uses-annotation-based-filter.phpt","10/3/2025 3:18:13 AM","751"
"C:\Users\Shadow\Web-PDFTimeSaver\vendor\phpunit\phpunit\tests\end-to-end\cli\version.phpt","10/3/2025 3:18:13 AM","326"
"C:\Users\Shadow\Web-PDFTimeSaver\vendor\phpunit\phpunit\tests\end-to-end\execution-order\_files\ClonedDependencyTest.php","10/3/2025 3:18:13 AM","1496"
"C:\Users\Shadow\Web-PDFTimeSaver\vendor\phpunit\phpunit\tests\end-to-end\execution-order\_files\DependencyTestSuite.php","10/3/2025 3:18:13 AM","681"
"C:\Users\Shadow\Web-PDFTimeSaver\vendor\phpunit\phpunit\tests\end-to-end\execution-order\_files\MultiDependencyTest_result_cache.txt","10/3/2025 3:18:13 AM","240"
"C:\Users\Shadow\Web-PDFTimeSaver\vendor\phpunit\phpunit\tests\end-to-end\execution-order\_files\MultiDependencyTest.php","10/3/2025 3:18:13 AM","1010"
"C:\Users\Shadow\Web-PDFTimeSaver\vendor\phpunit\phpunit\tests\end-to-end\execution-order\_files\StackTest.php","10/3/2025 3:18:13 AM","797"
"C:\Users\Shadow\Web-PDFTimeSaver\vendor\phpunit\phpunit\tests\end-to-end\execution-order\_files\TestWithDifferentDurations.php","10/3/2025 3:18:13 AM","621"
"C:\Users\Shadow\Web-PDFTimeSaver\vendor\phpunit\phpunit\tests\end-to-end\execution-order\_files\TestWithDifferentDurations.phpunit.result.cache.txt","10/3/2025 3:18:13 AM","164"
"C:\Users\Shadow\Web-PDFTimeSaver\vendor\phpunit\phpunit\tests\end-to-end\execution-order\_files\order-by-duration.phpunit.xml","10/3/2025 3:18:13 AM","340"
"C:\Users\Shadow\Web-PDFTimeSaver\vendor\phpunit\phpunit\tests\end-to-end\execution-order\cache-result.phpt","10/3/2025 3:18:13 AM","1429"
"C:\Users\Shadow\Web-PDFTimeSaver\vendor\phpunit\phpunit\tests\end-to-end\execution-order\dependencies-clone.phpt","10/3/2025 3:18:13 AM","625"
"C:\Users\Shadow\Web-PDFTimeSaver\vendor\phpunit\phpunit\tests\end-to-end\execution-order\defects-first-order-via-cli.phpt","10/3/2025 3:18:13 AM","1401"
"C:\Users\Shadow\Web-PDFTimeSaver\vendor\phpunit\phpunit\tests\end-to-end\execution-order\depends-as-parameter-with-isolation.phpt","10/3/2025 3:18:13 AM","594"
"C:\Users\Shadow\Web-PDFTimeSaver\vendor\phpunit\phpunit\tests\end-to-end\execution-order\dependencies-isolation.phpt","10/3/2025 3:18:13 AM","1701"
"C:\Users\Shadow\Web-PDFTimeSaver\vendor\phpunit\phpunit\tests\end-to-end\execution-order\depends-multiple-parameter-with-isolation.phpt","10/3/2025 3:18:13 AM","614"
"C:\Users\Shadow\Web-PDFTimeSaver\vendor\phpunit\phpunit\tests\end-to-end\execution-order\depends-as-parameter.phpt","10/3/2025 3:18:13 AM","529"
"C:\Users\Shadow\Web-PDFTimeSaver\vendor\phpunit\phpunit\tests\end-to-end\execution-order\depends-multiple-parameters.phpt","10/3/2025 3:18:13 AM","549"
"C:\Users\Shadow\Web-PDFTimeSaver\vendor\phpunit\phpunit\tests\end-to-end\execution-order\depends-on-class.phpt","10/3/2025 3:18:13 AM","1883"
"C:\Users\Shadow\Web-PDFTimeSaver\vendor\phpunit\phpunit\tests\end-to-end\execution-order\execution-order-options-via-config.phpt","10/3/2025 3:18:13 AM","1146"
"C:\Users\Shadow\Web-PDFTimeSaver\vendor\phpunit\phpunit\tests\end-to-end\execution-order\order-by-default-invalid-via-cli.phpt","10/3/2025 3:18:13 AM","454"
"C:\Users\Shadow\Web-PDFTimeSaver\vendor\phpunit\phpunit\tests\end-to-end\execution-order\order-by-duration-via-cli.phpt","10/3/2025 3:18:13 AM","1308"
"C:\Users\Shadow\Web-PDFTimeSaver\vendor\phpunit\phpunit\tests\end-to-end\execution-order\order-by-duration-via-phpunit-xml.phpt","10/3/2025 3:18:13 AM","1234"
"C:\Users\Shadow\Web-PDFTimeSaver\vendor\phpunit\phpunit\tests\end-to-end\execution-order\stop-on-defect-via-cli.phpt","10/3/2025 3:18:13 AM","669"
"C:\Users\Shadow\Web-PDFTimeSaver\vendor\phpunit\phpunit\tests\end-to-end\execution-order\repeat.phpt","10/3/2025 3:18:13 AM","625"
"C:\Users\Shadow\Web-PDFTimeSaver\vendor\phpunit\phpunit\tests\end-to-end\execution-order\stop-on-error-via-cli.phpt","10/3/2025 3:18:13 AM","746"
"C:\Users\Shadow\Web-PDFTimeSaver\vendor\phpunit\phpunit\tests\end-to-end\execution-order\stop-on-defect-via-config.phpt","10/3/2025 3:18:13 AM","733"
"C:\Users\Shadow\Web-PDFTimeSaver\vendor\phpunit\phpunit\tests\end-to-end\execution-order\stop-on-error-via-config.phpt","10/3/2025 3:18:13 AM","810"
"C:\Users\Shadow\Web-PDFTimeSaver\vendor\phpunit\phpunit\tests\end-to-end\execution-order\stop-on-incomplete-via-cli.phpt","10/3/2025 3:18:13 AM","607"
"C:\Users\Shadow\Web-PDFTimeSaver\vendor\phpunit\phpunit\tests\end-to-end\execution-order\stop-on-incomplete-via-config.phpt","10/3/2025 3:18:13 AM","676"
"C:\Users\Shadow\Web-PDFTimeSaver\vendor\phpunit\phpunit\tests\end-to-end\execution-order\stop-on-warning-via-cli.phpt","10/3/2025 3:18:13 AM","671"
"C:\Users\Shadow\Web-PDFTimeSaver\vendor\phpunit\phpunit\tests\end-to-end\execution-order\stop-on-warning-via-config.phpt","10/3/2025 3:18:13 AM","799"
"C:\Users\Shadow\Web-PDFTimeSaver\vendor\phpunit\phpunit\tests\end-to-end\execution-order\test-order-randomized-seed-with-dependency-resolution.phpt","10/3/2025 3:18:13 AM","1150"
"C:\Users\Shadow\Web-PDFTimeSaver\vendor\phpunit\phpunit\tests\end-to-end\execution-order\test-order-randomized-with-dependency-resolution.phpt","10/3/2025 3:18:13 AM","814"
"C:\Users\Shadow\Web-PDFTimeSaver\vendor\phpunit\phpunit\tests\end-to-end\execution-order\test-order-reversed-with-dependency-resolution.phpt","10/3/2025 3:18:13 AM","1133"
"C:\Users\Shadow\Web-PDFTimeSaver\vendor\phpunit\phpunit\tests\end-to-end\execution-order\test-order-reversed-without-dependency-resolution.phpt","10/3/2025 3:18:13 AM","1399"
"C:\Users\Shadow\Web-PDFTimeSaver\vendor\phpunit\phpunit\tests\end-to-end\execution-order\test-order-size-with-dependency-resolution.phpt","10/3/2025 3:18:13 AM","2262"
"C:\Users\Shadow\Web-PDFTimeSaver\vendor\phpunit\phpunit\tests\end-to-end\generic\abstract-test-class\abstract-test-class-with-test-suffix.phpt","10/3/2025 3:18:13 AM","488"
"C:\Users\Shadow\Web-PDFTimeSaver\vendor\phpunit\phpunit\tests\end-to-end\generic\abstract-test-class\abstract-test-class-without-test-suffix.phpt","10/3/2025 3:18:13 AM","510"
"C:\Users\Shadow\Web-PDFTimeSaver\vendor\phpunit\phpunit\tests\end-to-end\generic\abstract-test-class\concrete-test-class-extending-abstract-test-class-with-test-suffix.phpt","10/3/2025 3:18:13 AM","691"
"C:\Users\Shadow\Web-PDFTimeSaver\vendor\phpunit\phpunit\tests\end-to-end\generic\abstract-test-class\concrete-test-class-extending-abstract-test-class-without-test-suffix.phpt","10/3/2025 3:18:13 AM","703"
"C:\Users\Shadow\Web-PDFTimeSaver\vendor\phpunit\phpunit\tests\end-to-end\generic\abstract-test-class\directory-with-concrete-test-class-and-abstract-test-class-with-test-suffix.phpt","10/3/2025 3:18:13 AM","673"
"C:\Users\Shadow\Web-PDFTimeSaver\vendor\phpunit\phpunit\tests\end-to-end\generic\abstract-test-class\directory-with-concrete-test-class-and-abstract-test-class-without-test-suffix.phpt","10/3/2025 3:18:13 AM","565"
"C:\Users\Shadow\Web-PDFTimeSaver\vendor\phpunit\phpunit\tests\end-to-end\generic\assertion.phpt","10/3/2025 3:18:13 AM","1021"
"C:\Users\Shadow\Web-PDFTimeSaver\vendor\phpunit\phpunit\tests\end-to-end\generic\class-name-does-not-match-filename-invocation-with-path.phpt","10/3/2025 3:18:13 AM","729"
"C:\Users\Shadow\Web-PDFTimeSaver\vendor\phpunit\phpunit\tests\end-to-end\generic\class-name-does-not-match-filename-invocation-without-path.phpt","10/3/2025 3:18:13 AM","791"
"C:\Users\Shadow\Web-PDFTimeSaver\vendor\phpunit\phpunit\tests\end-to-end\generic\dataprovider-issue-2833.phpt","10/3/2025 3:18:13 AM","546"
"C:\Users\Shadow\Web-PDFTimeSaver\vendor\phpunit\phpunit\tests\end-to-end\generic\dataprovider-issue-2859.phpt","10/3/2025 3:18:13 AM","553"
"C:\Users\Shadow\Web-PDFTimeSaver\vendor\phpunit\phpunit\tests\end-to-end\generic\dataprovider-issue-2922.phpt","10/3/2025 3:18:13 AM","792"
"C:\Users\Shadow\Web-PDFTimeSaver\vendor\phpunit\phpunit\tests\end-to-end\generic\dataprovider-log-xml-isolation.phpt","10/3/2025 3:18:13 AM","2381"
"C:\Users\Shadow\Web-PDFTimeSaver\vendor\phpunit\phpunit\tests\end-to-end\generic\dataprovider-log-xml.phpt","10/3/2025 3:18:13 AM","2316"
"C:\Users\Shadow\Web-PDFTimeSaver\vendor\phpunit\phpunit\tests\end-to-end\generic\default-isolation.phpt","10/3/2025 3:18:13 AM","605"
"C:\Users\Shadow\Web-PDFTimeSaver\vendor\phpunit\phpunit\tests\end-to-end\generic\default.phpt","10/3/2025 3:18:13 AM","540"
"C:\Users\Shadow\Web-PDFTimeSaver\vendor\phpunit\phpunit\tests\end-to-end\generic\defaulttestsuite-using-testsuite.phpt","10/3/2025 3:18:13 AM","704"
"C:\Users\Shadow\Web-PDFTimeSaver\vendor\phpunit\phpunit\tests\end-to-end\generic\defaulttestsuite.phpt","10/3/2025 3:18:13 AM","616"
"C:\Users\Shadow\Web-PDFTimeSaver\vendor\phpunit\phpunit\tests\end-to-end\generic\empty-testcase.phpt","10/3/2025 3:18:13 AM","670"
"C:\Users\Shadow\Web-PDFTimeSaver\vendor\phpunit\phpunit\tests\end-to-end\generic\exception-stack.phpt","10/3/2025 3:18:13 AM","1179"
"C:\Users\Shadow\Web-PDFTimeSaver\vendor\phpunit\phpunit\tests\end-to-end\generic\failure-isolation.phpt","10/3/2025 3:18:13 AM","2854"
"C:\Users\Shadow\Web-PDFTimeSaver\vendor\phpunit\phpunit\tests\end-to-end\generic\failure.phpt","10/3/2025 3:18:13 AM","2789"
"C:\Users\Shadow\Web-PDFTimeSaver\vendor\phpunit\phpunit\tests\end-to-end\generic\fatal-isolation.phpt","10/3/2025 3:18:13 AM","687"
"C:\Users\Shadow\Web-PDFTimeSaver\vendor\phpunit\phpunit\tests\end-to-end\generic\force-covers-annotation.phpt","10/3/2025 3:18:13 AM","810"
"C:\Users\Shadow\Web-PDFTimeSaver\vendor\phpunit\phpunit\tests\end-to-end\generic\getActualOutputForAssertion.phpt","10/3/2025 3:18:13 AM","588"
"C:\Users\Shadow\Web-PDFTimeSaver\vendor\phpunit\phpunit\tests\end-to-end\generic\ini-isolation.phpt","10/3/2025 3:18:13 AM","715"
"C:\Users\Shadow\Web-PDFTimeSaver\vendor\phpunit\phpunit\tests\end-to-end\generic\one-class-per-file-valid.phpt","10/3/2025 3:18:13 AM","537"
"C:\Users\Shadow\Web-PDFTimeSaver\vendor\phpunit\phpunit\tests\end-to-end\generic\output-isolation.phpt","10/3/2025 3:18:13 AM","739"
"C:\Users\Shadow\Web-PDFTimeSaver\vendor\phpunit\phpunit\tests\end-to-end\generic\phar-extension-suppressed.phpt","10/3/2025 3:18:13 AM","651"
"C:\Users\Shadow\Web-PDFTimeSaver\vendor\phpunit\phpunit\tests\end-to-end\generic\phar-extension.phpt","10/3/2025 3:18:13 AM","699"
"C:\Users\Shadow\Web-PDFTimeSaver\vendor\phpunit\phpunit\tests\end-to-end\generic\report-tests-performing-assertions-when-annotated-with-does-not-perform-assertions.phpt","10/3/2025 3:18:13 AM","882"
"C:\Users\Shadow\Web-PDFTimeSaver\vendor\phpunit\phpunit\tests\end-to-end\generic\report-useless-tests-incomplete.phpt","10/3/2025 3:18:13 AM","597"
"C:\Users\Shadow\Web-PDFTimeSaver\vendor\phpunit\phpunit\tests\end-to-end\generic\report-useless-tests-isolation.phpt","10/3/2025 3:18:13 AM","783"
"C:\Users\Shadow\Web-PDFTimeSaver\vendor\phpunit\phpunit\tests\end-to-end\generic\report-useless-tests.phpt","10/3/2025 3:18:13 AM","715"
"C:\Users\Shadow\Web-PDFTimeSaver\vendor\phpunit\phpunit\tests\end-to-end\generic\requires-skip-code-location-hints.phpt","10/3/2025 3:18:13 AM","3468"
"C:\Users\Shadow\Web-PDFTimeSaver\vendor\phpunit\phpunit\tests\end-to-end\generic\separate-processes-test.phpt","10/3/2025 3:18:13 AM","841"
"C:\Users\Shadow\Web-PDFTimeSaver\vendor\phpunit\phpunit\tests\end-to-end\generic\standardtestsuiteloader-issue-4192-1.phpt","10/3/2025 3:18:13 AM","536"
"C:\Users\Shadow\Web-PDFTimeSaver\vendor\phpunit\phpunit\tests\end-to-end\generic\standardtestsuiteloader-issue-4192-2.phpt","10/3/2025 3:18:13 AM","546"
"C:\Users\Shadow\Web-PDFTimeSaver\vendor\phpunit\phpunit\tests\end-to-end\generic\test-suffix-multiple.phpt","10/3/2025 3:18:13 AM","1141"
"C:\Users\Shadow\Web-PDFTimeSaver\vendor\phpunit\phpunit\tests\end-to-end\generic\test-suffix-single.phpt","10/3/2025 3:18:13 AM","812"
"C:\Users\Shadow\Web-PDFTimeSaver\vendor\phpunit\phpunit\tests\end-to-end\generic\two-classes-per-file-invalid.phpt","10/3/2025 3:18:13 AM","1044"
"C:\Users\Shadow\Web-PDFTimeSaver\vendor\phpunit\phpunit\tests\end-to-end\logging\_files\HookTest.php","10/3/2025 3:18:13 AM","1145"
"C:\Users\Shadow\Web-PDFTimeSaver\vendor\phpunit\phpunit\tests\end-to-end\logging\_files\TestDoxGroupTest.php","10/3/2025 3:18:13 AM","590"
"C:\Users\Shadow\Web-PDFTimeSaver\vendor\phpunit\phpunit\tests\end-to-end\logging\_files\configuration.custom-printer.xml","10/3/2025 3:18:13 AM","134"
"C:\Users\Shadow\Web-PDFTimeSaver\vendor\phpunit\phpunit\tests\end-to-end\logging\_files\hooks.xml","10/3/2025 3:18:13 AM","532"
"C:\Users\Shadow\Web-PDFTimeSaver\vendor\phpunit\phpunit\tests\end-to-end\logging\_files\raw_output_ColorTest.txt","10/3/2025 3:18:13 AM","2270"
"C:\Users\Shadow\Web-PDFTimeSaver\vendor\phpunit\phpunit\tests\end-to-end\logging\_files\raw_output_StatusTest.txt","10/3/2025 3:18:13 AM","5768"
"C:\Users\Shadow\Web-PDFTimeSaver\vendor\phpunit\phpunit\tests\end-to-end\logging\custom-printer-debug.phpt","10/3/2025 3:18:13 AM","1130"
"C:\Users\Shadow\Web-PDFTimeSaver\vendor\phpunit\phpunit\tests\end-to-end\logging\custom-printer-verbose.phpt","10/3/2025 3:18:13 AM","953"
"C:\Users\Shadow\Web-PDFTimeSaver\vendor\phpunit\phpunit\tests\end-to-end\logging\debug.phpt","10/3/2025 3:18:13 AM","5674"
"C:\Users\Shadow\Web-PDFTimeSaver\vendor\phpunit\phpunit\tests\end-to-end\logging\failure-reverse-list.phpt","10/3/2025 3:18:13 AM","2857"
"C:\Users\Shadow\Web-PDFTimeSaver\vendor\phpunit\phpunit\tests\end-to-end\logging\hooks.phpt","10/3/2025 3:18:13 AM","2675"
"C:\Users\Shadow\Web-PDFTimeSaver\vendor\phpunit\phpunit\tests\end-to-end\logging\log-junit.phpt","10/3/2025 3:18:13 AM","6286"
"C:\Users\Shadow\Web-PDFTimeSaver\vendor\phpunit\phpunit\tests\end-to-end\logging\log-teamcity-comparisonfailure.phpt","10/3/2025 3:18:13 AM","1640"
"C:\Users\Shadow\Web-PDFTimeSaver\vendor\phpunit\phpunit\tests\end-to-end\logging\log-teamcity.phpt","10/3/2025 3:18:13 AM","1885"
"C:\Users\Shadow\Web-PDFTimeSaver\vendor\phpunit\phpunit\tests\end-to-end\logging\teamcity-inner-exceptions.phpt","10/3/2025 3:18:13 AM","2284"
"C:\Users\Shadow\Web-PDFTimeSaver\vendor\phpunit\phpunit\tests\end-to-end\logging\teamcity.phpt","10/3/2025 3:18:13 AM","1746"
"C:\Users\Shadow\Web-PDFTimeSaver\vendor\phpunit\phpunit\tests\end-to-end\logging\testdox-colors-verbose.phpt","10/3/2025 3:18:13 AM","539"
"C:\Users\Shadow\Web-PDFTimeSaver\vendor\phpunit\phpunit\tests\end-to-end\logging\testdox-exclude-group.phpt","10/3/2025 3:18:13 AM","784"
"C:\Users\Shadow\Web-PDFTimeSaver\vendor\phpunit\phpunit\tests\end-to-end\logging\testdox-dataprovider-placeholder.phpt","10/3/2025 3:18:13 AM","550"
"C:\Users\Shadow\Web-PDFTimeSaver\vendor\phpunit\phpunit\tests\end-to-end\logging\testdox-force-flush.phpt","10/3/2025 3:18:13 AM","727"
"C:\Users\Shadow\Web-PDFTimeSaver\vendor\phpunit\phpunit\tests\end-to-end\logging\testdox-group.phpt","10/3/2025 3:18:13 AM","768"
"C:\Users\Shadow\Web-PDFTimeSaver\vendor\phpunit\phpunit\tests\end-to-end\logging\testdox-html.phpt","10/3/2025 3:18:13 AM","2399"
"C:\Users\Shadow\Web-PDFTimeSaver\vendor\phpunit\phpunit\tests\end-to-end\logging\testdox-text.phpt","10/3/2025 3:18:13 AM","815"
"C:\Users\Shadow\Web-PDFTimeSaver\vendor\phpunit\phpunit\tests\end-to-end\logging\testdox-xml.phpt","10/3/2025 3:18:13 AM","6801"
"C:\Users\Shadow\Web-PDFTimeSaver\vendor\phpunit\phpunit\tests\end-to-end\logging\testdox.phpt","10/3/2025 3:18:13 AM","1760"
"C:\Users\Shadow\Web-PDFTimeSaver\vendor\phpunit\phpunit\tests\end-to-end\migration\_files\migration-from-85\phpunit-8.5.xml","10/3/2025 3:18:13 AM","815"
"C:\Users\Shadow\Web-PDFTimeSaver\vendor\phpunit\phpunit\tests\end-to-end\migration\_files\migration-from-92\phpunit-9.2.xml","10/3/2025 3:18:13 AM","850"
"C:\Users\Shadow\Web-PDFTimeSaver\vendor\phpunit\phpunit\tests\end-to-end\migration\_files\migration-not-needed\phpunit.xml","10/3/2025 3:18:13 AM","851"
"C:\Users\Shadow\Web-PDFTimeSaver\vendor\phpunit\phpunit\tests\end-to-end\migration\_files\possibility-to-migrate-from-85-is-detected\phpunit.xml","10/3/2025 3:18:13 AM","815"
"C:\Users\Shadow\Web-PDFTimeSaver\vendor\phpunit\phpunit\tests\end-to-end\migration\_files\possibility-to-migrate-from-85-is-detected\src\Greeter.php","10/3/2025 3:18:13 AM","416"
"C:\Users\Shadow\Web-PDFTimeSaver\vendor\phpunit\phpunit\tests\end-to-end\migration\_files\possibility-to-migrate-from-85-is-detected\tests\GreeterTest.php","10/3/2025 3:18:13 AM","572"
"C:\Users\Shadow\Web-PDFTimeSaver\vendor\phpunit\phpunit\tests\end-to-end\migration\_files\possibility-to-migrate-from-92-is-detected\phpunit.xml","10/3/2025 3:18:13 AM","815"
"C:\Users\Shadow\Web-PDFTimeSaver\vendor\phpunit\phpunit\tests\end-to-end\migration\_files\possibility-to-migrate-from-92-is-detected\src\Greeter.php","10/3/2025 3:18:13 AM","416"
"C:\Users\Shadow\Web-PDFTimeSaver\vendor\phpunit\phpunit\tests\end-to-end\migration\_files\possibility-to-migrate-from-92-is-detected\tests\GreeterTest.php","10/3/2025 3:18:13 AM","572"
"C:\Users\Shadow\Web-PDFTimeSaver\vendor\phpunit\phpunit\tests\end-to-end\migration\_files\unsupported-schema\phpunit.xml","10/3/2025 3:18:13 AM","223"
"C:\Users\Shadow\Web-PDFTimeSaver\vendor\phpunit\phpunit\tests\end-to-end\migration\migration-from-85-with-custom-filename.phpt","10/3/2025 3:18:13 AM","776"
"C:\Users\Shadow\Web-PDFTimeSaver\vendor\phpunit\phpunit\tests\end-to-end\migration\migration-from-85.phpt","10/3/2025 3:18:13 AM","683"
"C:\Users\Shadow\Web-PDFTimeSaver\vendor\phpunit\phpunit\tests\end-to-end\migration\migration-from-92.phpt","10/3/2025 3:18:13 AM","683"
"C:\Users\Shadow\Web-PDFTimeSaver\vendor\phpunit\phpunit\tests\end-to-end\migration\migration-not-needed.phpt","10/3/2025 3:18:13 AM","652"
"C:\Users\Shadow\Web-PDFTimeSaver\vendor\phpunit\phpunit\tests\end-to-end\migration\possibility-to-migrate-from-85-is-detected.phpt","10/3/2025 3:18:13 AM","820"
"C:\Users\Shadow\Web-PDFTimeSaver\vendor\phpunit\phpunit\tests\end-to-end\migration\possibility-to-migrate-from-92-is-detected.phpt","10/3/2025 3:18:13 AM","820"
"C:\Users\Shadow\Web-PDFTimeSaver\vendor\phpunit\phpunit\tests\end-to-end\migration\unsupported-schema.phpt","10/3/2025 3:18:13 AM","714"
"C:\Users\Shadow\Web-PDFTimeSaver\vendor\phpunit\phpunit\tests\end-to-end\mock-objects\generator\232-php7.phpt","10/3/2025 3:18:13 AM","1930"
"C:\Users\Shadow\Web-PDFTimeSaver\vendor\phpunit\phpunit\tests\end-to-end\mock-objects\generator\232-php8.phpt","10/3/2025 3:18:13 AM","1930"
"C:\Users\Shadow\Web-PDFTimeSaver\vendor\phpunit\phpunit\tests\end-to-end\mock-objects\generator\3154_namespaced_constant_resolving-php7.phpt","10/3/2025 3:18:13 AM","2168"
"C:\Users\Shadow\Web-PDFTimeSaver\vendor\phpunit\phpunit\tests\end-to-end\mock-objects\generator\3154_namespaced_constant_resolving-php8.phpt","10/3/2025 3:18:13 AM","2168"
"C:\Users\Shadow\Web-PDFTimeSaver\vendor\phpunit\phpunit\tests\end-to-end\mock-objects\generator\3530.phpt","10/3/2025 3:18:13 AM","746"
"C:\Users\Shadow\Web-PDFTimeSaver\vendor\phpunit\phpunit\tests\end-to-end\mock-objects\generator\3967-php7-php80.phpt","10/3/2025 3:18:13 AM","1553"
"C:\Users\Shadow\Web-PDFTimeSaver\vendor\phpunit\phpunit\tests\end-to-end\mock-objects\generator\3967.phpt","10/3/2025 3:18:13 AM","1631"
"C:\Users\Shadow\Web-PDFTimeSaver\vendor\phpunit\phpunit\tests\end-to-end\mock-objects\generator\397-php7.phpt","10/3/2025 3:18:13 AM","1546"
"C:\Users\Shadow\Web-PDFTimeSaver\vendor\phpunit\phpunit\tests\end-to-end\mock-objects\generator\397-php8.phpt","10/3/2025 3:18:13 AM","1546"
"C:\Users\Shadow\Web-PDFTimeSaver\vendor\phpunit\phpunit\tests\end-to-end\mock-objects\generator\4139-php7.phpt","10/3/2025 3:18:13 AM","1545"
"C:\Users\Shadow\Web-PDFTimeSaver\vendor\phpunit\phpunit\tests\end-to-end\mock-objects\generator\4139-php8.phpt","10/3/2025 3:18:13 AM","1545"
"C:\Users\Shadow\Web-PDFTimeSaver\vendor\phpunit\phpunit\tests\end-to-end\mock-objects\generator\abstract_class-php7.phpt","10/3/2025 3:18:13 AM","3022"
"C:\Users\Shadow\Web-PDFTimeSaver\vendor\phpunit\phpunit\tests\end-to-end\mock-objects\generator\abstract_class-php8.phpt","10/3/2025 3:18:13 AM","3022"
"C:\Users\Shadow\Web-PDFTimeSaver\vendor\phpunit\phpunit\tests\end-to-end\mock-objects\generator\class-php7.phpt","10/3/2025 3:18:13 AM","2313"
"C:\Users\Shadow\Web-PDFTimeSaver\vendor\phpunit\phpunit\tests\end-to-end\mock-objects\generator\class-php8.phpt","10/3/2025 3:18:13 AM","2313"
"C:\Users\Shadow\Web-PDFTimeSaver\vendor\phpunit\phpunit\tests\end-to-end\mock-objects\generator\class_call_parent_clone-php7.phpt","10/3/2025 3:18:13 AM","837"
"C:\Users\Shadow\Web-PDFTimeSaver\vendor\phpunit\phpunit\tests\end-to-end\mock-objects\generator\class_call_parent_clone-php8.phpt","10/3/2025 3:18:13 AM","837"
"C:\Users\Shadow\Web-PDFTimeSaver\vendor\phpunit\phpunit\tests\end-to-end\mock-objects\generator\class_call_parent_constructor-php7.phpt","10/3/2025 3:18:13 AM","835"
"C:\Users\Shadow\Web-PDFTimeSaver\vendor\phpunit\phpunit\tests\end-to-end\mock-objects\generator\class_call_parent_constructor-php8.phpt","10/3/2025 3:18:13 AM","835"
"C:\Users\Shadow\Web-PDFTimeSaver\vendor\phpunit\phpunit\tests\end-to-end\mock-objects\generator\class_dont_call_parent_clone-php7.phpt","10/3/2025 3:18:13 AM","837"
"C:\Users\Shadow\Web-PDFTimeSaver\vendor\phpunit\phpunit\tests\end-to-end\mock-objects\generator\class_dont_call_parent_clone-php8.phpt","10/3/2025 3:18:13 AM","837"
"C:\Users\Shadow\Web-PDFTimeSaver\vendor\phpunit\phpunit\tests\end-to-end\mock-objects\generator\class_dont_call_parent_constructor-php7.phpt","10/3/2025 3:18:13 AM","835"
"C:\Users\Shadow\Web-PDFTimeSaver\vendor\phpunit\phpunit\tests\end-to-end\mock-objects\generator\class_dont_call_parent_constructor-php8.phpt","10/3/2025 3:18:13 AM","835"
"C:\Users\Shadow\Web-PDFTimeSaver\vendor\phpunit\phpunit\tests\end-to-end\mock-objects\generator\class_implementing_interface_call_parent_constructor-php7.phpt","10/3/2025 3:18:13 AM","919"
"C:\Users\Shadow\Web-PDFTimeSaver\vendor\phpunit\phpunit\tests\end-to-end\mock-objects\generator\class_implementing_interface_call_parent_constructor-php8.phpt","10/3/2025 3:18:13 AM","919"
"C:\Users\Shadow\Web-PDFTimeSaver\vendor\phpunit\phpunit\tests\end-to-end\mock-objects\generator\class_implementing_interface_dont_call_parent_constructor-php7.phpt","10/3/2025 3:18:13 AM","919"
"C:\Users\Shadow\Web-PDFTimeSaver\vendor\phpunit\phpunit\tests\end-to-end\mock-objects\generator\class_implementing_interface_dont_call_parent_constructor-php8.phpt","10/3/2025 3:18:13 AM","919"
"C:\Users\Shadow\Web-PDFTimeSaver\vendor\phpunit\phpunit\tests\end-to-end\mock-objects\generator\class_nonexistent_method-php7.phpt","10/3/2025 3:18:13 AM","1565"
"C:\Users\Shadow\Web-PDFTimeSaver\vendor\phpunit\phpunit\tests\end-to-end\mock-objects\generator\class_nonexistent_method-php8.phpt","10/3/2025 3:18:13 AM","1565"
"C:\Users\Shadow\Web-PDFTimeSaver\vendor\phpunit\phpunit\tests\end-to-end\mock-objects\generator\class_partial-php7.phpt","10/3/2025 3:18:13 AM","1628"
"C:\Users\Shadow\Web-PDFTimeSaver\vendor\phpunit\phpunit\tests\end-to-end\mock-objects\generator\class_partial-php8.phpt","10/3/2025 3:18:13 AM","1628"
"C:\Users\Shadow\Web-PDFTimeSaver\vendor\phpunit\phpunit\tests\end-to-end\mock-objects\generator\class_with_deprecated_method-php7.phpt","10/3/2025 3:18:13 AM","1907"
"C:\Users\Shadow\Web-PDFTimeSaver\vendor\phpunit\phpunit\tests\end-to-end\mock-objects\generator\class_with_deprecated_method-php8.phpt","10/3/2025 3:18:13 AM","1907"
"C:\Users\Shadow\Web-PDFTimeSaver\vendor\phpunit\phpunit\tests\end-to-end\mock-objects\generator\class_with_final_method-php7.phpt","10/3/2025 3:18:13 AM","926"
"C:\Users\Shadow\Web-PDFTimeSaver\vendor\phpunit\phpunit\tests\end-to-end\mock-objects\generator\class_with_final_method-php8.phpt","10/3/2025 3:18:13 AM","926"
"C:\Users\Shadow\Web-PDFTimeSaver\vendor\phpunit\phpunit\tests\end-to-end\mock-objects\generator\class_with_method_named_method-php7.phpt","10/3/2025 3:18:13 AM","1499"
"C:\Users\Shadow\Web-PDFTimeSaver\vendor\phpunit\phpunit\tests\end-to-end\mock-objects\generator\class_with_method_named_method-php8.phpt","10/3/2025 3:18:13 AM","1499"
"C:\Users\Shadow\Web-PDFTimeSaver\vendor\phpunit\phpunit\tests\end-to-end\mock-objects\generator\class_with_method_with_nullable_typehinted_variadic_arguments-php7.phpt","10/3/2025 3:18:13 AM","1954"
"C:\Users\Shadow\Web-PDFTimeSaver\vendor\phpunit\phpunit\tests\end-to-end\mock-objects\generator\class_with_method_with_nullable_typehinted_variadic_arguments-php8.phpt","10/3/2025 3:18:13 AM","1954"
"C:\Users\Shadow\Web-PDFTimeSaver\vendor\phpunit\phpunit\tests\end-to-end\mock-objects\generator\class_with_method_with_typehinted_variadic_arguments-php7.phpt","10/3/2025 3:18:13 AM","1896"
"C:\Users\Shadow\Web-PDFTimeSaver\vendor\phpunit\phpunit\tests\end-to-end\mock-objects\generator\class_with_method_with_typehinted_variadic_arguments-php8.phpt","10/3/2025 3:18:13 AM","1896"
"C:\Users\Shadow\Web-PDFTimeSaver\vendor\phpunit\phpunit\tests\end-to-end\mock-objects\generator\class_with_method_with_variadic_arguments-php7.phpt","10/3/2025 3:18:13 AM","1812"
"C:\Users\Shadow\Web-PDFTimeSaver\vendor\phpunit\phpunit\tests\end-to-end\mock-objects\generator\class_with_method_with_variadic_arguments-php8.phpt","10/3/2025 3:18:13 AM","1812"
"C:\Users\Shadow\Web-PDFTimeSaver\vendor\phpunit\phpunit\tests\end-to-end\mock-objects\generator\constant_as_parameter_default_value-php7.phpt","10/3/2025 3:18:13 AM","1576"
"C:\Users\Shadow\Web-PDFTimeSaver\vendor\phpunit\phpunit\tests\end-to-end\mock-objects\generator\constant_as_parameter_default_value-php8.phpt","10/3/2025 3:18:13 AM","1576"
"C:\Users\Shadow\Web-PDFTimeSaver\vendor\phpunit\phpunit\tests\end-to-end\mock-objects\generator\interface-php7.phpt","10/3/2025 3:18:13 AM","1541"
"C:\Users\Shadow\Web-PDFTimeSaver\vendor\phpunit\phpunit\tests\end-to-end\mock-objects\generator\interface-php8.phpt","10/3/2025 3:18:13 AM","1541"
"C:\Users\Shadow\Web-PDFTimeSaver\vendor\phpunit\phpunit\tests\end-to-end\mock-objects\generator\invocation_object_clone_object-php7.phpt","10/3/2025 3:18:13 AM","2330"
"C:\Users\Shadow\Web-PDFTimeSaver\vendor\phpunit\phpunit\tests\end-to-end\mock-objects\generator\invocation_object_clone_object-php8.phpt","10/3/2025 3:18:13 AM","2330"
"C:\Users\Shadow\Web-PDFTimeSaver\vendor\phpunit\phpunit\tests\end-to-end\mock-objects\generator\namespaced_class-php7.phpt","10/3/2025 3:18:13 AM","2351"
"C:\Users\Shadow\Web-PDFTimeSaver\vendor\phpunit\phpunit\tests\end-to-end\mock-objects\generator\namespaced_class-php8.phpt","10/3/2025 3:18:13 AM","2351"
"C:\Users\Shadow\Web-PDFTimeSaver\vendor\phpunit\phpunit\tests\end-to-end\mock-objects\generator\namespaced_class_call_parent_clone-php7.phpt","10/3/2025 3:18:13 AM","863"
"C:\Users\Shadow\Web-PDFTimeSaver\vendor\phpunit\phpunit\tests\end-to-end\mock-objects\generator\namespaced_class_call_parent_clone-php8.phpt","10/3/2025 3:18:13 AM","863"
"C:\Users\Shadow\Web-PDFTimeSaver\vendor\phpunit\phpunit\tests\end-to-end\mock-objects\generator\namespaced_class_call_parent_constructor-php7.phpt","10/3/2025 3:18:13 AM","861"
"C:\Users\Shadow\Web-PDFTimeSaver\vendor\phpunit\phpunit\tests\end-to-end\mock-objects\generator\namespaced_class_call_parent_constructor-php8.phpt","10/3/2025 3:18:13 AM","861"
"C:\Users\Shadow\Web-PDFTimeSaver\vendor\phpunit\phpunit\tests\end-to-end\mock-objects\generator\namespaced_class_dont_call_parent_clone-php7.phpt","10/3/2025 3:18:13 AM","863"
"C:\Users\Shadow\Web-PDFTimeSaver\vendor\phpunit\phpunit\tests\end-to-end\mock-objects\generator\namespaced_class_dont_call_parent_clone-php8.phpt","10/3/2025 3:18:13 AM","863"
"C:\Users\Shadow\Web-PDFTimeSaver\vendor\phpunit\phpunit\tests\end-to-end\mock-objects\generator\namespaced_class_dont_call_parent_constructor-php7.phpt","10/3/2025 3:18:13 AM","861"
"C:\Users\Shadow\Web-PDFTimeSaver\vendor\phpunit\phpunit\tests\end-to-end\mock-objects\generator\namespaced_class_dont_call_parent_constructor-php8.phpt","10/3/2025 3:18:13 AM","861"
"C:\Users\Shadow\Web-PDFTimeSaver\vendor\phpunit\phpunit\tests\end-to-end\mock-objects\generator\namespaced_class_implementing_interface_call_parent_constructor-php7.phpt","10/3/2025 3:18:13 AM","945"
"C:\Users\Shadow\Web-PDFTimeSaver\vendor\phpunit\phpunit\tests\end-to-end\mock-objects\generator\namespaced_class_implementing_interface_call_parent_constructor-php8.phpt","10/3/2025 3:18:13 AM","945"
"C:\Users\Shadow\Web-PDFTimeSaver\vendor\phpunit\phpunit\tests\end-to-end\mock-objects\generator\namespaced_class_implementing_interface_dont_call_parent_constructor-php7.phpt","10/3/2025 3:18:13 AM","945"
"C:\Users\Shadow\Web-PDFTimeSaver\vendor\phpunit\phpunit\tests\end-to-end\mock-objects\generator\namespaced_class_implementing_interface_dont_call_parent_constructor-php8.phpt","10/3/2025 3:18:13 AM","945"
"C:\Users\Shadow\Web-PDFTimeSaver\vendor\phpunit\phpunit\tests\end-to-end\mock-objects\generator\namespaced_class_partial-php7.phpt","10/3/2025 3:18:13 AM","1660"
"C:\Users\Shadow\Web-PDFTimeSaver\vendor\phpunit\phpunit\tests\end-to-end\mock-objects\generator\namespaced_class_partial-php8.phpt","10/3/2025 3:18:13 AM","1660"
"C:\Users\Shadow\Web-PDFTimeSaver\vendor\phpunit\phpunit\tests\end-to-end\mock-objects\generator\namespaced_interface-php8.phpt","10/3/2025 3:18:13 AM","1573"
"C:\Users\Shadow\Web-PDFTimeSaver\vendor\phpunit\phpunit\tests\end-to-end\mock-objects\generator\namespaced_interface-php7.phpt","10/3/2025 3:18:13 AM","1573"
"C:\Users\Shadow\Web-PDFTimeSaver\vendor\phpunit\phpunit\tests\end-to-end\mock-objects\generator\nonexistent_class-php7.phpt","10/3/2025 3:18:13 AM","855"
"C:\Users\Shadow\Web-PDFTimeSaver\vendor\phpunit\phpunit\tests\end-to-end\mock-objects\generator\nonexistent_class-php8.phpt","10/3/2025 3:18:13 AM","855"
"C:\Users\Shadow\Web-PDFTimeSaver\vendor\phpunit\phpunit\tests\end-to-end\mock-objects\generator\nonexistent_class_with_namespace-php7.phpt","10/3/2025 3:18:13 AM","852"
"C:\Users\Shadow\Web-PDFTimeSaver\vendor\phpunit\phpunit\tests\end-to-end\mock-objects\generator\nonexistent_class_with_namespace-php8.phpt","10/3/2025 3:18:13 AM","852"
"C:\Users\Shadow\Web-PDFTimeSaver\vendor\phpunit\phpunit\tests\end-to-end\mock-objects\generator\nonexistent_class_with_namespace_starting_with_separator-php7.phpt","10/3/2025 3:18:13 AM","853"
"C:\Users\Shadow\Web-PDFTimeSaver\vendor\phpunit\phpunit\tests\end-to-end\mock-objects\generator\nonexistent_class_with_namespace_starting_with_separator-php8.phpt","10/3/2025 3:18:13 AM","853"
"C:\Users\Shadow\Web-PDFTimeSaver\vendor\phpunit\phpunit\tests\end-to-end\mock-objects\generator\nullable_types-php7.phpt","10/3/2025 3:18:13 AM","1553"
"C:\Users\Shadow\Web-PDFTimeSaver\vendor\phpunit\phpunit\tests\end-to-end\mock-objects\generator\nullable_types-php8.phpt","10/3/2025 3:18:13 AM","1553"
"C:\Users\Shadow\Web-PDFTimeSaver\vendor\phpunit\phpunit\tests\end-to-end\mock-objects\generator\nullable_union_type_parameter.phpt","10/3/2025 3:18:13 AM","1633"
"C:\Users\Shadow\Web-PDFTimeSaver\vendor\phpunit\phpunit\tests\end-to-end\mock-objects\generator\nullable_union_type_return.phpt","10/3/2025 3:18:13 AM","1585"
"C:\Users\Shadow\Web-PDFTimeSaver\vendor\phpunit\phpunit\tests\end-to-end\mock-objects\generator\parameter_dnf.phpt","10/3/2025 3:18:13 AM","1662"
"C:\Users\Shadow\Web-PDFTimeSaver\vendor\phpunit\phpunit\tests\end-to-end\mock-objects\generator\parameter_false.phpt","10/3/2025 3:18:13 AM","1540"
"C:\Users\Shadow\Web-PDFTimeSaver\vendor\phpunit\phpunit\tests\end-to-end\mock-objects\generator\parameter_intersection.phpt","10/3/2025 3:18:13 AM","1715"
"C:\Users\Shadow\Web-PDFTimeSaver\vendor\phpunit\phpunit\tests\end-to-end\mock-objects\generator\parameter_null.phpt","10/3/2025 3:18:13 AM","1538"
"C:\Users\Shadow\Web-PDFTimeSaver\vendor\phpunit\phpunit\tests\end-to-end\mock-objects\generator\parameter_true.phpt","10/3/2025 3:18:13 AM","1538"
"C:\Users\Shadow\Web-PDFTimeSaver\vendor\phpunit\phpunit\tests\end-to-end\mock-objects\generator\parameter_union.phpt","10/3/2025 3:18:13 AM","1623"
"C:\Users\Shadow\Web-PDFTimeSaver\vendor\phpunit\phpunit\tests\end-to-end\mock-objects\generator\proxy-php7.phpt","10/3/2025 3:18:13 AM","2438"
"C:\Users\Shadow\Web-PDFTimeSaver\vendor\phpunit\phpunit\tests\end-to-end\mock-objects\generator\proxy-php8.phpt","10/3/2025 3:18:13 AM","2438"
"C:\Users\Shadow\Web-PDFTimeSaver\vendor\phpunit\phpunit\tests\end-to-end\mock-objects\generator\return_type_declarations_closure-php7.phpt","10/3/2025 3:18:13 AM","1546"
"C:\Users\Shadow\Web-PDFTimeSaver\vendor\phpunit\phpunit\tests\end-to-end\mock-objects\generator\return_type_declarations_closure-php8.phpt","10/3/2025 3:18:13 AM","1546"
"C:\Users\Shadow\Web-PDFTimeSaver\vendor\phpunit\phpunit\tests\end-to-end\mock-objects\generator\return_type_declarations_dnf.phpt","10/3/2025 3:18:13 AM","1657"
"C:\Users\Shadow\Web-PDFTimeSaver\vendor\phpunit\phpunit\tests\end-to-end\mock-objects\generator\return_type_declarations_false.phpt","10/3/2025 3:18:13 AM","1576"
"C:\Users\Shadow\Web-PDFTimeSaver\vendor\phpunit\phpunit\tests\end-to-end\mock-objects\generator\return_type_declarations_final-php7.phpt","10/3/2025 3:18:13 AM","1637"
"C:\Users\Shadow\Web-PDFTimeSaver\vendor\phpunit\phpunit\tests\end-to-end\mock-objects\generator\return_type_declarations_final-php8.phpt","10/3/2025 3:18:13 AM","1637"
"C:\Users\Shadow\Web-PDFTimeSaver\vendor\phpunit\phpunit\tests\end-to-end\mock-objects\generator\return_type_declarations_generator-php7.phpt","10/3/2025 3:18:13 AM","1552"
"C:\Users\Shadow\Web-PDFTimeSaver\vendor\phpunit\phpunit\tests\end-to-end\mock-objects\generator\return_type_declarations_generator-php8.phpt","10/3/2025 3:18:13 AM","1552"
"C:\Users\Shadow\Web-PDFTimeSaver\vendor\phpunit\phpunit\tests\end-to-end\mock-objects\generator\return_type_declarations_generator_empty_by_default.phpt","10/3/2025 3:18:13 AM","655"
"C:\Users\Shadow\Web-PDFTimeSaver\vendor\phpunit\phpunit\tests\end-to-end\mock-objects\generator\return_type_declarations_intersection.phpt","10/3/2025 3:18:13 AM","1733"
"C:\Users\Shadow\Web-PDFTimeSaver\vendor\phpunit\phpunit\tests\end-to-end\mock-objects\generator\return_type_declarations_never.phpt","10/3/2025 3:18:13 AM","1545"
"C:\Users\Shadow\Web-PDFTimeSaver\vendor\phpunit\phpunit\tests\end-to-end\mock-objects\generator\return_type_declarations_null.phpt","10/3/2025 3:18:13 AM","1573"
"C:\Users\Shadow\Web-PDFTimeSaver\vendor\phpunit\phpunit\tests\end-to-end\mock-objects\generator\return_type_declarations_nullable-php7.phpt","10/3/2025 3:18:13 AM","1572"
"C:\Users\Shadow\Web-PDFTimeSaver\vendor\phpunit\phpunit\tests\end-to-end\mock-objects\generator\return_type_declarations_nullable-php8.phpt","10/3/2025 3:18:13 AM","1572"
"C:\Users\Shadow\Web-PDFTimeSaver\vendor\phpunit\phpunit\tests\end-to-end\mock-objects\generator\return_type_declarations_object_method-php7.phpt","10/3/2025 3:18:14 AM","1600"
"C:\Users\Shadow\Web-PDFTimeSaver\vendor\phpunit\phpunit\tests\end-to-end\mock-objects\generator\return_type_declarations_object_method-php8.phpt","10/3/2025 3:18:14 AM","1600"
"C:\Users\Shadow\Web-PDFTimeSaver\vendor\phpunit\phpunit\tests\end-to-end\mock-objects\generator\return_type_declarations_parent-php7.phpt","10/3/2025 3:18:14 AM","1630"
"C:\Users\Shadow\Web-PDFTimeSaver\vendor\phpunit\phpunit\tests\end-to-end\mock-objects\generator\return_type_declarations_parent-php8.phpt","10/3/2025 3:18:14 AM","1630"
"C:\Users\Shadow\Web-PDFTimeSaver\vendor\phpunit\phpunit\tests\end-to-end\mock-objects\generator\return_type_declarations_self-php7.phpt","10/3/2025 3:18:14 AM","1561"
"C:\Users\Shadow\Web-PDFTimeSaver\vendor\phpunit\phpunit\tests\end-to-end\mock-objects\generator\return_type_declarations_self-php8.phpt","10/3/2025 3:18:14 AM","1561"
"C:\Users\Shadow\Web-PDFTimeSaver\vendor\phpunit\phpunit\tests\end-to-end\mock-objects\generator\return_type_declarations_static.phpt","10/3/2025 3:18:14 AM","3425"
"C:\Users\Shadow\Web-PDFTimeSaver\vendor\phpunit\phpunit\tests\end-to-end\mock-objects\generator\return_type_declarations_static_method-php7.phpt","10/3/2025 3:18:14 AM","1086"
"C:\Users\Shadow\Web-PDFTimeSaver\vendor\phpunit\phpunit\tests\end-to-end\mock-objects\generator\return_type_declarations_static_method-php8.phpt","10/3/2025 3:18:14 AM","1086"
"C:\Users\Shadow\Web-PDFTimeSaver\vendor\phpunit\phpunit\tests\end-to-end\mock-objects\generator\return_type_declarations_true.phpt","10/3/2025 3:18:14 AM","1573"
"C:\Users\Shadow\Web-PDFTimeSaver\vendor\phpunit\phpunit\tests\end-to-end\mock-objects\generator\return_type_declarations_union.phpt","10/3/2025 3:18:14 AM","1570"
"C:\Users\Shadow\Web-PDFTimeSaver\vendor\phpunit\phpunit\tests\end-to-end\mock-objects\generator\return_type_declarations_void-php7.phpt","10/3/2025 3:18:14 AM","1506"
"C:\Users\Shadow\Web-PDFTimeSaver\vendor\phpunit\phpunit\tests\end-to-end\mock-objects\generator\return_type_declarations_void-php8.phpt","10/3/2025 3:18:14 AM","1506"
"C:\Users\Shadow\Web-PDFTimeSaver\vendor\phpunit\phpunit\tests\end-to-end\mock-objects\generator\scalar_type_declarations-php7.phpt","10/3/2025 3:18:14 AM","1563"
"C:\Users\Shadow\Web-PDFTimeSaver\vendor\phpunit\phpunit\tests\end-to-end\mock-objects\generator\scalar_type_declarations-php8.phpt","10/3/2025 3:18:14 AM","1563"
"C:\Users\Shadow\Web-PDFTimeSaver\vendor\phpunit\phpunit\tests\end-to-end\mock-objects\generator\wsdl_class.phpt","10/3/2025 3:18:14 AM","993"
"C:\Users\Shadow\Web-PDFTimeSaver\vendor\phpunit\phpunit\tests\end-to-end\mock-objects\generator\wsdl_class_namespace.phpt","10/3/2025 3:18:14 AM","1027"
"C:\Users\Shadow\Web-PDFTimeSaver\vendor\phpunit\phpunit\tests\end-to-end\mock-objects\generator\wsdl_class_partial.phpt","10/3/2025 3:18:14 AM","910"
"C:\Users\Shadow\Web-PDFTimeSaver\vendor\phpunit\phpunit\tests\end-to-end\mock-objects\mock-method\call_original.phpt","10/3/2025 3:18:14 AM","1179"
"C:\Users\Shadow\Web-PDFTimeSaver\vendor\phpunit\phpunit\tests\end-to-end\mock-objects\mock-method\call_original_with_argument.phpt","10/3/2025 3:18:14 AM","1203"
"C:\Users\Shadow\Web-PDFTimeSaver\vendor\phpunit\phpunit\tests\end-to-end\mock-objects\mock-method\call_original_with_argument_variadic.phpt","10/3/2025 3:18:14 AM","1216"
"C:\Users\Shadow\Web-PDFTimeSaver\vendor\phpunit\phpunit\tests\end-to-end\mock-objects\mock-method\call_original_with_return_type_void.phpt","10/3/2025 3:18:14 AM","1219"
"C:\Users\Shadow\Web-PDFTimeSaver\vendor\phpunit\phpunit\tests\end-to-end\mock-objects\mock-method\clone_method_arguments.phpt","10/3/2025 3:18:14 AM","1122"
"C:\Users\Shadow\Web-PDFTimeSaver\vendor\phpunit\phpunit\tests\end-to-end\mock-objects\mock-method\deprecated_without_description.phpt","10/3/2025 3:18:14 AM","1225"
"C:\Users\Shadow\Web-PDFTimeSaver\vendor\phpunit\phpunit\tests\end-to-end\mock-objects\mock-method\deprecated_with_description.phpt","10/3/2025 3:18:14 AM","1296"
"C:\Users\Shadow\Web-PDFTimeSaver\vendor\phpunit\phpunit\tests\end-to-end\mock-objects\mock-method\protected_method.phpt","10/3/2025 3:18:14 AM","1106"
"C:\Users\Shadow\Web-PDFTimeSaver\vendor\phpunit\phpunit\tests\end-to-end\mock-objects\mock-method\private_method.phpt","10/3/2025 3:18:14 AM","1102"
"C:\Users\Shadow\Web-PDFTimeSaver\vendor\phpunit\phpunit\tests\end-to-end\mock-objects\mock-method\return_by_reference.phpt","10/3/2025 3:18:14 AM","1102"
"C:\Users\Shadow\Web-PDFTimeSaver\vendor\phpunit\phpunit\tests\end-to-end\mock-objects\mock-method\return_by_reference_with_return_type.phpt","10/3/2025 3:18:14 AM","1125"
"C:\Users\Shadow\Web-PDFTimeSaver\vendor\phpunit\phpunit\tests\end-to-end\mock-objects\mock-method\return_type.phpt","10/3/2025 3:18:14 AM","1123"
"C:\Users\Shadow\Web-PDFTimeSaver\vendor\phpunit\phpunit\tests\end-to-end\mock-objects\mock-method\return_type_parent.phpt","10/3/2025 3:18:14 AM","1149"
"C:\Users\Shadow\Web-PDFTimeSaver\vendor\phpunit\phpunit\tests\end-to-end\mock-objects\mock-method\return_type_self.phpt","10/3/2025 3:18:14 AM","1115"
"C:\Users\Shadow\Web-PDFTimeSaver\vendor\phpunit\phpunit\tests\end-to-end\mock-objects\mock-method\static_method.phpt","10/3/2025 3:18:14 AM","592"
"C:\Users\Shadow\Web-PDFTimeSaver\vendor\phpunit\phpunit\tests\end-to-end\mock-objects\mock-method\static_method_with_return_type.phpt","10/3/2025 3:18:14 AM","604"
"C:\Users\Shadow\Web-PDFTimeSaver\vendor\phpunit\phpunit\tests\end-to-end\mock-objects\mock-method\with_argument.phpt","10/3/2025 3:18:14 AM","1114"
"C:\Users\Shadow\Web-PDFTimeSaver\vendor\phpunit\phpunit\tests\end-to-end\mock-objects\mock-method\with_argument_default.phpt","10/3/2025 3:18:14 AM","1130"
"C:\Users\Shadow\Web-PDFTimeSaver\vendor\phpunit\phpunit\tests\end-to-end\mock-objects\mock-method\with_argument_default_constant.phpt","10/3/2025 3:18:14 AM","1448"
"C:\Users\Shadow\Web-PDFTimeSaver\vendor\phpunit\phpunit\tests\end-to-end\mock-objects\mock-method\with_argument_default_new_expression.phpt","10/3/2025 3:18:14 AM","1386"
"C:\Users\Shadow\Web-PDFTimeSaver\vendor\phpunit\phpunit\tests\end-to-end\mock-objects\mock-method\with_argument_default_null.phpt","10/3/2025 3:18:14 AM","1128"
"C:\Users\Shadow\Web-PDFTimeSaver\vendor\phpunit\phpunit\tests\end-to-end\mock-objects\mock-method\with_argument_nullable.phpt","10/3/2025 3:18:14 AM","1130"
"C:\Users\Shadow\Web-PDFTimeSaver\vendor\phpunit\phpunit\tests\end-to-end\mock-objects\mock-method\with_argument_reference.phpt","10/3/2025 3:18:14 AM","1117"
"C:\Users\Shadow\Web-PDFTimeSaver\vendor\phpunit\phpunit\tests\end-to-end\mock-objects\mock-method\with_argument_typed_array.phpt","10/3/2025 3:18:14 AM","1126"
"C:\Users\Shadow\Web-PDFTimeSaver\vendor\phpunit\phpunit\tests\end-to-end\mock-objects\mock-method\with_argument_typed_callable.phpt","10/3/2025 3:18:14 AM","1132"
"C:\Users\Shadow\Web-PDFTimeSaver\vendor\phpunit\phpunit\tests\end-to-end\mock-objects\mock-method\with_argument_typed_class.phpt","10/3/2025 3:18:14 AM","1135"
"C:\Users\Shadow\Web-PDFTimeSaver\vendor\phpunit\phpunit\tests\end-to-end\mock-objects\mock-method\with_argument_typed_scalar.phpt","10/3/2025 3:18:14 AM","1128"
"C:\Users\Shadow\Web-PDFTimeSaver\vendor\phpunit\phpunit\tests\end-to-end\mock-objects\mock-method\with_argument_typed_unkown_class.phpt","10/3/2025 3:18:14 AM","1140"
"C:\Users\Shadow\Web-PDFTimeSaver\vendor\phpunit\phpunit\tests\end-to-end\mock-objects\mock-method\with_argument_typed_self.phpt","10/3/2025 3:18:14 AM","1123"
"C:\Users\Shadow\Web-PDFTimeSaver\vendor\phpunit\phpunit\tests\end-to-end\mock-objects\mock-method\with_argument_typed_variadic.phpt","10/3/2025 3:18:14 AM","1132"
"C:\Users\Shadow\Web-PDFTimeSaver\vendor\phpunit\phpunit\tests\end-to-end\mock-objects\mock-method\with_argument_variadic.phpt","10/3/2025 3:18:14 AM","1118"
"C:\Users\Shadow\Web-PDFTimeSaver\vendor\phpunit\phpunit\tests\end-to-end\mock-objects\mock-method\with_arguments.phpt","10/3/2025 3:18:14 AM","1138"
"C:\Users\Shadow\Web-PDFTimeSaver\vendor\phpunit\phpunit\tests\end-to-end\phar\phpunit.xml","10/3/2025 3:18:14 AM","600"
"C:\Users\Shadow\Web-PDFTimeSaver\vendor\phpunit\phpunit\tests\end-to-end\phar\src\Greeter.php","10/3/2025 3:18:14 AM","411"
"C:\Users\Shadow\Web-PDFTimeSaver\vendor\phpunit\phpunit\tests\end-to-end\phar\src\autoload.php","10/3/2025 3:18:14 AM","304"
"C:\Users\Shadow\Web-PDFTimeSaver\vendor\phpunit\phpunit\tests\end-to-end\phar\tests\phpt\greeter.phpt","10/3/2025 3:18:14 AM","211"
"C:\Users\Shadow\Web-PDFTimeSaver\vendor\phpunit\phpunit\tests\end-to-end\phar\tests\standard\GreeterTest.php","10/3/2025 3:18:14 AM","826"
"C:\Users\Shadow\Web-PDFTimeSaver\vendor\phpunit\phpunit\tests\end-to-end\phar\tests\standard\Issue4399Test.php","10/3/2025 3:18:14 AM","434"
"C:\Users\Shadow\Web-PDFTimeSaver\vendor\phpunit\phpunit\tests\end-to-end\phpt\expect-external-location-hint.phpt","10/3/2025 3:18:14 AM","1116"
"C:\Users\Shadow\Web-PDFTimeSaver\vendor\phpunit\phpunit\tests\end-to-end\phpt\expect-location-hint.phpt","10/3/2025 3:18:14 AM","1241"
"C:\Users\Shadow\Web-PDFTimeSaver\vendor\phpunit\phpunit\tests\end-to-end\phpt\parse-ini-env-section.phpt","10/3/2025 3:18:14 AM","491"
"C:\Users\Shadow\Web-PDFTimeSaver\vendor\phpunit\phpunit\tests\end-to-end\phpt\phpt-args.phpt","10/3/2025 3:18:14 AM","183"
"C:\Users\Shadow\Web-PDFTimeSaver\vendor\phpunit\phpunit\tests\end-to-end\phpt\phpt-env.phpt","10/3/2025 3:18:14 AM","290"
"C:\Users\Shadow\Web-PDFTimeSaver\vendor\phpunit\phpunit\tests\end-to-end\phpt\phpt-external.phpt","10/3/2025 3:18:14 AM","163"
"C:\Users\Shadow\Web-PDFTimeSaver\vendor\phpunit\phpunit\tests\end-to-end\phpt\phpt-parsing.phpt","10/3/2025 3:18:14 AM","787"
"C:\Users\Shadow\Web-PDFTimeSaver\vendor\phpunit\phpunit\tests\end-to-end\phpt\phpt-stdin.phpt","10/3/2025 3:18:14 AM","197"
"C:\Users\Shadow\Web-PDFTimeSaver\vendor\phpunit\phpunit\tests\end-to-end\phpt\phpt-xfail.phpt","10/3/2025 3:18:14 AM","589"
"C:\Users\Shadow\Web-PDFTimeSaver\vendor\phpunit\phpunit\tests\end-to-end\phpt\skipif-location-hint.phpt","10/3/2025 3:18:14 AM","903"
"C:\Users\Shadow\Web-PDFTimeSaver\vendor\phpunit\phpunit\tests\end-to-end\regression\1149.phpt","10/3/2025 3:18:14 AM","559"
"C:\Users\Shadow\Web-PDFTimeSaver\vendor\phpunit\phpunit\tests\end-to-end\regression\1149\Issue1149Test.php","10/3/2025 3:18:14 AM","601"
"C:\Users\Shadow\Web-PDFTimeSaver\vendor\phpunit\phpunit\tests\end-to-end\regression\1216.phpt","10/3/2025 3:18:14 AM","810"
"C:\Users\Shadow\Web-PDFTimeSaver\vendor\phpunit\phpunit\tests\end-to-end\regression\1216\Issue1216Test.php","10/3/2025 3:18:14 AM","480"
"C:\Users\Shadow\Web-PDFTimeSaver\vendor\phpunit\phpunit\tests\end-to-end\regression\1216\bootstrap1216.php","10/3/2025 3:18:14 AM","335"
"C:\Users\Shadow\Web-PDFTimeSaver\vendor\phpunit\phpunit\tests\end-to-end\regression\1216\phpunit1216.xml","10/3/2025 3:18:14 AM","196"
"C:\Users\Shadow\Web-PDFTimeSaver\vendor\phpunit\phpunit\tests\end-to-end\regression\1265.phpt","10/3/2025 3:18:14 AM","680"
"C:\Users\Shadow\Web-PDFTimeSaver\vendor\phpunit\phpunit\tests\end-to-end\regression\1265\phpunit1265.xml","10/3/2025 3:18:14 AM","85"
"C:\Users\Shadow\Web-PDFTimeSaver\vendor\phpunit\phpunit\tests\end-to-end\regression\1265\Issue1265Test.php","10/3/2025 3:18:14 AM","427"
"C:\Users\Shadow\Web-PDFTimeSaver\vendor\phpunit\phpunit\tests\end-to-end\regression\1330.phpt","10/3/2025 3:18:14 AM","611"
"C:\Users\Shadow\Web-PDFTimeSaver\vendor\phpunit\phpunit\tests\end-to-end\regression\1330\Issue1330Test.php","10/3/2025 3:18:14 AM","435"
"C:\Users\Shadow\Web-PDFTimeSaver\vendor\phpunit\phpunit\tests\end-to-end\regression\1330\phpunit1330.xml","10/3/2025 3:18:14 AM","89"
"C:\Users\Shadow\Web-PDFTimeSaver\vendor\phpunit\phpunit\tests\end-to-end\regression\1335.phpt","10/3/2025 3:18:14 AM","644"
"C:\Users\Shadow\Web-PDFTimeSaver\vendor\phpunit\phpunit\tests\end-to-end\regression\1335\Issue1335Test.php","10/3/2025 3:18:14 AM","2091"
"C:\Users\Shadow\Web-PDFTimeSaver\vendor\phpunit\phpunit\tests\end-to-end\regression\1335\bootstrap1335.php","10/3/2025 3:18:14 AM","926"
"C:\Users\Shadow\Web-PDFTimeSaver\vendor\phpunit\phpunit\tests\end-to-end\regression\1337.phpt","10/3/2025 3:18:14 AM","589"
"C:\Users\Shadow\Web-PDFTimeSaver\vendor\phpunit\phpunit\tests\end-to-end\regression\1337\Issue1337Test.php","10/3/2025 3:18:14 AM","719"
"C:\Users\Shadow\Web-PDFTimeSaver\vendor\phpunit\phpunit\tests\end-to-end\regression\1348.phpt","10/3/2025 3:18:14 AM","867"
"C:\Users\Shadow\Web-PDFTimeSaver\vendor\phpunit\phpunit\tests\end-to-end\regression\1348\Issue1348Test.php","10/3/2025 3:18:14 AM","606"
"C:\Users\Shadow\Web-PDFTimeSaver\vendor\phpunit\phpunit\tests\end-to-end\regression\1374.phpt","10/3/2025 3:18:14 AM","602"
"C:\Users\Shadow\Web-PDFTimeSaver\vendor\phpunit\phpunit\tests\end-to-end\regression\1374\Issue1374Test.php","10/3/2025 3:18:14 AM","668"
"C:\Users\Shadow\Web-PDFTimeSaver\vendor\phpunit\phpunit\tests\end-to-end\regression\1437.phpt","10/3/2025 3:18:14 AM","689"
"C:\Users\Shadow\Web-PDFTimeSaver\vendor\phpunit\phpunit\tests\end-to-end\regression\1437\Issue1437Test.php","10/3/2025 3:18:14 AM","453"
"C:\Users\Shadow\Web-PDFTimeSaver\vendor\phpunit\phpunit\tests\end-to-end\regression\1468.phpt","10/3/2025 3:18:14 AM","652"
"C:\Users\Shadow\Web-PDFTimeSaver\vendor\phpunit\phpunit\tests\end-to-end\regression\1468\Issue1468Test.php","10/3/2025 3:18:14 AM","486"
"C:\Users\Shadow\Web-PDFTimeSaver\vendor\phpunit\phpunit\tests\end-to-end\regression\1471.phpt","10/3/2025 3:18:14 AM","691"
"C:\Users\Shadow\Web-PDFTimeSaver\vendor\phpunit\phpunit\tests\end-to-end\regression\1471\Issue1471Test.php","10/3/2025 3:18:14 AM","496"
"C:\Users\Shadow\Web-PDFTimeSaver\vendor\phpunit\phpunit\tests\end-to-end\regression\1570.phpt","10/3/2025 3:18:14 AM","756"
"C:\Users\Shadow\Web-PDFTimeSaver\vendor\phpunit\phpunit\tests\end-to-end\regression\1570\Issue1570Test.php","10/3/2025 3:18:14 AM","412"
"C:\Users\Shadow\Web-PDFTimeSaver\vendor\phpunit\phpunit\tests\end-to-end\regression\2085.phpt","10/3/2025 3:18:14 AM","1339"
"C:\Users\Shadow\Web-PDFTimeSaver\vendor\phpunit\phpunit\tests\end-to-end\regression\2085\Issue2085Test.php","10/3/2025 3:18:14 AM","516"
"C:\Users\Shadow\Web-PDFTimeSaver\vendor\phpunit\phpunit\tests\end-to-end\regression\2085\configuration_enforce_time_limit_options.xml","10/3/2025 3:18:14 AM","98"
"C:\Users\Shadow\Web-PDFTimeSaver\vendor\phpunit\phpunit\tests\end-to-end\regression\2137-no_filter.phpt","10/3/2025 3:18:14 AM","813"
"C:\Users\Shadow\Web-PDFTimeSaver\vendor\phpunit\phpunit\tests\end-to-end\regression\2137-filter.phpt","10/3/2025 3:18:14 AM","761"
"C:\Users\Shadow\Web-PDFTimeSaver\vendor\phpunit\phpunit\tests\end-to-end\regression\2137\Issue2137Test.php","10/3/2025 3:18:14 AM","1472"
"C:\Users\Shadow\Web-PDFTimeSaver\vendor\phpunit\phpunit\tests\end-to-end\regression\2145.phpt","10/3/2025 3:18:14 AM","602"
"C:\Users\Shadow\Web-PDFTimeSaver\vendor\phpunit\phpunit\tests\end-to-end\regression\2145\Issue2145Test.php","10/3/2025 3:18:14 AM","774"
"C:\Users\Shadow\Web-PDFTimeSaver\vendor\phpunit\phpunit\tests\end-to-end\regression\2158.phpt","10/3/2025 3:18:14 AM","605"
"C:\Users\Shadow\Web-PDFTimeSaver\vendor\phpunit\phpunit\tests\end-to-end\regression\2158\constant.inc","10/3/2025 3:18:14 AM","70"
"C:\Users\Shadow\Web-PDFTimeSaver\vendor\phpunit\phpunit\tests\end-to-end\regression\2158\Issue2158Test.php","10/3/2025 3:18:14 AM","856"
"C:\Users\Shadow\Web-PDFTimeSaver\vendor\phpunit\phpunit\tests\end-to-end\regression\2366.phpt","10/3/2025 3:18:14 AM","553"
"C:\Users\Shadow\Web-PDFTimeSaver\vendor\phpunit\phpunit\tests\end-to-end\regression\2366\Issue2366Test.php","10/3/2025 3:18:14 AM","802"
"C:\Users\Shadow\Web-PDFTimeSaver\vendor\phpunit\phpunit\tests\end-to-end\regression\2380.phpt","10/3/2025 3:18:14 AM","538"
"C:\Users\Shadow\Web-PDFTimeSaver\vendor\phpunit\phpunit\tests\end-to-end\regression\2380\Issue2380Test.php","10/3/2025 3:18:14 AM","629"
"C:\Users\Shadow\Web-PDFTimeSaver\vendor\phpunit\phpunit\tests\end-to-end\regression\2382.phpt","10/3/2025 3:18:14 AM","545"
"C:\Users\Shadow\Web-PDFTimeSaver\vendor\phpunit\phpunit\tests\end-to-end\regression\2382\Issue2382Test.php","10/3/2025 3:18:14 AM","691"
"C:\Users\Shadow\Web-PDFTimeSaver\vendor\phpunit\phpunit\tests\end-to-end\regression\2435.phpt","10/3/2025 3:18:14 AM","525"
"C:\Users\Shadow\Web-PDFTimeSaver\vendor\phpunit\phpunit\tests\end-to-end\regression\2435\Issue2435Test.php","10/3/2025 3:18:14 AM","656"
"C:\Users\Shadow\Web-PDFTimeSaver\vendor\phpunit\phpunit\tests\end-to-end\regression\2448-existing-test.phpt","10/3/2025 3:18:14 AM","681"
"C:\Users\Shadow\Web-PDFTimeSaver\vendor\phpunit\phpunit\tests\end-to-end\regression\2448-not-existing-test.phpt","10/3/2025 3:18:14 AM","547"
"C:\Users\Shadow\Web-PDFTimeSaver\vendor\phpunit\phpunit\tests\end-to-end\regression\2448\Test.php","10/3/2025 3:18:14 AM","647"
"C:\Users\Shadow\Web-PDFTimeSaver\vendor\phpunit\phpunit\tests\end-to-end\regression\2724-diff-pid-from-parent-process.phpt","10/3/2025 3:18:14 AM","691"
"C:\Users\Shadow\Web-PDFTimeSaver\vendor\phpunit\phpunit\tests\end-to-end\regression\2724\SeparateClassRunMethodInNewProcessTest.php","10/3/2025 3:18:14 AM","1507"
"C:\Users\Shadow\Web-PDFTimeSaver\vendor\phpunit\phpunit\tests\end-to-end\regression\2725-separate-class-before-after-pid.phpt","10/3/2025 3:18:14 AM","626"
"C:\Users\Shadow\Web-PDFTimeSaver\vendor\phpunit\phpunit\tests\end-to-end\regression\2725\BeforeAfterClassPidTest.php","10/3/2025 3:18:14 AM","1257"
"C:\Users\Shadow\Web-PDFTimeSaver\vendor\phpunit\phpunit\tests\end-to-end\regression\2731.phpt","10/3/2025 3:18:14 AM","686"
"C:\Users\Shadow\Web-PDFTimeSaver\vendor\phpunit\phpunit\tests\end-to-end\regression\2731\Issue2731Test.php","10/3/2025 3:18:14 AM","760"
"C:\Users\Shadow\Web-PDFTimeSaver\vendor\phpunit\phpunit\tests\end-to-end\regression\2811.phpt","10/3/2025 3:18:14 AM","563"
"C:\Users\Shadow\Web-PDFTimeSaver\vendor\phpunit\phpunit\tests\end-to-end\regression\2811\Issue2811Test.php","10/3/2025 3:18:14 AM","712"
"C:\Users\Shadow\Web-PDFTimeSaver\vendor\phpunit\phpunit\tests\end-to-end\regression\2830.phpt","10/3/2025 3:18:14 AM","562"
"C:\Users\Shadow\Web-PDFTimeSaver\vendor\phpunit\phpunit\tests\end-to-end\regression\2830\Issue2830Test.php","10/3/2025 3:18:14 AM","844"
"C:\Users\Shadow\Web-PDFTimeSaver\vendor\phpunit\phpunit\tests\end-to-end\regression\2972.phpt","10/3/2025 3:18:14 AM","795"
"C:\Users\Shadow\Web-PDFTimeSaver\vendor\phpunit\phpunit\tests\end-to-end\regression\2972\issue-2972-test.phpt","10/3/2025 3:18:14 AM","197"
"C:\Users\Shadow\Web-PDFTimeSaver\vendor\phpunit\phpunit\tests\end-to-end\regression\2972\unconventiallyNamedIssue2972Test.php","10/3/2025 3:18:14 AM","466"
"C:\Users\Shadow\Web-PDFTimeSaver\vendor\phpunit\phpunit\tests\end-to-end\regression\3093\Issue3093Test.php","10/3/2025 3:18:14 AM","1015"
"C:\Users\Shadow\Web-PDFTimeSaver\vendor\phpunit\phpunit\tests\end-to-end\regression\3093\issue-3093-test.phpt","10/3/2025 3:18:14 AM","588"
"C:\Users\Shadow\Web-PDFTimeSaver\vendor\phpunit\phpunit\tests\end-to-end\regression\3156\Issue3156Test.php","10/3/2025 3:18:14 AM","905"
"C:\Users\Shadow\Web-PDFTimeSaver\vendor\phpunit\phpunit\tests\end-to-end\regression\322.phpt","10/3/2025 3:18:14 AM","714"
"C:\Users\Shadow\Web-PDFTimeSaver\vendor\phpunit\phpunit\tests\end-to-end\regression\322\Issue322Test.php","10/3/2025 3:18:14 AM","586"
"C:\Users\Shadow\Web-PDFTimeSaver\vendor\phpunit\phpunit\tests\end-to-end\regression\322\phpunit322.xml","10/3/2025 3:18:14 AM","186"
"C:\Users\Shadow\Web-PDFTimeSaver\vendor\phpunit\phpunit\tests\end-to-end\regression\3379.phpt","10/3/2025 3:18:14 AM","645"
"C:\Users\Shadow\Web-PDFTimeSaver\vendor\phpunit\phpunit\tests\end-to-end\regression\3379\Issue3379Test.php","10/3/2025 3:18:14 AM","576"
"C:\Users\Shadow\Web-PDFTimeSaver\vendor\phpunit\phpunit\tests\end-to-end\regression\3379\phpunit.xml","10/3/2025 3:18:14 AM","457"
"C:\Users\Shadow\Web-PDFTimeSaver\vendor\phpunit\phpunit\tests\end-to-end\regression\3379\Issue3379TestListener.php","10/3/2025 3:18:14 AM","776"
"C:\Users\Shadow\Web-PDFTimeSaver\vendor\phpunit\phpunit\tests\end-to-end\regression\3380\issue-3380-test.phpt","10/3/2025 3:18:14 AM","2371"
"C:\Users\Shadow\Web-PDFTimeSaver\vendor\phpunit\phpunit\tests\end-to-end\regression\3396\issue-3396-test.phpt","10/3/2025 3:18:14 AM","3491"
"C:\Users\Shadow\Web-PDFTimeSaver\vendor\phpunit\phpunit\tests\end-to-end\regression\3739.phpt","10/3/2025 3:18:14 AM","750"
"C:\Users\Shadow\Web-PDFTimeSaver\vendor\phpunit\phpunit\tests\end-to-end\regression\3739\Issue3739Test.php","10/3/2025 3:18:14 AM","1005"
"C:\Users\Shadow\Web-PDFTimeSaver\vendor\phpunit\phpunit\tests\end-to-end\regression\3881.phpt","10/3/2025 3:18:14 AM","546"
"C:\Users\Shadow\Web-PDFTimeSaver\vendor\phpunit\phpunit\tests\end-to-end\regression\3881\Issue3881Test.php","10/3/2025 3:18:14 AM","508"
"C:\Users\Shadow\Web-PDFTimeSaver\vendor\phpunit\phpunit\tests\end-to-end\regression\3904.phpt","10/3/2025 3:18:14 AM","546"
"C:\Users\Shadow\Web-PDFTimeSaver\vendor\phpunit\phpunit\tests\end-to-end\regression\3904\Issue3904Test.php","10/3/2025 3:18:14 AM","463"
"C:\Users\Shadow\Web-PDFTimeSaver\vendor\phpunit\phpunit\tests\end-to-end\regression\3983-1.phpt","10/3/2025 3:18:14 AM","482"
"C:\Users\Shadow\Web-PDFTimeSaver\vendor\phpunit\phpunit\tests\end-to-end\regression\3983-2.phpt","10/3/2025 3:18:14 AM","484"
"C:\Users\Shadow\Web-PDFTimeSaver\vendor\phpunit\phpunit\tests\end-to-end\regression\3983\Issue3983Test.php","10/3/2025 3:18:14 AM","432"
"C:\Users\Shadow\Web-PDFTimeSaver\vendor\phpunit\phpunit\tests\end-to-end\regression\4232.phpt","10/3/2025 3:18:14 AM","546"
"C:\Users\Shadow\Web-PDFTimeSaver\vendor\phpunit\phpunit\tests\end-to-end\regression\4232\Issue4232Test.php","10/3/2025 3:18:14 AM","430"
"C:\Users\Shadow\Web-PDFTimeSaver\vendor\phpunit\phpunit\tests\end-to-end\regression\4232\ParentIssue4232Test.php","10/3/2025 3:18:14 AM","369"
"C:\Users\Shadow\Web-PDFTimeSaver\vendor\phpunit\phpunit\tests\end-to-end\regression\433.phpt","10/3/2025 3:18:14 AM","732"
"C:\Users\Shadow\Web-PDFTimeSaver\vendor\phpunit\phpunit\tests\end-to-end\regression\433\Issue433Test.php","10/3/2025 3:18:14 AM","757"
"C:\Users\Shadow\Web-PDFTimeSaver\vendor\phpunit\phpunit\tests\end-to-end\regression\4376.phpt","10/3/2025 3:18:14 AM","633"
"C:\Users\Shadow\Web-PDFTimeSaver\vendor\phpunit\phpunit\tests\end-to-end\regression\4376\phpunit.xml","10/3/2025 3:18:14 AM","395"
"C:\Users\Shadow\Web-PDFTimeSaver\vendor\phpunit\phpunit\tests\end-to-end\regression\4376\tests\Test.php","10/3/2025 3:18:14 AM","410"
"C:\Users\Shadow\Web-PDFTimeSaver\vendor\phpunit\phpunit\tests\end-to-end\regression\4407.phpt","10/3/2025 3:18:14 AM","801"
"C:\Users\Shadow\Web-PDFTimeSaver\vendor\phpunit\phpunit\tests\end-to-end\regression\4407\Issue4407Test.php","10/3/2025 3:18:14 AM","522"
"C:\Users\Shadow\Web-PDFTimeSaver\vendor\phpunit\phpunit\tests\end-to-end\regression\4407\test.xml","10/3/2025 3:18:14 AM","82"
"C:\Users\Shadow\Web-PDFTimeSaver\vendor\phpunit\phpunit\tests\end-to-end\regression\445.phpt","10/3/2025 3:18:14 AM","772"
"C:\Users\Shadow\Web-PDFTimeSaver\vendor\phpunit\phpunit\tests\end-to-end\regression\445\Issue445Test.php","10/3/2025 3:18:14 AM","757"
"C:\Users\Shadow\Web-PDFTimeSaver\vendor\phpunit\phpunit\tests\end-to-end\regression\4498.phpt","10/3/2025 3:18:14 AM","548"
"C:\Users\Shadow\Web-PDFTimeSaver\vendor\phpunit\phpunit\tests\end-to-end\regression\4498\Issue4498Test.php","10/3/2025 3:18:14 AM","460"
"C:\Users\Shadow\Web-PDFTimeSaver\vendor\phpunit\phpunit\tests\end-to-end\regression\4620.phpt","10/3/2025 3:18:14 AM","705"
"C:\Users\Shadow\Web-PDFTimeSaver\vendor\phpunit\phpunit\tests\end-to-end\regression\4620\Issue4620Test.php","10/3/2025 3:18:14 AM","466"
"C:\Users\Shadow\Web-PDFTimeSaver\vendor\phpunit\phpunit\tests\end-to-end\regression\4620\bootstrap.php","10/3/2025 3:18:14 AM","453"
"C:\Users\Shadow\Web-PDFTimeSaver\vendor\phpunit\phpunit\tests\end-to-end\regression\4630.phpt","10/3/2025 3:18:14 AM","799"
"C:\Users\Shadow\Web-PDFTimeSaver\vendor\phpunit\phpunit\tests\end-to-end\regression\4630\Issue4630Test.php","10/3/2025 3:18:14 AM","381"
"C:\Users\Shadow\Web-PDFTimeSaver\vendor\phpunit\phpunit\tests\end-to-end\regression\4632.phpt","10/3/2025 3:18:14 AM","965"
"C:\Users\Shadow\Web-PDFTimeSaver\vendor\phpunit\phpunit\tests\end-to-end\regression\4632\Issue4632Test.php","10/3/2025 3:18:14 AM","467"
"C:\Users\Shadow\Web-PDFTimeSaver\vendor\phpunit\phpunit\tests\end-to-end\regression\498.phpt","10/3/2025 3:18:14 AM","846"
"C:\Users\Shadow\Web-PDFTimeSaver\vendor\phpunit\phpunit\tests\end-to-end\regression\498\Issue498Test.php","10/3/2025 3:18:14 AM","1173"
"C:\Users\Shadow\Web-PDFTimeSaver\vendor\phpunit\phpunit\tests\end-to-end\regression\5020.phpt","10/3/2025 3:18:14 AM","556"
"C:\Users\Shadow\Web-PDFTimeSaver\vendor\phpunit\phpunit\tests\end-to-end\regression\5020\Under\Score\Issue5020Test.php","10/3/2025 3:18:14 AM","669"
"C:\Users\Shadow\Web-PDFTimeSaver\vendor\phpunit\phpunit\tests\end-to-end\regression\503.phpt","10/3/2025 3:18:14 AM","806"
"C:\Users\Shadow\Web-PDFTimeSaver\vendor\phpunit\phpunit\tests\end-to-end\regression\503\Issue503Test.php","10/3/2025 3:18:14 AM","501"
"C:\Users\Shadow\Web-PDFTimeSaver\vendor\phpunit\phpunit\tests\end-to-end\regression\5164.phpt","10/3/2025 3:18:14 AM","811"
"C:\Users\Shadow\Web-PDFTimeSaver\vendor\phpunit\phpunit\tests\end-to-end\regression\5164\Issue5164Test.php","10/3/2025 3:18:14 AM","563"
"C:\Users\Shadow\Web-PDFTimeSaver\vendor\phpunit\phpunit\tests\end-to-end\regression\5192.phpt","10/3/2025 3:18:14 AM","421"
"C:\Users\Shadow\Web-PDFTimeSaver\vendor\phpunit\phpunit\tests\end-to-end\regression\5192\phpunit.xml","10/3/2025 3:18:14 AM","318"
"C:\Users\Shadow\Web-PDFTimeSaver\vendor\phpunit\phpunit\tests\end-to-end\regression\5192\tests\.gitkeep","10/3/2025 3:18:14 AM","0"
"C:\Users\Shadow\Web-PDFTimeSaver\vendor\phpunit\phpunit\tests\end-to-end\regression\5210.phpt","10/3/2025 3:18:14 AM","643"
"C:\Users\Shadow\Web-PDFTimeSaver\vendor\phpunit\phpunit\tests\end-to-end\regression\5210\Issue5210Test.php","10/3/2025 3:18:14 AM","527"
"C:\Users\Shadow\Web-PDFTimeSaver\vendor\phpunit\phpunit\tests\end-to-end\regression\5288.phpt","10/3/2025 3:18:14 AM","546"
"C:\Users\Shadow\Web-PDFTimeSaver\vendor\phpunit\phpunit\tests\end-to-end\regression\5288\Issue5288Test.php","10/3/2025 3:18:14 AM","584"
"C:\Users\Shadow\Web-PDFTimeSaver\vendor\phpunit\phpunit\tests\end-to-end\regression\581.phpt","10/3/2025 3:18:14 AM","872"
"C:\Users\Shadow\Web-PDFTimeSaver\vendor\phpunit\phpunit\tests\end-to-end\regression\581\Issue581Test.php","10/3/2025 3:18:14 AM","588"
"C:\Users\Shadow\Web-PDFTimeSaver\vendor\phpunit\phpunit\tests\end-to-end\regression\6366.phpt","10/3/2025 3:18:14 AM","547"
"C:\Users\Shadow\Web-PDFTimeSaver\vendor\phpunit\phpunit\tests\end-to-end\regression\6366\Issue6366Test.php","10/3/2025 3:18:14 AM","556"
"C:\Users\Shadow\Web-PDFTimeSaver\vendor\phpunit\phpunit\tests\end-to-end\regression\74.phpt","10/3/2025 3:18:14 AM","727"
"C:\Users\Shadow\Web-PDFTimeSaver\vendor\phpunit\phpunit\tests\end-to-end\regression\74\Issue74Test.php","10/3/2025 3:18:14 AM","481"
"C:\Users\Shadow\Web-PDFTimeSaver\vendor\phpunit\phpunit\tests\end-to-end\regression\74\NewException.php","10/3/2025 3:18:14 AM","306"
"C:\Users\Shadow\Web-PDFTimeSaver\vendor\phpunit\phpunit\tests\end-to-end\regression\765.phpt","10/3/2025 3:18:14 AM","771"
"C:\Users\Shadow\Web-PDFTimeSaver\vendor\phpunit\phpunit\tests\end-to-end\regression\765\Issue765Test.php","10/3/2025 3:18:14 AM","714"
"C:\Users\Shadow\Web-PDFTimeSaver\vendor\phpunit\phpunit\tests\end-to-end\regression\797.phpt","10/3/2025 3:18:14 AM","695"
"C:\Users\Shadow\Web-PDFTimeSaver\vendor\phpunit\phpunit\tests\end-to-end\regression\797\Issue797Test.php","10/3/2025 3:18:14 AM","517"
"C:\Users\Shadow\Web-PDFTimeSaver\vendor\phpunit\phpunit\tests\end-to-end\regression\797\bootstrap797.php","10/3/2025 3:18:14 AM","402"
"C:\Users\Shadow\Web-PDFTimeSaver\vendor\phpunit\phpunit\tests\end-to-end\regression\863.phpt","10/3/2025 3:18:14 AM","819"
"C:\Users\Shadow\Web-PDFTimeSaver\vendor\phpunit\phpunit\tests\end-to-end\regression\873.phpt","10/3/2025 3:18:14 AM","480"
"C:\Users\Shadow\Web-PDFTimeSaver\vendor\phpunit\phpunit\tests\end-to-end\regression\873\Issue873Test.php","10/3/2025 3:18:14 AM","482"
"C:\Users\Shadow\Web-PDFTimeSaver\vendor\phpunit\phpunit\tests\end-to-end\risky-tests\_files\global-state\phpunit.xml","10/3/2025 3:18:14 AM","934"
"C:\Users\Shadow\Web-PDFTimeSaver\vendor\phpunit\phpunit\tests\end-to-end\risky-tests\_files\global-state\src\GlobalStateManipulator.php","10/3/2025 3:18:14 AM","448"
"C:\Users\Shadow\Web-PDFTimeSaver\vendor\phpunit\phpunit\tests\end-to-end\risky-tests\_files\global-state\tests\GlobalStateManipulatorTest.php","10/3/2025 3:18:14 AM","670"
"C:\Users\Shadow\Web-PDFTimeSaver\vendor\phpunit\phpunit\tests\end-to-end\risky-tests\global-state.phpt","10/3/2025 3:18:14 AM","904"
"C:\Users\Shadow\Web-PDFTimeSaver\vendor\phpunit\phpunit\tests\end-to-end\testdox\_files\CamelCaseTest.php","10/3/2025 3:18:14 AM","683"
"C:\Users\Shadow\Web-PDFTimeSaver\vendor\phpunit\phpunit\tests\end-to-end\testdox\_files\DataProviderWithNumericDataSetNameAndMetadataTest.php","10/3/2025 3:18:14 AM","1388"
"C:\Users\Shadow\Web-PDFTimeSaver\vendor\phpunit\phpunit\tests\end-to-end\testdox\_files\DataProviderWithNumericDataSetNameAndMetadataWithPlaceholdersTest.php","10/3/2025 3:18:14 AM","1480"
"C:\Users\Shadow\Web-PDFTimeSaver\vendor\phpunit\phpunit\tests\end-to-end\testdox\_files\DataProviderWithNumericDataSetNameTest.php","10/3/2025 3:18:14 AM","1148"
"C:\Users\Shadow\Web-PDFTimeSaver\vendor\phpunit\phpunit\tests\end-to-end\testdox\_files\DataProviderWithStringDataSetNameAndMetadataTest.php","10/3/2025 3:18:14 AM","1401"
"C:\Users\Shadow\Web-PDFTimeSaver\vendor\phpunit\phpunit\tests\end-to-end\testdox\_files\DataProviderWithStringDataSetNameAndMetadataWithPlaceholdersTest.php","10/3/2025 3:18:14 AM","1493"
"C:\Users\Shadow\Web-PDFTimeSaver\vendor\phpunit\phpunit\tests\end-to-end\testdox\_files\DiffTest.php","10/3/2025 3:18:14 AM","562"
"C:\Users\Shadow\Web-PDFTimeSaver\vendor\phpunit\phpunit\tests\end-to-end\testdox\_files\DataProviderWithStringDataSetNameTest.php","10/3/2025 3:18:14 AM","1161"
"C:\Users\Shadow\Web-PDFTimeSaver\vendor\phpunit\phpunit\tests\end-to-end\testdox\_files\MetadataTest.php","10/3/2025 3:18:14 AM","931"
"C:\Users\Shadow\Web-PDFTimeSaver\vendor\phpunit\phpunit\tests\end-to-end\testdox\_files\SnakeCaseTest.php","10/3/2025 3:18:14 AM","691"
"C:\Users\Shadow\Web-PDFTimeSaver\vendor\phpunit\phpunit\tests\end-to-end\testdox\data-provider-with-numeric-data-set-name-colorized.phpt","10/3/2025 3:18:14 AM","1730"
"C:\Users\Shadow\Web-PDFTimeSaver\vendor\phpunit\phpunit\tests\end-to-end\testdox\data-provider-with-numeric-data-set-name.phpt","10/3/2025 3:18:14 AM","1186"
"C:\Users\Shadow\Web-PDFTimeSaver\vendor\phpunit\phpunit\tests\end-to-end\testdox\data-provider-with-string-data-set-name-colorized.phpt","10/3/2025 3:18:14 AM","1792"
"C:\Users\Shadow\Web-PDFTimeSaver\vendor\phpunit\phpunit\tests\end-to-end\testdox\data-provider-with-string-data-set-name.phpt","10/3/2025 3:18:14 AM","1220"
"C:\Users\Shadow\Web-PDFTimeSaver\vendor\phpunit\phpunit\tests\end-to-end\testdox\diff-colorized-windows.phpt","10/3/2025 3:18:14 AM","1685"
"C:\Users\Shadow\Web-PDFTimeSaver\vendor\phpunit\phpunit\tests\end-to-end\testdox\diff-colorized.phpt","10/3/2025 3:18:14 AM","1348"
"C:\Users\Shadow\Web-PDFTimeSaver\vendor\phpunit\phpunit\tests\end-to-end\testdox\diff.phpt","10/3/2025 3:18:14 AM","824"
"C:\Users\Shadow\Web-PDFTimeSaver\vendor\phpunit\phpunit\tests\end-to-end\testdox\metadata-colorized.phpt","10/3/2025 3:18:14 AM","1466"
"C:\Users\Shadow\Web-PDFTimeSaver\vendor\phpunit\phpunit\tests\end-to-end\testdox\metadata-data-provider-with-numeric-data-set-name-colorized.phpt","10/3/2025 3:18:14 AM","1742"
"C:\Users\Shadow\Web-PDFTimeSaver\vendor\phpunit\phpunit\tests\end-to-end\testdox\metadata-data-provider-with-numeric-data-set-name.phpt","10/3/2025 3:18:14 AM","1176"
"C:\Users\Shadow\Web-PDFTimeSaver\vendor\phpunit\phpunit\tests\end-to-end\testdox\metadata-data-provider-with-string-data-set-name-colorized.phpt","10/3/2025 3:18:14 AM","1807"
"C:\Users\Shadow\Web-PDFTimeSaver\vendor\phpunit\phpunit\tests\end-to-end\testdox\metadata-data-provider-with-string-data-set-name.phpt","10/3/2025 3:18:14 AM","1213"
"C:\Users\Shadow\Web-PDFTimeSaver\vendor\phpunit\phpunit\tests\end-to-end\testdox\metadata-verbose-colorized.phpt","10/3/2025 3:18:14 AM","1582"
"C:\Users\Shadow\Web-PDFTimeSaver\vendor\phpunit\phpunit\tests\end-to-end\testdox\metadata-verbose.phpt","10/3/2025 3:18:14 AM","1096"
"C:\Users\Shadow\Web-PDFTimeSaver\vendor\phpunit\phpunit\tests\end-to-end\testdox\metadata-with-placeholders-data-provider-with-numeric-data-set-name-colorized.phpt","10/3/2025 3:18:14 AM","1961"
"C:\Users\Shadow\Web-PDFTimeSaver\vendor\phpunit\phpunit\tests\end-to-end\testdox\metadata-with-placeholders-data-provider-with-numeric-data-set-name.phpt","10/3/2025 3:18:14 AM","1279"
"C:\Users\Shadow\Web-PDFTimeSaver\vendor\phpunit\phpunit\tests\end-to-end\testdox\metadata-with-placeholders-data-provider-with-string-data-set-name-colorized.phpt","10/3/2025 3:18:14 AM","1960"
"C:\Users\Shadow\Web-PDFTimeSaver\vendor\phpunit\phpunit\tests\end-to-end\testdox\metadata-with-placeholders-data-provider-with-string-data-set-name.phpt","10/3/2025 3:18:14 AM","1278"
"C:\Users\Shadow\Web-PDFTimeSaver\vendor\phpunit\phpunit\tests\end-to-end\testdox\metadata.phpt","10/3/2025 3:18:14 AM","1025"
"C:\Users\Shadow\Web-PDFTimeSaver\vendor\phpunit\phpunit\tests\end-to-end\testdox\no-metadata-camel-case-colorized.phpt","10/3/2025 3:18:14 AM","1435"
"C:\Users\Shadow\Web-PDFTimeSaver\vendor\phpunit\phpunit\tests\end-to-end\testdox\no-metadata-camel-case-verbose-colorized.phpt","10/3/2025 3:18:14 AM","1551"
"C:\Users\Shadow\Web-PDFTimeSaver\vendor\phpunit\phpunit\tests\end-to-end\testdox\no-metadata-camel-case.phpt","10/3/2025 3:18:14 AM","1026"
"C:\Users\Shadow\Web-PDFTimeSaver\vendor\phpunit\phpunit\tests\end-to-end\testdox\no-metadata-camel-case-verbose.phpt","10/3/2025 3:18:14 AM","1097"
"C:\Users\Shadow\Web-PDFTimeSaver\vendor\phpunit\phpunit\tests\end-to-end\testdox\no-metadata-snake-case-colorized.phpt","10/3/2025 3:18:14 AM","1435"
"C:\Users\Shadow\Web-PDFTimeSaver\vendor\phpunit\phpunit\tests\end-to-end\testdox\no-metadata-snake-case-verbose-colorized.phpt","10/3/2025 3:18:14 AM","1551"
"C:\Users\Shadow\Web-PDFTimeSaver\vendor\phpunit\phpunit\tests\end-to-end\testdox\no-metadata-snake-case-verbose.phpt","10/3/2025 3:18:14 AM","1103"
"C:\Users\Shadow\Web-PDFTimeSaver\vendor\phpunit\phpunit\tests\end-to-end\testdox\no-metadata-snake-case.phpt","10/3/2025 3:18:14 AM","1026"
"C:\Users\Shadow\Web-PDFTimeSaver\vendor\phpunit\phpunit\tests\static-analysis\TestUsingCallbacks.php","10/3/2025 3:18:14 AM","1484"
"C:\Users\Shadow\Web-PDFTimeSaver\vendor\phpunit\phpunit\tests\static-analysis\TestUsingMocks.php","10/3/2025 3:18:14 AM","2394"
"C:\Users\Shadow\Web-PDFTimeSaver\vendor\phpunit\phpunit\tests\static-analysis\happy-path\assert-empty.php","10/3/2025 3:18:14 AM","469"
"C:\Users\Shadow\Web-PDFTimeSaver\vendor\phpunit\phpunit\tests\static-analysis\happy-path\assert-false.php","10/3/2025 3:18:14 AM","508"
"C:\Users\Shadow\Web-PDFTimeSaver\vendor\phpunit\phpunit\tests\static-analysis\happy-path\assert-instance-of.php","10/3/2025 3:18:14 AM","498"
"C:\Users\Shadow\Web-PDFTimeSaver\vendor\phpunit\phpunit\tests\static-analysis\happy-path\assert-is-array.php","10/3/2025 3:18:14 AM","491"
"C:\Users\Shadow\Web-PDFTimeSaver\vendor\phpunit\phpunit\tests\static-analysis\happy-path\assert-is-bool.php","10/3/2025 3:18:14 AM","488"
"C:\Users\Shadow\Web-PDFTimeSaver\vendor\phpunit\phpunit\tests\static-analysis\happy-path\assert-is-callable.php","10/3/2025 3:18:14 AM","500"
"C:\Users\Shadow\Web-PDFTimeSaver\vendor\phpunit\phpunit\tests\static-analysis\happy-path\assert-is-closed-resource.php","10/3/2025 3:18:14 AM","533"
"C:\Users\Shadow\Web-PDFTimeSaver\vendor\phpunit\phpunit\tests\static-analysis\happy-path\assert-is-float.php","10/3/2025 3:18:14 AM","491"
"C:\Users\Shadow\Web-PDFTimeSaver\vendor\phpunit\phpunit\tests\static-analysis\happy-path\assert-is-int.php","10/3/2025 3:18:14 AM","485"
"C:\Users\Shadow\Web-PDFTimeSaver\vendor\phpunit\phpunit\tests\static-analysis\happy-path\assert-is-not-array.php","10/3/2025 3:18:14 AM","499"
"C:\Users\Shadow\Web-PDFTimeSaver\vendor\phpunit\phpunit\tests\static-analysis\happy-path\assert-is-iterable.php","10/3/2025 3:18:14 AM","500"
"C:\Users\Shadow\Web-PDFTimeSaver\vendor\phpunit\phpunit\tests\static-analysis\happy-path\assert-is-not-bool.php","10/3/2025 3:18:14 AM","496"
"C:\Users\Shadow\Web-PDFTimeSaver\vendor\phpunit\phpunit\tests\static-analysis\happy-path\assert-is-not-callable.php","10/3/2025 3:18:14 AM","505"
"C:\Users\Shadow\Web-PDFTimeSaver\vendor\phpunit\phpunit\tests\static-analysis\happy-path\assert-is-not-float.php","10/3/2025 3:18:14 AM","499"
"C:\Users\Shadow\Web-PDFTimeSaver\vendor\phpunit\phpunit\tests\static-analysis\happy-path\assert-is-not-closed-resource.php","10/3/2025 3:18:14 AM","520"
"C:\Users\Shadow\Web-PDFTimeSaver\vendor\phpunit\phpunit\tests\static-analysis\happy-path\assert-is-not-int.php","10/3/2025 3:18:14 AM","497"
"C:\Users\Shadow\Web-PDFTimeSaver\vendor\phpunit\phpunit\tests\static-analysis\happy-path\assert-is-not-iterable.php","10/3/2025 3:18:14 AM","508"
"C:\Users\Shadow\Web-PDFTimeSaver\vendor\phpunit\phpunit\tests\static-analysis\happy-path\assert-is-not-numeric.php","10/3/2025 3:18:14 AM","509"
"C:\Users\Shadow\Web-PDFTimeSaver\vendor\phpunit\phpunit\tests\static-analysis\happy-path\assert-is-not-object.php","10/3/2025 3:18:14 AM","502"
"C:\Users\Shadow\Web-PDFTimeSaver\vendor\phpunit\phpunit\tests\static-analysis\happy-path\assert-is-not-resource.php","10/3/2025 3:18:14 AM","508"
"C:\Users\Shadow\Web-PDFTimeSaver\vendor\phpunit\phpunit\tests\static-analysis\happy-path\assert-is-not-scalar.php","10/3/2025 3:18:14 AM","508"
"C:\Users\Shadow\Web-PDFTimeSaver\vendor\phpunit\phpunit\tests\static-analysis\happy-path\assert-is-not-string.php","10/3/2025 3:18:14 AM","502"
"C:\Users\Shadow\Web-PDFTimeSaver\vendor\phpunit\phpunit\tests\static-analysis\happy-path\assert-is-numeric.php","10/3/2025 3:18:14 AM","518"
"C:\Users\Shadow\Web-PDFTimeSaver\vendor\phpunit\phpunit\tests\static-analysis\happy-path\assert-is-object.php","10/3/2025 3:18:14 AM","494"
"C:\Users\Shadow\Web-PDFTimeSaver\vendor\phpunit\phpunit\tests\static-analysis\happy-path\assert-is-resource.php","10/3/2025 3:18:14 AM","521"
"C:\Users\Shadow\Web-PDFTimeSaver\vendor\phpunit\phpunit\tests\static-analysis\happy-path\assert-is-scalar.php","10/3/2025 3:18:14 AM","521"
"C:\Users\Shadow\Web-PDFTimeSaver\vendor\phpunit\phpunit\tests\static-analysis\happy-path\assert-is-string.php","10/3/2025 3:18:14 AM","494"
"C:\Users\Shadow\Web-PDFTimeSaver\vendor\phpunit\phpunit\tests\static-analysis\happy-path\assert-not-empty.php","10/3/2025 3:18:14 AM","468"
"C:\Users\Shadow\Web-PDFTimeSaver\vendor\phpunit\phpunit\tests\static-analysis\happy-path\assert-not-false.php","10/3/2025 3:18:14 AM","495"
"C:\Users\Shadow\Web-PDFTimeSaver\vendor\phpunit\phpunit\tests\static-analysis\happy-path\assert-not-instance-of.php","10/3/2025 3:18:14 AM","546"
"C:\Users\Shadow\Web-PDFTimeSaver\vendor\phpunit\phpunit\tests\static-analysis\happy-path\assert-not-null.php","10/3/2025 3:18:14 AM","466"
"C:\Users\Shadow\Web-PDFTimeSaver\vendor\phpunit\phpunit\tests\static-analysis\happy-path\assert-not-true.php","10/3/2025 3:18:14 AM","492"
"C:\Users\Shadow\Web-PDFTimeSaver\vendor\phpunit\phpunit\tests\static-analysis\happy-path\assert-null.php","10/3/2025 3:18:14 AM","505"
"C:\Users\Shadow\Web-PDFTimeSaver\vendor\phpunit\phpunit\tests\static-analysis\happy-path\assert-same.php","10/3/2025 3:18:14 AM","474"
"C:\Users\Shadow\Web-PDFTimeSaver\vendor\phpunit\phpunit\tests\static-analysis\happy-path\assert-true.php","10/3/2025 3:18:14 AM","511"
"C:\Users\Shadow\Web-PDFTimeSaver\vendor\phpunit\phpunit\tests\static-analysis\happy-path\fail.php","10/3/2025 3:18:14 AM","524"
"C:\Users\Shadow\Web-PDFTimeSaver\vendor\phpunit\phpunit\tests\unit\Framework\Assert\FunctionsTest.php","10/3/2025 3:18:14 AM","1841"
"C:\Users\Shadow\Web-PDFTimeSaver\vendor\phpunit\phpunit\tests\unit\Framework\AssertTest.php","10/3/2025 3:18:14 AM","67341"
"C:\Users\Shadow\Web-PDFTimeSaver\vendor\phpunit\phpunit\tests\unit\Framework\Constraint\ArrayHasKeyTest.php","10/3/2025 3:18:14 AM","2101"
"C:\Users\Shadow\Web-PDFTimeSaver\vendor\phpunit\phpunit\tests\unit\Framework\Constraint\BinaryOperatorTestCase.php","10/3/2025 3:18:14 AM","19696"
"C:\Users\Shadow\Web-PDFTimeSaver\vendor\phpunit\phpunit\tests\unit\Framework\Constraint\CallbackTest.php","10/3/2025 3:18:14 AM","2091"
"C:\Users\Shadow\Web-PDFTimeSaver\vendor\phpunit\phpunit\tests\unit\Framework\Constraint\ClassHasAttributeTest.php","10/3/2025 3:18:14 AM","2252"
"C:\Users\Shadow\Web-PDFTimeSaver\vendor\phpunit\phpunit\tests\unit\Framework\Constraint\ClassHasStaticAttributeTest.php","10/3/2025 3:18:14 AM","2245"
"C:\Users\Shadow\Web-PDFTimeSaver\vendor\phpunit\phpunit\tests\unit\Framework\Constraint\ConstraintTest.php","10/3/2025 3:18:14 AM","7801"
"C:\Users\Shadow\Web-PDFTimeSaver\vendor\phpunit\phpunit\tests\unit\Framework\Constraint\ConstraintTestCase.php","10/3/2025 3:18:14 AM","1577"
"C:\Users\Shadow\Web-PDFTimeSaver\vendor\phpunit\phpunit\tests\unit\Framework\Constraint\CountTest.php","10/3/2025 3:18:14 AM","6698"
"C:\Users\Shadow\Web-PDFTimeSaver\vendor\phpunit\phpunit\tests\unit\Framework\Constraint\DirectoryExistsTest.php","10/3/2025 3:18:14 AM","1816"
"C:\Users\Shadow\Web-PDFTimeSaver\vendor\phpunit\phpunit\tests\unit\Framework\Constraint\ExceptionCodeTest.php","10/3/2025 3:18:14 AM","1273"
"C:\Users\Shadow\Web-PDFTimeSaver\vendor\phpunit\phpunit\tests\unit\Framework\Constraint\ExceptionMessageRegExpTest.php","10/3/2025 3:18:14 AM","1277"
"C:\Users\Shadow\Web-PDFTimeSaver\vendor\phpunit\phpunit\tests\unit\Framework\Constraint\ExceptionMessageTest.php","10/3/2025 3:18:14 AM","1848"
"C:\Users\Shadow\Web-PDFTimeSaver\vendor\phpunit\phpunit\tests\unit\Framework\Constraint\ExceptionTest.php","10/3/2025 3:18:14 AM","619"
"C:\Users\Shadow\Web-PDFTimeSaver\vendor\phpunit\phpunit\tests\unit\Framework\Constraint\FileExistsTest.php","10/3/2025 3:18:14 AM","1649"
"C:\Users\Shadow\Web-PDFTimeSaver\vendor\phpunit\phpunit\tests\unit\Framework\Constraint\GreaterThanTest.php","10/3/2025 3:18:14 AM","1722"
"C:\Users\Shadow\Web-PDFTimeSaver\vendor\phpunit\phpunit\tests\unit\Framework\Constraint\IsEmptyTest.php","10/3/2025 3:18:14 AM","2202"
"C:\Users\Shadow\Web-PDFTimeSaver\vendor\phpunit\phpunit\tests\unit\Framework\Constraint\IsEqualTest.php","10/3/2025 3:18:14 AM","7368"
"C:\Users\Shadow\Web-PDFTimeSaver\vendor\phpunit\phpunit\tests\unit\Framework\Constraint\IsIdenticalTest.php","10/3/2025 3:18:14 AM","4633"
"C:\Users\Shadow\Web-PDFTimeSaver\vendor\phpunit\phpunit\tests\unit\Framework\Constraint\IsInstanceOfTest.php","10/3/2025 3:18:14 AM","1767"
"C:\Users\Shadow\Web-PDFTimeSaver\vendor\phpunit\phpunit\tests\unit\Framework\Constraint\IsJsonTest.php","10/3/2025 3:18:14 AM","1800"
"C:\Users\Shadow\Web-PDFTimeSaver\vendor\phpunit\phpunit\tests\unit\Framework\Constraint\IsNullTest.php","10/3/2025 3:18:14 AM","1664"
"C:\Users\Shadow\Web-PDFTimeSaver\vendor\phpunit\phpunit\tests\unit\Framework\Constraint\IsReadableTest.php","10/3/2025 3:18:14 AM","1137"
"C:\Users\Shadow\Web-PDFTimeSaver\vendor\phpunit\phpunit\tests\unit\Framework\Constraint\IsTypeTest.php","10/3/2025 3:18:14 AM","4104"
"C:\Users\Shadow\Web-PDFTimeSaver\vendor\phpunit\phpunit\tests\unit\Framework\Constraint\IsWritableTest.php","10/3/2025 3:18:14 AM","1137"
"C:\Users\Shadow\Web-PDFTimeSaver\vendor\phpunit\phpunit\tests\unit\Framework\Constraint\JsonMatchesErrorMessageProviderTest.php","10/3/2025 3:18:14 AM","3134"
"C:\Users\Shadow\Web-PDFTimeSaver\vendor\phpunit\phpunit\tests\unit\Framework\Constraint\JsonMatchesTest.php","10/3/2025 3:18:14 AM","7836"
"C:\Users\Shadow\Web-PDFTimeSaver\vendor\phpunit\phpunit\tests\unit\Framework\Constraint\LessThanTest.php","10/3/2025 3:18:14 AM","1698"
"C:\Users\Shadow\Web-PDFTimeSaver\vendor\phpunit\phpunit\tests\unit\Framework\Constraint\LogicalAndTest.php","10/3/2025 3:18:14 AM","913"
"C:\Users\Shadow\Web-PDFTimeSaver\vendor\phpunit\phpunit\tests\unit\Framework\Constraint\LogicalExpressionsTest.php","10/3/2025 3:18:14 AM","20187"
"C:\Users\Shadow\Web-PDFTimeSaver\vendor\phpunit\phpunit\tests\unit\Framework\Constraint\LogicalNotTest.php","10/3/2025 3:18:14 AM","3177"
"C:\Users\Shadow\Web-PDFTimeSaver\vendor\phpunit\phpunit\tests\unit\Framework\Constraint\LogicalOrTest.php","10/3/2025 3:18:14 AM","911"
"C:\Users\Shadow\Web-PDFTimeSaver\vendor\phpunit\phpunit\tests\unit\Framework\Constraint\LogicalXorTest.php","10/3/2025 3:18:14 AM","914"
"C:\Users\Shadow\Web-PDFTimeSaver\vendor\phpunit\phpunit\tests\unit\Framework\Constraint\ObjectEqualsTest.php","10/3/2025 3:18:14 AM","8482"
"C:\Users\Shadow\Web-PDFTimeSaver\vendor\phpunit\phpunit\tests\unit\Framework\Constraint\ObjectHasAttributeTest.php","10/3/2025 3:18:14 AM","2215"
"C:\Users\Shadow\Web-PDFTimeSaver\vendor\phpunit\phpunit\tests\unit\Framework\Constraint\ObjectHasPropertyTest.php","10/3/2025 3:18:14 AM","2011"
"C:\Users\Shadow\Web-PDFTimeSaver\vendor\phpunit\phpunit\tests\unit\Framework\Constraint\OperatorTestCase.php","10/3/2025 3:18:14 AM","1052"
"C:\Users\Shadow\Web-PDFTimeSaver\vendor\phpunit\phpunit\tests\unit\Framework\Constraint\RegularExpressionTest.php","10/3/2025 3:18:14 AM","1857"
"C:\Users\Shadow\Web-PDFTimeSaver\vendor\phpunit\phpunit\tests\unit\Framework\Constraint\SameSizeTest.php","10/3/2025 3:18:14 AM","2077"
"C:\Users\Shadow\Web-PDFTimeSaver\vendor\phpunit\phpunit\tests\unit\Framework\Constraint\StringContainsTest.php","10/3/2025 3:18:14 AM","3286"
"C:\Users\Shadow\Web-PDFTimeSaver\vendor\phpunit\phpunit\tests\unit\Framework\Constraint\StringEndsWithTest.php","10/3/2025 3:18:14 AM","2930"
"C:\Users\Shadow\Web-PDFTimeSaver\vendor\phpunit\phpunit\tests\unit\Framework\Constraint\StringMatchesFormatDescriptionTest.php","10/3/2025 3:18:14 AM","12340"
"C:\Users\Shadow\Web-PDFTimeSaver\vendor\phpunit\phpunit\tests\unit\Framework\Constraint\StringStartsWithTest.php","10/3/2025 3:18:14 AM","3192"
"C:\Users\Shadow\Web-PDFTimeSaver\vendor\phpunit\phpunit\tests\unit\Framework\Constraint\TraversableContainsEqualTest.php","10/3/2025 3:18:14 AM","2648"
"C:\Users\Shadow\Web-PDFTimeSaver\vendor\phpunit\phpunit\tests\unit\Framework\Constraint\TraversableContainsIdenticalTest.php","10/3/2025 3:18:14 AM","2742"
"C:\Users\Shadow\Web-PDFTimeSaver\vendor\phpunit\phpunit\tests\unit\Framework\Constraint\UnaryOperatorTestCase.php","10/3/2025 3:18:14 AM","20149"
"C:\Users\Shadow\Web-PDFTimeSaver\vendor\phpunit\phpunit\tests\unit\Framework\ConstraintTest.php","10/3/2025 3:18:14 AM","33954"
"C:\Users\Shadow\Web-PDFTimeSaver\vendor\phpunit\phpunit\tests\unit\Framework\Exception\InvalidArgumentExceptionTest.php","10/3/2025 3:18:14 AM","906"
"C:\Users\Shadow\Web-PDFTimeSaver\vendor\phpunit\phpunit\tests\unit\Framework\Exception\ExceptionTest.php","10/3/2025 3:18:14 AM","1189"
"C:\Users\Shadow\Web-PDFTimeSaver\vendor\phpunit\phpunit\tests\unit\Framework\ExceptionWrapperTest.php","10/3/2025 3:18:14 AM","1147"
"C:\Users\Shadow\Web-PDFTimeSaver\vendor\phpunit\phpunit\tests\unit\Framework\ExecutionOrderDependencyTest.php","10/3/2025 3:18:14 AM","6826"
"C:\Users\Shadow\Web-PDFTimeSaver\vendor\phpunit\phpunit\tests\unit\Framework\IncompleteTestCaseTest.php","10/3/2025 3:18:14 AM","2276"
"C:\Users\Shadow\Web-PDFTimeSaver\vendor\phpunit\phpunit\tests\unit\Framework\MockObject\Builder\InvocationMockerTest.php","10/3/2025 3:18:14 AM","9166"
"C:\Users\Shadow\Web-PDFTimeSaver\vendor\phpunit\phpunit\tests\unit\Framework\MockObject\ConfigurableMethodTest.php","10/3/2025 3:18:14 AM","1125"
"C:\Users\Shadow\Web-PDFTimeSaver\vendor\phpunit\phpunit\tests\unit\Framework\MockObject\ConfigurableMethodsTest.php","10/3/2025 3:18:14 AM","1650"
"C:\Users\Shadow\Web-PDFTimeSaver\vendor\phpunit\phpunit\tests\unit\Framework\MockObject\GeneratorTest.php","10/3/2025 3:18:14 AM","11477"
"C:\Users\Shadow\Web-PDFTimeSaver\vendor\phpunit\phpunit\tests\unit\Framework\MockObject\InvocationHandlerTest.php","10/3/2025 3:18:14 AM","860"
"C:\Users\Shadow\Web-PDFTimeSaver\vendor\phpunit\phpunit\tests\unit\Framework\MockObject\Matcher\ConsecutiveParametersTest.php","10/3/2025 3:18:14 AM","2544"
"C:\Users\Shadow\Web-PDFTimeSaver\vendor\phpunit\phpunit\tests\unit\Framework\MockObject\MatcherTest.php","10/3/2025 3:18:14 AM","5255"
"C:\Users\Shadow\Web-PDFTimeSaver\vendor\phpunit\phpunit\tests\unit\Framework\MockObject\MockBuilderTest.php","10/3/2025 3:18:14 AM","8495"
"C:\Users\Shadow\Web-PDFTimeSaver\vendor\phpunit\phpunit\tests\unit\Framework\MockObject\MockClassTest.php","10/3/2025 3:18:14 AM","1736"
"C:\Users\Shadow\Web-PDFTimeSaver\vendor\phpunit\phpunit\tests\unit\Framework\MockObject\MockMethodTest.php","10/3/2025 3:18:14 AM","886"
"C:\Users\Shadow\Web-PDFTimeSaver\vendor\phpunit\phpunit\tests\unit\Framework\MockObject\MockObjectTest.php","10/3/2025 3:18:14 AM","42350"
"C:\Users\Shadow\Web-PDFTimeSaver\vendor\phpunit\phpunit\tests\unit\Framework\MockObject\MockTraitTest.php","10/3/2025 3:18:14 AM","1124"
"C:\Users\Shadow\Web-PDFTimeSaver\vendor\phpunit\phpunit\tests\unit\Framework\SkippedTestCaseTest.php","10/3/2025 3:18:14 AM","2235"
"C:\Users\Shadow\Web-PDFTimeSaver\vendor\phpunit\phpunit\tests\unit\Framework\MockObject\ProxyObjectTest.php","10/3/2025 3:18:14 AM","3080"
"C:\Users\Shadow\Web-PDFTimeSaver\vendor\phpunit\phpunit\tests\unit\Framework\TestBuilderTest.php","10/3/2025 3:18:14 AM","2480"
"C:\Users\Shadow\Web-PDFTimeSaver\vendor\phpunit\phpunit\tests\unit\Framework\TestCaseTest.php","10/3/2025 3:18:14 AM","40967"
"C:\Users\Shadow\Web-PDFTimeSaver\vendor\phpunit\phpunit\tests\unit\Framework\TestFailureTest.php","10/3/2025 3:18:14 AM","4765"
"C:\Users\Shadow\Web-PDFTimeSaver\vendor\phpunit\phpunit\tests\unit\Framework\TestImplementorTest.php","10/3/2025 3:18:14 AM","815"
"C:\Users\Shadow\Web-PDFTimeSaver\vendor\phpunit\phpunit\tests\unit\Framework\TestListenerTest.php","10/3/2025 3:18:14 AM","1608"
"C:\Users\Shadow\Web-PDFTimeSaver\vendor\phpunit\phpunit\tests\unit\Framework\TestSuiteIteratorTest.php","10/3/2025 3:18:14 AM","4727"
"C:\Users\Shadow\Web-PDFTimeSaver\vendor\phpunit\phpunit\tests\unit\Framework\TestSuiteTest.php","10/3/2025 3:18:14 AM","12842"
"C:\Users\Shadow\Web-PDFTimeSaver\vendor\phpunit\phpunit\tests\unit\Runner\DefaultTestResultCacheTest.php","10/3/2025 3:18:14 AM","2568"
"C:\Users\Shadow\Web-PDFTimeSaver\vendor\phpunit\phpunit\tests\unit\Runner\Filter\NameFilterIteratorTest.php","10/3/2025 3:18:14 AM","1118"
"C:\Users\Shadow\Web-PDFTimeSaver\vendor\phpunit\phpunit\tests\unit\Runner\NullTestResultCacheTest.php","10/3/2025 3:18:14 AM","748"
"C:\Users\Shadow\Web-PDFTimeSaver\vendor\phpunit\phpunit\tests\unit\Runner\PhptTestCaseTest.php","10/3/2025 3:18:14 AM","9121"
"C:\Users\Shadow\Web-PDFTimeSaver\vendor\phpunit\phpunit\tests\unit\Runner\ResultCacheExtensionTest.php","10/3/2025 3:18:14 AM","4682"
"C:\Users\Shadow\Web-PDFTimeSaver\vendor\phpunit\phpunit\tests\unit\Runner\TestSuiteSorterTest.php","10/3/2025 3:18:14 AM","28745"
"C:\Users\Shadow\Web-PDFTimeSaver\vendor\phpunit\phpunit\tests\unit\TextUI\MigrationTest.php","10/3/2025 3:18:14 AM","941"
"C:\Users\Shadow\Web-PDFTimeSaver\vendor\phpunit\phpunit\tests\unit\TextUI\XmlConfigurationTest.php","10/3/2025 3:18:14 AM","34117"
"C:\Users\Shadow\Web-PDFTimeSaver\vendor\phpunit\phpunit\tests\unit\Util\Annotation\RegistryTest.php","10/3/2025 3:18:14 AM","2743"
"C:\Users\Shadow\Web-PDFTimeSaver\vendor\phpunit\phpunit\tests\unit\Util\ColorTest.php","10/3/2025 3:18:14 AM","5532"
"C:\Users\Shadow\Web-PDFTimeSaver\vendor\phpunit\phpunit\tests\unit\Util\ConfigurationGeneratorTest.php","10/3/2025 3:18:14 AM","1930"
"C:\Users\Shadow\Web-PDFTimeSaver\vendor\phpunit\phpunit\tests\unit\Util\GlobalStateTest.php","10/3/2025 3:18:14 AM","1045"
"C:\Users\Shadow\Web-PDFTimeSaver\vendor\phpunit\phpunit\tests\unit\Util\JsonTest.php","10/3/2025 3:18:14 AM","2782"
"C:\Users\Shadow\Web-PDFTimeSaver\vendor\phpunit\phpunit\tests\unit\Util\PHP\AbstractPhpProcessTest.php","10/3/2025 3:18:14 AM","3616"
"C:\Users\Shadow\Web-PDFTimeSaver\vendor\phpunit\phpunit\tests\unit\Util\RegularExpressionTest.php","10/3/2025 3:18:14 AM","1736"
"C:\Users\Shadow\Web-PDFTimeSaver\vendor\phpunit\phpunit\tests\unit\Util\TestClassTest.php","10/3/2025 3:18:14 AM","57458"
"C:\Users\Shadow\Web-PDFTimeSaver\vendor\phpunit\phpunit\tests\unit\Util\TestDox\CliTestDoxPrinterColorTest.php","10/3/2025 3:18:14 AM","1865"
"C:\Users\Shadow\Web-PDFTimeSaver\vendor\phpunit\phpunit\tests\unit\Util\TestDox\CliTestDoxPrinterTest.php","10/3/2025 3:18:14 AM","7510"
"C:\Users\Shadow\Web-PDFTimeSaver\vendor\phpunit\phpunit\tests\unit\Util\TestDox\NamePrettifierTest.php","10/3/2025 3:18:14 AM","2970"
"C:\Users\Shadow\Web-PDFTimeSaver\vendor\phpunit\phpunit\tests\unit\Util\XDebugFilterScriptGeneratorTest.php","10/3/2025 3:18:14 AM","3340"
"C:\Users\Shadow\Web-PDFTimeSaver\vendor\phpunit\phpunit\tests\unit\Util\Xml\LoaderTest.php","10/3/2025 3:18:14 AM","679"
"C:\Users\Shadow\Web-PDFTimeSaver\vendor\phpunit\phpunit\tests\unit\Util\Xml\SchemaFinderTest.php","10/3/2025 3:18:14 AM","1082"
"C:\Users\Shadow\Web-PDFTimeSaver\vendor\phpunit\phpunit\tests\unit\Util\Xml\ValidatorTest.php","10/3/2025 3:18:14 AM","1672"
"C:\Users\Shadow\Web-PDFTimeSaver\vendor\phpunit\phpunit\tests\unit\Util\XmlTest.php","10/3/2025 3:18:14 AM","3348"
"C:\Users\Shadow\Web-PDFTimeSaver\vendor\phpunit\phpunit\tools\composer","10/3/2025 3:18:14 AM","3125332"
"C:\Users\Shadow\Web-PDFTimeSaver\vendor\phpunit\phpunit\tools\phive","10/3/2025 3:18:14 AM","233568"
"C:\Users\Shadow\Web-PDFTimeSaver\vendor\phpunit\phpunit\tools\php-cs-fixer","10/3/2025 3:18:14 AM","3403474"
"C:\Users\Shadow\Web-PDFTimeSaver\vendor\phpunit\phpunit\tools\php-scoper","10/3/2025 3:18:14 AM","1653578"
"C:\Users\Shadow\Web-PDFTimeSaver\vendor\phpunit\phpunit\tools\phpab","10/3/2025 3:18:14 AM","215487"
"C:\Users\Shadow\Web-PDFTimeSaver\vendor\phpunit\phpunit\tools\psalm","10/3/2025 3:18:14 AM","12650343"
"C:\Users\Shadow\Web-PDFTimeSaver\vendor\bin\phpunit","10/3/2025 3:18:15 AM","3689"
"C:\Users\Shadow\Web-PDFTimeSaver\vendor\bin\phpunit.bat","10/3/2025 3:18:15 AM","134"
"C:\Users\Shadow\Web-PDFTimeSaver\vendor\composer\installed.json","10/3/2025 3:18:15 AM","79920"
"C:\Users\Shadow\Web-PDFTimeSaver\vendor\composer\autoload_psr4.php","10/3/2025 3:18:26 AM","583"
"C:\Users\Shadow\Web-PDFTimeSaver\vendor\composer\autoload_classmap.php","10/3/2025 3:18:26 AM","82597"
"C:\Users\Shadow\Web-PDFTimeSaver\vendor\composer\autoload_files.php","10/3/2025 3:18:26 AM","447"
"C:\Users\Shadow\Web-PDFTimeSaver\vendor\composer\autoload_static.php","10/3/2025 3:18:26 AM","90867"
"C:\Users\Shadow\Web-PDFTimeSaver\output\mvp_20251003_123516_t_fl100_gc120.pdf","10/3/2025 3:35:16 AM","29373"
"C:\Users\Shadow\Web-PDFTimeSaver\output\mvp_20251003_130749_t_fl100_gc120.pdf","10/3/2025 4:07:49 AM","29373"
"C:\Users\Shadow\Web-PDFTimeSaver\mcp-field-editor\src\public\index.html","10/3/2025 3:01:26 PM","25803"
"C:\Users\Shadow\Web-PDFTimeSaver\mcp-field-editor\dist\public\index.html","10/3/2025 3:01:26 PM","25803"
"C:\Users\Shadow\Web-PDFTimeSaver\mcp-field-editor\dist\server-simple.js.map","10/4/2025 2:40:35 AM","5963"
"C:\Users\Shadow\Web-PDFTimeSaver\mcp-field-editor\dist\server-simple.d.ts.map","10/4/2025 2:40:35 AM","348"
"C:\Users\Shadow\Web-PDFTimeSaver\mcp-field-editor\dist\server-simple.d.ts","10/4/2025 2:40:35 AM","397"
"C:\Users\Shadow\Web-PDFTimeSaver\mcp-field-editor\dist\server.js.map","10/4/2025 2:40:35 AM","10931"
"C:\Users\Shadow\Web-PDFTimeSaver\mcp-field-editor\dist\server.js","10/4/2025 2:40:35 AM","16600"
"C:\Users\Shadow\Web-PDFTimeSaver\mcp-field-editor\dist\server.d.ts.map","10/4/2025 2:40:35 AM","106"
"C:\Users\Shadow\Web-PDFTimeSaver\mcp-field-editor\dist\server.d.ts","10/4/2025 2:40:35 AM","67"
"C:\Users\Shadow\Web-PDFTimeSaver\mcp-field-editor\dist\server-simple.js","10/4/2025 2:41:03 AM","14157"
"C:\Users\Shadow\Web-PDFTimeSaver\mcp-field-editor\simple-server.js","10/4/2025 2:42:02 AM","3288"
"C:\Users\Shadow\Web-PDFTimeSaver\scripts\generate_cli.php","10/4/2025 3:10:27 AM","1252"
"C:\Users\Shadow\Web-PDFTimeSaver\mcp-field-editor\src\server-simple.ts","10/6/2025 6:09:48 PM","5816"
"C:\Users\Shadow\Web-PDFTimeSaver\mcp-field-editor\src\server.ts","10/6/2025 6:09:48 PM","14311"
"C:\Users\Shadow\Web-PDFTimeSaver\output\mvp_20251009_194506_t_fl100_gc120_positioned.pdf","10/9/2025 10:45:06 AM","29619"
"C:\Users\Shadow\Web-PDFTimeSaver\output\mvp_20251009_194732_t_fl100_gc120_positioned.pdf","10/9/2025 10:47:32 AM","30645"
"C:\Users\Shadow\Web-PDFTimeSaver\output\mvp_20251009_195652_t_fl100_gc120_positioned.pdf","10/9/2025 10:56:52 AM","30829"
"C:\Users\Shadow\Web-PDFTimeSaver\output\mvp_20251009_200230_t_fl100_gc120_positioned.pdf","10/9/2025 11:02:30 AM","30848"
"C:\Users\Shadow\Web-PDFTimeSaver\output\mvp_20251009_201406_t_fl100_gc120_positioned.pdf","10/9/2025 11:14:06 AM","3060"
"C:\Users\Shadow\Web-PDFTimeSaver\output\mvp_20251009_201441_t_fl100_gc120_positioned.pdf","10/9/2025 11:14:41 AM","167667"
"C:\Users\Shadow\Web-PDFTimeSaver\output\mvp_20251009_201645_t_fl100_gc120_positioned.pdf","10/9/2025 11:16:45 AM","167045"
"C:\Users\Shadow\Web-PDFTimeSaver\output\mvp_20251009_202857_t_fl100_gc120_positioned.pdf","10/9/2025 11:28:57 AM","166973"
"C:\Users\Shadow\Web-PDFTimeSaver\mcp-server\dist\pdf-analyzer.js","10/9/2025 11:51:34 AM","6963"
"C:\Users\Shadow\Web-PDFTimeSaver\mcp-server\dist\position-comparator.js","10/9/2025 11:51:34 AM","7388"
"C:\Users\Shadow\Web-PDFTimeSaver\mcp-server\dist\server.js","10/9/2025 11:51:34 AM","7253"
"C:\Users\Shadow\Web-PDFTimeSaver\output\mvp_20251009_205215_t_fl100_gc120_positioned.pdf","10/9/2025 11:52:15 AM","64010"
"C:\Users\Shadow\Web-PDFTimeSaver\data\t_fl100_gc120_positions.json.backup.2025-10-09T18-53-06-896Z","10/9/2025 11:53:06 AM","4170"
"C:\Users\Shadow\Web-PDFTimeSaver\output\mvp_20251009_205306_t_fl100_gc120_positioned.pdf","10/9/2025 11:53:07 AM","64016"
"C:\Users\Shadow\Web-PDFTimeSaver\output\mvp_20251009_205307_t_fl100_gc120_positioned.pdf","10/9/2025 11:53:07 AM","64016"
"C:\Users\Shadow\Web-PDFTimeSaver\output\mvp_20251009_205352_t_fl100_gc120_positioned.pdf","10/9/2025 11:53:52 AM","64016"
"C:\Users\Shadow\Web-PDFTimeSaver\output\mvp_20251009_205416_t_fl100_gc120_positioned.pdf","10/9/2025 11:54:16 AM","64016"
"C:\Users\Shadow\Web-PDFTimeSaver\output\mvp_20251009_205426_t_fl100_gc120_positioned.pdf","10/9/2025 11:54:26 AM","64016"
"C:\Users\Shadow\Web-PDFTimeSaver\output\mvp_20251009_205446_t_fl100_gc120_positioned.pdf","10/9/2025 11:54:46 AM","64016"
"C:\Users\Shadow\Web-PDFTimeSaver\output\mvp_20251009_205622_t_fl100_gc120_positioned.pdf","10/9/2025 11:56:22 AM","64126"
"C:\Users\Shadow\Web-PDFTimeSaver\output\mvp_20251009_205639_t_fl100_gc120_positioned.pdf","10/9/2025 11:56:39 AM","64126"
"C:\Users\Shadow\Web-PDFTimeSaver\output\mvp_20251009_205720_t_fl100_gc120_positioned.pdf","10/9/2025 11:57:20 AM","167258"
"C:\Users\Shadow\Web-PDFTimeSaver\output\mvp_20251009_205754_t_fl100_gc120_positioned.pdf","10/9/2025 11:57:54 AM","167258"
"C:\Users\Shadow\Web-PDFTimeSaver\output\position-analysis-report.json","10/9/2025 11:57:54 AM","942"
"C:\Users\Shadow\Web-PDFTimeSaver\data\t_fl100_gc120_positions.json.backup.2025-10-09T19-05-43-170Z","10/9/2025 12:05:43 PM","4196"
"C:\Users\Shadow\Web-PDFTimeSaver\data\t_fl100_gc120_positions_multipage.json.backup.2025-10-09T19-05-53-252Z","10/9/2025 12:05:53 PM","4086"
"C:\Users\Shadow\Web-PDFTimeSaver\data\t_fl100_gc120_positions.json.backup.2025-10-09T19-08-56-629Z","10/9/2025 12:08:56 PM","4108"
"C:\Users\Shadow\Web-PDFTimeSaver\data\t_fl100_gc120_positions.json.backup.final.2025-10-09T19-09-12-752Z","10/9/2025 12:09:12 PM","4589"
"C:\Users\Shadow\Web-PDFTimeSaver\data\t_fl100_gc120_positions_multipage.json.backup.2025-10-09T19-09-19-184Z","10/9/2025 12:09:19 PM","4108"
"C:\Users\Shadow\Web-PDFTimeSaver\output\mvp_20251009_211353_fl100_improved_test_positioned.pdf","10/9/2025 12:13:54 PM","167631"
"C:\Users\Shadow\Web-PDFTimeSaver\data\t_fl100_gc120_positions.json.backup.fix.2025-10-09T19-17-17-475Z","10/9/2025 12:17:17 PM","4582"
"C:\Users\Shadow\Web-PDFTimeSaver\data\t_fl100_gc120_positions_multipage.json.backup.2025-10-09T19-17-20-872Z","10/9/2025 12:17:20 PM","4596"
"C:\Users\Shadow\Web-PDFTimeSaver\output\mvp_20251009_211724_fl100_improved_test_positioned.pdf","10/9/2025 12:17:24 PM","167606"
"C:\Users\Shadow\Web-PDFTimeSaver\data\t_fl100_gc120_positions.json.backup.top_half.2025-10-09T19-21-38-135Z","10/9/2025 12:21:38 PM","4563"
"C:\Users\Shadow\Web-PDFTimeSaver\data\t_fl100_gc120_positions.json.backup.analyzed.2025-10-09T19-21-52-809Z","10/9/2025 12:21:52 PM","4556"
"C:\Users\Shadow\Web-PDFTimeSaver\output\mvp_20251009_212156_fl100_improved_test_positioned.pdf","10/9/2025 12:21:56 PM","168256"
"C:\Users\Shadow\Web-PDFTimeSaver\data\t_fl100_gc120_positions.json.backup.adjust.2025-10-09T19-23-07-684Z","10/9/2025 12:23:07 PM","4086"
"C:\Users\Shadow\Web-PDFTimeSaver\data\t_fl100_gc120_positions_multipage.json.backup.2025-10-09T19-23-11-760Z","10/9/2025 12:23:11 PM","4596"
"C:\Users\Shadow\Web-PDFTimeSaver\output\mvp_20251009_212315_fl100_improved_test_positioned.pdf","10/9/2025 12:23:15 PM","167590"
"C:\Users\Shadow\Web-PDFTimeSaver\output\mvp_20251010_015345_t_fl100_gc120_positioned.pdf","10/9/2025 4:53:46 PM","167462"
"C:\Users\Shadow\Web-PDFTimeSaver\data\t_fl100_gc120_positions.json.backup.2025-10-10_01-57-31","10/9/2025 4:57:31 PM","4532"
"C:\Users\Shadow\Web-PDFTimeSaver\output\mvp_20251010_015746_t_fl100_gc120_positioned.pdf","10/9/2025 4:57:46 PM","167461"
"C:\Users\Shadow\Web-PDFTimeSaver\data\t_fl100_gc120_positions.json.backup.2025-10-10_01-58-27","10/9/2025 4:58:27 PM","5543"
"C:\Users\Shadow\Web-PDFTimeSaver\data\t_fl100_gc120_positions.json.backup.2025-10-10_01-58-56","10/9/2025 4:58:56 PM","5414"
"C:\Users\Shadow\Web-PDFTimeSaver\data\t_fl100_gc120_positions.json.backup.2025-10-10_01-59-50","10/9/2025 4:59:50 PM","5414"
"C:\Users\Shadow\Web-PDFTimeSaver\output\position_adjustment_report.json","10/9/2025 4:59:50 PM","17807"
"C:\Users\Shadow\Web-PDFTimeSaver\output\mvp_20251010_020250_t_fl100_gc120_positioned.pdf","10/9/2025 5:02:50 PM","167136"
"C:\Users\Shadow\Web-PDFTimeSaver\output\mvp_20251010_020350_t_fl100_gc120_positioned.pdf","10/9/2025 5:03:50 PM","167136"
"C:\Users\Shadow\Web-PDFTimeSaver\output\mvp_20251010_020847_t_fl100_gc120_positioned.pdf","10/9/2025 5:08:47 PM","167136"
"C:\Users\Shadow\Web-PDFTimeSaver\data\t_fl100_gc120_positions.json.backup.2025-10-10_02-13-51","10/9/2025 5:13:51 PM","5414"
"C:\Users\Shadow\Web-PDFTimeSaver\output\clio_position_adjustment_report.json","10/9/2025 5:13:51 PM","16370"
"C:\Users\Shadow\Web-PDFTimeSaver\.cursor\mcp.json","10/11/2025 4:03:06 AM","188"
"C:\Users\Shadow\Web-PDFTimeSaver\CODEBASE_FIXES_SUMMARY.md","10/11/2025 4:03:06 AM","9665"
"C:\Users\Shadow\Web-PDFTimeSaver\IMPLEMENTATION_COMPLETE_2025-10-11.md","10/11/2025 4:03:06 AM","5785"
"C:\Users\Shadow\Web-PDFTimeSaver\NGINX_MIGRATION_GUIDE.md","10/11/2025 4:03:06 AM","5663"
"C:\Users\Shadow\Web-PDFTimeSaver\PLAN_COMPLETE.md","10/11/2025 4:03:06 AM","8003"
"C:\Users\Shadow\Web-PDFTimeSaver\data\t_fl100_gc120_positions_extracted.json","10/11/2025 4:03:06 AM","5698"
"C:\Users\Shadow\Web-PDFTimeSaver\data\t_fl100_positions.json","10/11/2025 4:03:06 AM","5698"
"C:\Users\Shadow\Web-PDFTimeSaver\data\t_fl100_gc120_positions_analyzed.json","10/11/2025 4:03:06 AM","3848"
"C:\Users\Shadow\Web-PDFTimeSaver\data\t_fl100_gc120_positions.json","10/11/2025 4:03:06 AM","4880"
"C:\Users\Shadow\Web-PDFTimeSaver\data\t_fl100_gc120_positions_multipage.json","10/11/2025 4:03:06 AM","4880"
"C:\Users\Shadow\Web-PDFTimeSaver\data\t_fl100_positions_multipage.json","10/11/2025 4:03:06 AM","4880"
"C:\Users\Shadow\Web-PDFTimeSaver\legacy\FIELD_POPULATION_FIX_RESULTS.md","10/11/2025 4:03:06 AM","8657"
"C:\Users\Shadow\Web-PDFTimeSaver\legacy\FINAL_FL100_RESULTS.md","10/11/2025 4:03:06 AM","17303"
"C:\Users\Shadow\Web-PDFTimeSaver\legacy\FL-100_IMPLEMENTATION_STATUS.md","10/11/2025 4:03:06 AM","6782"
"C:\Users\Shadow\Web-PDFTimeSaver\legacy\FL100_FIELD_ALIGNMENT_COMPLETE.md","10/11/2025 4:03:06 AM","11476"
"C:\Users\Shadow\Web-PDFTimeSaver\legacy\FL100_README.md","10/11/2025 4:03:06 AM","9753"
"C:\Users\Shadow\Web-PDFTimeSaver\legacy\FL100_TEST_REPORT.md","10/11/2025 4:03:06 AM","9400"
"C:\Users\Shadow\Web-PDFTimeSaver\legacy\IMPLEMENTATION_COMPLETE.md","10/11/2025 4:03:06 AM","7866"
"C:\Users\Shadow\Web-PDFTimeSaver\legacy\MCP_PDF_ANALYSIS_GUIDE.md","10/11/2025 4:03:06 AM","8269"
"C:\Users\Shadow\Web-PDFTimeSaver\legacy\MCP_VERIFICATION_GUIDE.md","10/11/2025 4:03:06 AM","9065"
"C:\Users\Shadow\Web-PDFTimeSaver\legacy\MULTIPAGE_PDF_SCHEMA.md","10/11/2025 4:03:06 AM","5950"
"C:\Users\Shadow\Web-PDFTimeSaver\legacy\STATUS_NOW.md","10/11/2025 4:03:06 AM","8037"
"C:\Users\Shadow\Web-PDFTimeSaver\legacy\VERIFICATION_COMPLETE.md","10/11/2025 4:03:06 AM","8140"
"C:\Users\Shadow\Web-PDFTimeSaver\legacy\VISUAL_VERIFICATION_INSTRUCTIONS.md","10/11/2025 4:03:06 AM","8575"
"C:\Users\Shadow\Web-PDFTimeSaver\legacy\accurate_fl100_comparison.php","10/11/2025 4:03:06 AM","9474"
"C:\Users\Shadow\Web-PDFTimeSaver\legacy\analyze_clio_pdf.php","10/11/2025 4:03:06 AM","10183"
"C:\Users\Shadow\Web-PDFTimeSaver\legacy\analyze_fl100_positions.py","10/11/2025 4:03:06 AM","10318"
"C:\Users\Shadow\Web-PDFTimeSaver\legacy\analyze_pdf_content.js","10/11/2025 4:03:06 AM","1638"
"C:\Users\Shadow\Web-PDFTimeSaver\legacy\automated_position_fixer.php","10/11/2025 4:03:06 AM","11713"
"C:\Users\Shadow\Web-PDFTimeSaver\legacy\check_pdf_pages.php","10/11/2025 4:03:06 AM","536"
"C:\Users\Shadow\Web-PDFTimeSaver\legacy\clio_position_adjuster.html","10/11/2025 4:03:06 AM","13819"
"C:\Users\Shadow\Web-PDFTimeSaver\legacy\collect_reference_pdf.js","10/11/2025 4:03:06 AM","3665"
"C:\Users\Shadow\Web-PDFTimeSaver\legacy\compare_fl100_pdfs.php","10/11/2025 4:03:06 AM","5977"
"C:\Users\Shadow\Web-PDFTimeSaver\legacy\compare_with_official_fl100.php","10/11/2025 4:03:06 AM","5550"
"C:\Users\Shadow\Web-PDFTimeSaver\legacy\current_positions_reference.json","10/11/2025 4:03:06 AM","5694"
"C:\Users\Shadow\Web-PDFTimeSaver\legacy\draft_clio_test_data.txt","10/11/2025 4:03:06 AM","1716"
"C:\Users\Shadow\Web-PDFTimeSaver\legacy\field_alignment_tool.html","10/11/2025 4:03:06 AM","23758"
"C:\Users\Shadow\Web-PDFTimeSaver\legacy\field_position_measurement_tool.html","10/11/2025 4:03:06 AM","15414"
"C:\Users\Shadow\Web-PDFTimeSaver\legacy\fl100_field_positions_comparison.pdf","10/11/2025 4:03:06 AM","168853"
"C:\Users\Shadow\Web-PDFTimeSaver\legacy\fl100_position_measurer.html","10/11/2025 4:03:06 AM","15965"
"C:\Users\Shadow\Web-PDFTimeSaver\legacy\generate_all_page_backgrounds.php","10/11/2025 4:03:06 AM","2000"
"C:\Users\Shadow\Web-PDFTimeSaver\legacy\generate_test_fl100.php","10/11/2025 4:03:06 AM","3592"
"C:\Users\Shadow\Web-PDFTimeSaver\legacy\improved_field_positions_visual.pdf","10/11/2025 4:03:06 AM","4562"
"C:\Users\Shadow\Web-PDFTimeSaver\legacy\improved_fl100_verification.pdf","10/11/2025 4:03:06 AM","167590"
"C:\Users\Shadow\Web-PDFTimeSaver\legacy\lib\position-editor.js","10/11/2025 4:03:06 AM","15798"
"C:\Users\Shadow\Web-PDFTimeSaver\legacy\lib\position-extractor.js","10/11/2025 4:03:06 AM","14591"
"C:\Users\Shadow\Web-PDFTimeSaver\legacy\load_current_positions.php","10/11/2025 4:03:06 AM","3700"
"C:\Users\Shadow\Web-PDFTimeSaver\legacy\position-editor.html","10/11/2025 4:03:06 AM","22338"
"C:\Users\Shadow\Web-PDFTimeSaver\legacy\position_measurement_guide.md","10/11/2025 4:03:06 AM","3141"
"C:\Users\Shadow\Web-PDFTimeSaver\legacy\precise_fl100_comparison.php","10/11/2025 4:03:06 AM","5563"
"C:\Users\Shadow\Web-PDFTimeSaver\legacy\precise_fl100_field_positions.pdf","10/11/2025 4:03:06 AM","168806"
"C:\Users\Shadow\Web-PDFTimeSaver\legacy\show_improved_positions.php","10/11/2025 4:03:06 AM","4924"
"C:\Users\Shadow\Web-PDFTimeSaver\legacy\simple-server.js","10/11/2025 4:03:06 AM","1716"
"C:\Users\Shadow\Web-PDFTimeSaver\legacy\simple_clio_analysis.php","10/11/2025 4:03:06 AM","1598"
"C:\Users\Shadow\Web-PDFTimeSaver\legacy\simple_generate_fl100.php","10/11/2025 4:03:06 AM","1673"
"C:\Users\Shadow\Web-PDFTimeSaver\legacy\take_screenshots.js","10/11/2025 4:03:06 AM","16"
"C:\Users\Shadow\Web-PDFTimeSaver\legacy\test.pdf","10/11/2025 4:03:06 AM","7298293"
"C:\Users\Shadow\Web-PDFTimeSaver\legacy\test.txt","10/11/2025 4:03:06 AM","14"
"C:\Users\Shadow\Web-PDFTimeSaver\legacy\test_fl100_generation.php","10/11/2025 4:03:06 AM","4193"
"C:\Users\Shadow\Web-PDFTimeSaver\legacy\test_mcp_pdf.js","10/11/2025 4:03:06 AM","2997"
"C:\Users\Shadow\Web-PDFTimeSaver\legacy\test_page1_only.php","10/11/2025 4:03:06 AM","3876"
"C:\Users\Shadow\Web-PDFTimeSaver\legacy\test_pdf_generation.php","10/11/2025 4:03:06 AM","1"
"C:\Users\Shadow\Web-PDFTimeSaver\legacy\update_positions_from_measurements.php","10/11/2025 4:03:06 AM","2850"
"C:\Users\Shadow\Web-PDFTimeSaver\legacy\verify_improved_positions.php","10/11/2025 4:03:06 AM","2431"
"C:\Users\Shadow\Web-PDFTimeSaver\legacy\verify_positions.html","10/11/2025 4:03:06 AM","4843"
"C:\Users\Shadow\Web-PDFTimeSaver\mcp-server\package-lock.json","10/11/2025 4:03:06 AM","4717"
"C:\Users\Shadow\Web-PDFTimeSaver\mcp-server\package.json","10/11/2025 4:03:06 AM","359"
"C:\Users\Shadow\Web-PDFTimeSaver\mcp-server\src\pdf-analyzer.ts","10/11/2025 4:03:06 AM","7311"
"C:\Users\Shadow\Web-PDFTimeSaver\mcp-server\src\position-comparator.ts","10/11/2025 4:03:06 AM","7682"
"C:\Users\Shadow\Web-PDFTimeSaver\mcp-server\src\server.ts","10/11/2025 4:03:06 AM","5774"
"C:\Users\Shadow\Web-PDFTimeSaver\mvp\clear-cache.php","10/11/2025 4:03:06 AM","607"
"C:\Users\Shadow\Web-PDFTimeSaver\mvp\lib\background_generator.php","10/11/2025 4:03:06 AM","5514"
"C:\Users\Shadow\Web-PDFTimeSaver\mvp\lib\field_fillers\FieldFillerInterface.php","10/11/2025 4:03:07 AM","501"
"C:\Users\Shadow\Web-PDFTimeSaver\mvp\lib\field_fillers\FieldFillerManager.php","10/11/2025 4:03:07 AM","2776"
"C:\Users\Shadow\Web-PDFTimeSaver\mvp\lib\field_fillers\MarriageFieldFiller.php","10/11/2025 4:03:07 AM","2062"
"C:\Users\Shadow\Web-PDFTimeSaver\mvp\lib\field_fillers\SignatureFieldFiller.php","10/11/2025 4:03:07 AM","1675"
"C:\Users\Shadow\Web-PDFTimeSaver\mvp\lib\logger.php","10/11/2025 4:03:07 AM","2145"
"C:\Users\Shadow\Web-PDFTimeSaver\mvp\views\client.php","10/11/2025 4:03:07 AM","10408"
"C:\Users\Shadow\Web-PDFTimeSaver\mvp\views\template-edit.php","10/11/2025 4:03:07 AM","9474"
"C:\Users\Shadow\Web-PDFTimeSaver\mvp\views\templates.php","10/11/2025 4:03:07 AM","3692"
"C:\Users\Shadow\Web-PDFTimeSaver\nginx\nginx.conf","10/11/2025 4:03:07 AM","2793"
"C:\Users\Shadow\Web-PDFTimeSaver\nginx\php-fpm.conf","10/11/2025 4:03:07 AM","1074"
"C:\Users\Shadow\Web-PDFTimeSaver\scripts\adjust_positions.js","10/11/2025 4:03:07 AM","10948"
"C:\Users\Shadow\Web-PDFTimeSaver\scripts\adjust_positions_from_pdf.js","10/11/2025 4:03:07 AM","10202"
"C:\Users\Shadow\Web-PDFTimeSaver\scripts\analyze_field_distribution.js","10/11/2025 4:03:07 AM","7156"
"C:\Users\Shadow\Web-PDFTimeSaver\scripts\analyze_fl100_structure.js","10/11/2025 4:03:07 AM","8281"
"C:\Users\Shadow\Web-PDFTimeSaver\scripts\analyze_page1_top_half.js","10/11/2025 4:03:07 AM","4547"
"C:\Users\Shadow\Web-PDFTimeSaver\scripts\auto_position_analysis.js","10/11/2025 4:03:07 AM","4826"
"C:\Users\Shadow\Web-PDFTimeSaver\scripts\browser_verify_fl100.js","10/11/2025 4:03:07 AM","6181"
"C:\Users\Shadow\Web-PDFTimeSaver\scripts\final_field_layout.js","10/11/2025 4:03:07 AM","6526"
"C:\Users\Shadow\Web-PDFTimeSaver\scripts\fix_field_overlaps.js","10/11/2025 4:03:07 AM","7620"
"C:\Users\Shadow\Web-PDFTimeSaver\scripts\fix_field_positions.js","10/11/2025 4:03:07 AM","8978"
"C:\Users\Shadow\Web-PDFTimeSaver\scripts\fix_fl100_positions.js","10/11/2025 4:03:07 AM","9642"
"C:\Users\Shadow\Web-PDFTimeSaver\scripts\fix_page1_top_half.js","10/11/2025 4:03:07 AM","6040"
"C:\Users\Shadow\Web-PDFTimeSaver\scripts\mcp_pdf_analysis.js","10/11/2025 4:03:07 AM","9495"
"C:\Users\Shadow\Web-PDFTimeSaver\scripts\mcp_verify_fl100.js","10/11/2025 4:03:07 AM","6215"
"C:\Users\Shadow\Web-PDFTimeSaver\scripts\test_improved_positions.js","10/11/2025 4:03:07 AM","5984"
"C:\Users\Shadow\Web-PDFTimeSaver\scripts\update_multipage_positions.js","10/11/2025 4:03:07 AM","3523"
"C:\Users\Shadow\Web-PDFTimeSaver\scripts\use_analyzed_positions.js","10/11/2025 4:03:07 AM","5744"
"C:\Users\Shadow\Web-PDFTimeSaver\scripts\verify_fl100_pdf.php","10/11/2025 4:03:07 AM","5187"
"C:\Users\Shadow\Web-PDFTimeSaver\scripts\verify_pdf_structure.js","10/11/2025 4:03:07 AM","5512"
"C:\Users\Shadow\Web-PDFTimeSaver\start-nginx-php.bat","10/11/2025 4:03:07 AM","923"
"C:\Users\Shadow\Web-PDFTimeSaver\stop-nginx-php.bat","10/11/2025 4:03:07 AM","273"
"C:\Users\Shadow\Web-PDFTimeSaver\uploads\fl100_page2_background.png","10/11/2025 4:03:07 AM","54378"
"C:\Users\Shadow\Web-PDFTimeSaver\uploads\fl100_page3_background.png","10/11/2025 4:03:07 AM","52534"
"C:\Users\Shadow\Web-PDFTimeSaver\.github\copilot-instructions.md","10/12/2025 3:27:37 PM","367"
"C:\Users\Shadow\Web-PDFTimeSaver\.github\workflows\php-tests.yml","10/12/2025 3:27:37 PM","787"
"C:\Users\Shadow\Web-PDFTimeSaver\.gitignore","10/12/2025 3:27:37 PM","688"
"C:\Users\Shadow\Web-PDFTimeSaver\Backgrounds\site-offline-background-black.jpg","10/12/2025 3:27:37 PM","813592"
"C:\Users\Shadow\Web-PDFTimeSaver\Backgrounds\site-offline-background-bondage.jpg","10/12/2025 3:27:37 PM","139255"
"C:\Users\Shadow\Web-PDFTimeSaver\Backgrounds\site-offline-background-green-flare.jpg","10/12/2025 3:27:37 PM","249279"
"C:\Users\Shadow\Web-PDFTimeSaver\Backgrounds\site-offline-background-greymat.jpg","10/12/2025 3:27:37 PM","160330"
"C:\Users\Shadow\Web-PDFTimeSaver\Backgrounds\site-offline-background-red.jpg","10/12/2025 3:27:37 PM","12905"
"C:\Users\Shadow\Web-PDFTimeSaver\Backgrounds\site-offline-background-redstars.jpg","10/12/2025 3:27:37 PM","43552"
"C:\Users\Shadow\Web-PDFTimeSaver\Backgrounds\site-offline-background-white-shadow.jpg","10/12/2025 3:27:37 PM","55741"
"C:\Users\Shadow\Web-PDFTimeSaver\Backgrounds\site-offline-background-white-vintage.jpg","10/12/2025 3:27:37 PM","67550"
"C:\Users\Shadow\Web-PDFTimeSaver\mcp-field-editor\package.json","10/12/2025 3:27:38 PM","925"
"C:\Users\Shadow\Web-PDFTimeSaver\mvp\lib\pdf_field_service.php","10/12/2025 3:27:38 PM","4257"
"C:\Users\Shadow\Web-PDFTimeSaver\generate-pdf.php","10/12/2025 4:58:26 PM","9798"
"C:\Users\Shadow\Web-PDFTimeSaver\uploads\w9.pdf","10/13/2025 2:25:28 AM","140815"
"C:\Users\Shadow\Web-PDFTimeSaver\vendor\composer\installed.php","10/13/2025 10:16:52 PM","13041"
"C:\Users\Shadow\Web-PDFTimeSaver\uploads\fl105.pdf","10/13/2025 10:35:31 PM","145087"
"C:\Users\Shadow\Web-PDFTimeSaver\uploads\fl105_page1_background.png","10/13/2025 10:48:10 PM","77843"
"C:\Users\Shadow\Web-PDFTimeSaver\output\mvp_20251014_074810_t_fl105.pdf","10/13/2025 10:48:10 PM","29589"
"C:\Users\Shadow\Web-PDFTimeSaver\output\filled_w9.pdf","10/13/2025 11:00:12 PM","147305"
"C:\Users\Shadow\Web-PDFTimeSaver\uploads\fl100 (1).pdf","10/14/2025 1:15:40 PM","192902"
"C:\Users\Shadow\Web-PDFTimeSaver\uploads\FL-100__With_Children_tortsewtga.pdf","10/15/2025 3:07:06 PM","1208757"
"C:\Users\Shadow\Web-PDFTimeSaver\check-fl100-encryption.php","10/15/2025 3:07:58 PM","4211"
"C:\Users\Shadow\Web-PDFTimeSaver\output\mvp_20251021_032335_t_fl100_gc120.pdf","10/20/2025 6:23:36 PM","29282"
"C:\Users\Shadow\Web-PDFTimeSaver\output\mvp_20251021_032354_t_fl100_gc120_positioned.pdf","10/20/2025 6:23:54 PM","166978"
"C:\Users\Shadow\Web-PDFTimeSaver\output\mvp_20251021_032433_t_fl100_gc120_positioned.pdf","10/20/2025 6:24:33 PM","166978"
"C:\Users\Shadow\Web-PDFTimeSaver\output\mvp_20251021_032529_t_fl100_gc120_positioned.pdf","10/20/2025 6:25:29 PM","166978"
"C:\Users\Shadow\Web-PDFTimeSaver\data\t_fl100_gc120_positions_backup_2025-10-21_03-31-35.json","10/20/2025 6:31:35 PM","5698"
"C:\Users\Shadow\Web-PDFTimeSaver\output\mvp_20251021_033147_t_fl100_gc120_positioned.pdf","10/20/2025 6:31:47 PM","166972"
"C:\Users\Shadow\Web-PDFTimeSaver\test-fixed-positions.php","10/20/2025 6:31:52 PM","1"
"C:\Users\Shadow\Web-PDFTimeSaver\data\t_fl100_gc120_positions_backup_2025-10-21_03-32-40.json","10/20/2025 6:32:40 PM","5707"
"C:\Users\Shadow\Web-PDFTimeSaver\output\mvp_20251021_033240_t_fl100_gc120_positioned.pdf","10/20/2025 6:32:40 PM","167067"
"C:\Users\Shadow\Web-PDFTimeSaver\data\t_fl100_gc120_positions_backup_2025-10-21_03-33-22.json","10/20/2025 6:33:22 PM","2222"
"C:\Users\Shadow\Web-PDFTimeSaver\output\mvp_20251021_033332_t_fl100_gc120_positioned.pdf","10/20/2025 6:33:32 PM","166844"
"C:\Users\Shadow\Web-PDFTimeSaver\uploads\FL-100_decrypted.pdf","10/20/2025 6:34:41 PM","1205366"
"C:\Users\Shadow\Web-PDFTimeSaver\output\mvp_20251021_033632_t_fl100_gc120_positioned.pdf","10/20/2025 6:36:32 PM","166744"
"C:\Users\Shadow\Web-PDFTimeSaver\data\t_fl100_gc120_positions_backup_2025-10-21_03-37-32.json","10/20/2025 6:37:32 PM","3522"
"C:\Users\Shadow\Web-PDFTimeSaver\output\mvp_20251021_033732_t_fl100_gc120_positioned.pdf","10/20/2025 6:37:32 PM","167776"
"C:\Users\Shadow\Web-PDFTimeSaver\data\t_fl100_gc120_positions_backup_REAL_2025-10-21_03-38-22.json","10/20/2025 6:38:22 PM","5011"
"C:\Users\Shadow\Web-PDFTimeSaver\output\mvp_20251021_033822_t_fl100_gc120_positioned.pdf","10/20/2025 6:38:22 PM","167166"
"C:\Users\Shadow\Web-PDFTimeSaver\data\t_fl100_gc120_positions_backup_EXTRACTED_2025-10-21_03-40-26.json","10/20/2025 6:40:26 PM","5014"
"C:\Users\Shadow\Web-PDFTimeSaver\output\mvp_20251021_034026_t_fl100_gc120_positioned.pdf","10/20/2025 6:40:26 PM","167166"
"C:\Users\Shadow\Web-PDFTimeSaver\output\mvp_20251021_034121_t_fl100_gc120_positioned.pdf","10/20/2025 6:41:21 PM","166645"
"C:\Users\Shadow\Web-PDFTimeSaver\output\mvp_20251021_034449_t_fl100_gc120_positioned.pdf","10/20/2025 6:44:49 PM","166667"
"C:\Users\Shadow\Web-PDFTimeSaver\output\mvp_20251021_034559_t_fl100_gc120_positioned.pdf","10/20/2025 6:45:59 PM","166691"
"C:\Users\Shadow\Web-PDFTimeSaver\data\temp_1761014001_extraction_details.json","10/20/2025 7:33:22 PM","7859"
"C:\Users\Shadow\Web-PDFTimeSaver\data\t_w9_cli_test_positions.json","10/20/2025 7:33:23 PM","7287"
"C:\Users\Shadow\Web-PDFTimeSaver\data\temp_1761014003_extraction_details.json","10/20/2025 7:33:23 PM","7859"
"C:\Users\Shadow\Web-PDFTimeSaver\data\temp_1761014007_extraction_details.json","10/20/2025 7:33:27 PM","7859"
"C:\Users\Shadow\Web-PDFTimeSaver\uploads\t_w9_cli_test_positions.json","10/20/2025 7:33:27 PM","7287"
"C:\Users\Shadow\Web-PDFTimeSaver\data\temp_1761014033_extraction_details.json","10/20/2025 7:33:54 PM","7859"
"C:\Users\Shadow\Web-PDFTimeSaver\data\t_w9_fixed_test_positions.json","10/20/2025 7:33:54 PM","9653"
"C:\Users\Shadow\Web-PDFTimeSaver\data\temp_1761014034_extraction_details.json","10/20/2025 7:33:54 PM","7859"
"C:\Users\Shadow\Web-PDFTimeSaver\data\temp_1761014037_extraction_details.json","10/20/2025 7:33:57 PM","7859"
"C:\Users\Shadow\Web-PDFTimeSaver\uploads\t_w9_fixed_test_positions.json","10/20/2025 7:33:57 PM","9653"
"C:\Users\Shadow\Web-PDFTimeSaver\data\t_w9_verification_positions.json","10/20/2025 7:34:32 PM","8089"
"C:\Users\Shadow\Web-PDFTimeSaver\data\t_w9_verification_extraction_details.json","10/20/2025 7:34:32 PM","7859"
"C:\Users\Shadow\Web-PDFTimeSaver\data\temp_1761014110_extraction_details.json","10/20/2025 7:35:11 PM","7859"
"C:\Users\Shadow\Web-PDFTimeSaver\data\t_w9_real_test_positions.json","10/20/2025 7:35:11 PM","9653"
"C:\Users\Shadow\Web-PDFTimeSaver\data\t_w9_test_positions.json","10/20/2025 7:35:11 PM","9653"
"C:\Users\Shadow\Web-PDFTimeSaver\data\temp_1761014111_extraction_details.json","10/20/2025 7:35:11 PM","7859"
"C:\Users\Shadow\Web-PDFTimeSaver\data\temp_1761014114_extraction_details.json","10/20/2025 7:35:14 PM","7859"
"C:\Users\Shadow\Web-PDFTimeSaver\uploads\t_w9_real_test_positions.json","10/20/2025 7:35:14 PM","9653"
"C:\Users\Shadow\Web-PDFTimeSaver\data\t_w9_positions.json","10/20/2025 7:36:48 PM","8733"
"C:\Users\Shadow\Web-PDFTimeSaver\data\t_w9_positions_array.json","10/20/2025 7:36:48 PM","8527"
"C:\Users\Shadow\Web-PDFTimeSaver\data\t_test_coords_positions.json","10/20/2025 7:37:08 PM","8089"
"C:\Users\Shadow\Web-PDFTimeSaver\data\t_test_coords_extraction_details.json","10/20/2025 7:37:08 PM","7859"
"C:\Users\Shadow\Web-PDFTimeSaver\data\t_php_test_positions.json","10/20/2025 7:37:28 PM","9653"
"C:\Users\Shadow\Web-PDFTimeSaver\data\temp_1761014248_extraction_details.json","10/20/2025 7:37:29 PM","7859"
"C:\Users\Shadow\Web-PDFTimeSaver\uploads\php_page1_background.png","10/20/2025 7:37:29 PM","121456"
"C:\Users\Shadow\Web-PDFTimeSaver\uploads\php_page2_background.png","10/20/2025 7:37:30 PM","168733"
"C:\Users\Shadow\Web-PDFTimeSaver\uploads\php_page3_background.png","10/20/2025 7:37:30 PM","160777"
"C:\Users\Shadow\Web-PDFTimeSaver\uploads\php_page4_background.png","10/20/2025 7:37:30 PM","157552"
"C:\Users\Shadow\Web-PDFTimeSaver\uploads\php_page5_background.png","10/20/2025 7:37:31 PM","126752"
"C:\Users\Shadow\Web-PDFTimeSaver\uploads\php_page6_background.png","10/20/2025 7:37:31 PM","75992"
"C:\Users\Shadow\Web-PDFTimeSaver\data\temp_1761014251_extraction_details.json","10/20/2025 7:37:31 PM","7859"
"C:\Users\Shadow\Web-PDFTimeSaver\uploads\t_php_test_positions.json","10/20/2025 7:37:31 PM","9653"
"C:\Users\Shadow\Web-PDFTimeSaver\data\t_w9_test_extraction_details.json","10/20/2025 7:52:25 PM","9423"
"C:\Users\Shadow\Web-PDFTimeSaver\data\t_fl100_test_extraction_details.json","10/20/2025 7:55:22 PM","3822"
"C:\Users\Shadow\Web-PDFTimeSaver\data\t_fl100_test_positions.json","10/20/2025 7:55:22 PM","2989"
"C:\Users\Shadow\Web-PDFTimeSaver\data\t_fl100_demo_positions.json","10/20/2025 8:24:06 PM","2989"
"C:\Users\Shadow\Web-PDFTimeSaver\data\t_fl100_demo_extraction_details.json","10/20/2025 8:24:06 PM","3822"
"C:\Users\Shadow\Web-PDFTimeSaver\data\t_fl100_with_qpdf_positions.json","10/20/2025 8:54:18 PM","2989"
"C:\Users\Shadow\Web-PDFTimeSaver\data\t_fl100_with_qpdf_extraction_details.json","10/20/2025 8:54:18 PM","3822"
"C:\Users\Shadow\Web-PDFTimeSaver\temp\w9_decrypted.pdf","10/22/2025 1:51:56 AM","140815"
"C:\Users\Shadow\Web-PDFTimeSaver\data\t_w9_test_positions.backup_20251108.json","10/22/2025 1:53:52 AM","8733"
"C:\Users\Shadow\Web-PDFTimeSaver\data\t_w9_test_positions_array.json","10/22/2025 1:53:52 AM","8527"
"C:\Users\Shadow\Web-PDFTimeSaver\data\t_fl105_positions.json","10/22/2025 2:01:19 AM","2"
"C:\Users\Shadow\Web-PDFTimeSaver\temp\fl100_test.pdf","10/22/2025 2:04:50 AM","192902"
"C:\Users\Shadow\Web-PDFTimeSaver\temp\fl100_decrypted_real.pdf","10/22/2025 2:10:58 AM","184730"
"C:\Users\Shadow\Web-PDFTimeSaver\temp\fl105_decrypted_real.pdf","10/22/2025 2:11:22 AM","133662"
"C:\Users\Shadow\Web-PDFTimeSaver\temp\fl100_final_test.pdf","10/22/2025 7:39:16 PM","184730"
"C:\Users\Shadow\Web-PDFTimeSaver\temp\fl105_final_test.pdf","10/22/2025 7:40:06 PM","133662"
"C:\Users\Shadow\Web-PDFTimeSaver\data\t_fl100_real_qpdf_positions.json","10/22/2025 7:41:12 PM","60416"
"C:\Users\Shadow\Web-PDFTimeSaver\data\t_fl100_real_qpdf_positions_array.json","10/22/2025 7:41:12 PM","57437"
"C:\Users\Shadow\Web-PDFTimeSaver\data\t_fl105_gc120_positions.json","10/22/2025 7:41:50 PM","63073"
"C:\Users\Shadow\Web-PDFTimeSaver\data\t_fl105_real_qpdf_positions.json","10/22/2025 7:41:50 PM","63073"
"C:\Users\Shadow\Web-PDFTimeSaver\data\t_fl105_real_qpdf_positions_array.json","10/22/2025 7:41:50 PM","57663"
"C:\Users\Shadow\Web-PDFTimeSaver\output\FL-100_FILLED_DEMO.pdf","10/22/2025 8:40:30 PM","281635"
"C:\Users\Shadow\Web-PDFTimeSaver\.cursor\screenshots\absolute-top.png","10/22/2025 8:55:51 PM","21264"
"C:\Users\Shadow\Web-PDFTimeSaver\.cursor\screenshots\adjusted-positions-test1.png","10/22/2025 8:55:51 PM","23448"
"C:\Users\Shadow\Web-PDFTimeSaver\.cursor\screenshots\adjuster-interface.png","10/22/2025 8:55:51 PM","60247"
"C:\Users\Shadow\Web-PDFTimeSaver\.cursor\screenshots\ajax-test-page-fresh.png","10/22/2025 8:55:51 PM","40953"
"C:\Users\Shadow\Web-PDFTimeSaver\.cursor\screenshots\ajax-test-page.png","10/22/2025 8:55:51 PM","40105"
"C:\Users\Shadow\Web-PDFTimeSaver\.cursor\screenshots\ajax-test-success-summary.png","10/22/2025 8:55:51 PM","40953"
"C:\Users\Shadow\Web-PDFTimeSaver\.cursor\screenshots\ajax-test-summary.png","10/22/2025 8:55:51 PM","45927"
"C:\Users\Shadow\Web-PDFTimeSaver\.cursor\screenshots\ajax-test-top.png","10/22/2025 8:55:51 PM","28392"
"C:\Users\Shadow\Web-PDFTimeSaver\.cursor\screenshots\ajax-test-very-top.png","10/22/2025 8:55:51 PM","25642"
"C:\Users\Shadow\Web-PDFTimeSaver\.cursor\screenshots\analyze-current-positions.png","10/22/2025 8:55:51 PM","58149"
"C:\Users\Shadow\Web-PDFTimeSaver\.cursor\screenshots\clio-signin-page.png","10/22/2025 8:55:51 PM","72690"
"C:\Users\Shadow\Web-PDFTimeSaver\.cursor\screenshots\collapsible-sidebar-ready.png","10/22/2025 8:55:51 PM","52279"
"C:\Users\Shadow\Web-PDFTimeSaver\.cursor\screenshots\complete-test-results-all.png","10/22/2025 8:55:51 PM","75580"
"C:\Users\Shadow\Web-PDFTimeSaver\.cursor\screenshots\current-page-state.png","10/22/2025 8:55:51 PM","53949"
"C:\Users\Shadow\Web-PDFTimeSaver\.cursor\screenshots\current-pdf-status.png","10/22/2025 8:55:51 PM","28061"
"C:\Users\Shadow\Web-PDFTimeSaver\.cursor\screenshots\current-state.png","10/22/2025 8:55:51 PM","18478"
"C:\Users\Shadow\Web-PDFTimeSaver\.cursor\screenshots\dashboard-check.png","10/22/2025 8:55:51 PM","31316"
"C:\Users\Shadow\Web-PDFTimeSaver\.cursor\screenshots\dashboard-view.png","10/22/2025 8:55:51 PM","14082"
"C:\Users\Shadow\Web-PDFTimeSaver\.cursor\screenshots\demo-after-fix.png","10/22/2025 8:55:51 PM","34357"
"C:\Users\Shadow\Web-PDFTimeSaver\.cursor\screenshots\demo-final-test.png","10/22/2025 8:55:51 PM","52824"
"C:\Users\Shadow\Web-PDFTimeSaver\.cursor\screenshots\direct-endpoint-test-result.png","10/22/2025 8:55:51 PM","34875"
"C:\Users\Shadow\Web-PDFTimeSaver\.cursor\screenshots\documents-page.png","10/22/2025 8:55:51 PM","34810"
"C:\Users\Shadow\Web-PDFTimeSaver\.cursor\screenshots\endpoint-test-results.png","10/22/2025 8:55:51 PM","8758"
"C:\Users\Shadow\Web-PDFTimeSaver\.cursor\screenshots\endpoint-test-scrolled.png","10/22/2025 8:55:51 PM","8758"
"C:\Users\Shadow\Web-PDFTimeSaver\.cursor\screenshots\extract-fields-page.png","10/22/2025 8:55:51 PM","7093"
"C:\Users\Shadow\Web-PDFTimeSaver\.cursor\screenshots\extracted-positions-pdf.png","10/22/2025 8:55:51 PM","28300"
"C:\Users\Shadow\Web-PDFTimeSaver\.cursor\screenshots\extraction-result.png","10/22/2025 8:55:51 PM","16969"
"C:\Users\Shadow\Web-PDFTimeSaver\.cursor\screenshots\extraction-test-results.png","10/22/2025 8:55:51 PM","25505"
"C:\Users\Shadow\Web-PDFTimeSaver\.cursor\screenshots\final-adjusted-positions.png","10/22/2025 8:55:51 PM","37047"
"C:\Users\Shadow\Web-PDFTimeSaver\.cursor\screenshots\fl100-after-fix.png","10/22/2025 8:55:51 PM","38797"
"C:\Users\Shadow\Web-PDFTimeSaver\.cursor\screenshots\fl100-auto-demo-loaded.png","10/22/2025 8:55:51 PM","31015"
"C:\Users\Shadow\Web-PDFTimeSaver\.cursor\screenshots\fl100-button-visible.png","10/22/2025 8:55:51 PM","42403"
"C:\Users\Shadow\Web-PDFTimeSaver\.cursor\screenshots\fl100-demo-running.png","10/22/2025 8:55:51 PM","31015"
"C:\Users\Shadow\Web-PDFTimeSaver\.cursor\screenshots\fl100-demo-working.png","10/22/2025 8:55:51 PM","31015"
"C:\Users\Shadow\Web-PDFTimeSaver\.cursor\screenshots\fl100-download-result.png","10/22/2025 8:55:51 PM","22359"
"C:\Users\Shadow\Web-PDFTimeSaver\.cursor\screenshots\fl100-error-state.png","10/22/2025 8:55:51 PM","37895"
"C:\Users\Shadow\Web-PDFTimeSaver\.cursor\screenshots\fl100-php-demo-ready.png","10/22/2025 8:55:51 PM","37895"
"C:\Users\Shadow\Web-PDFTimeSaver\.cursor\screenshots\full-page.png","10/22/2025 8:55:51 PM","13603"
"C:\Users\Shadow\Web-PDFTimeSaver\.cursor\screenshots\generate-now-attempt2.png","10/22/2025 8:55:51 PM","8713"
"C:\Users\Shadow\Web-PDFTimeSaver\.cursor\screenshots\generate-now-page.png","10/22/2025 8:55:51 PM","8713"
"C:\Users\Shadow\Web-PDFTimeSaver\.cursor\screenshots\generate-pdf-correct-path.png","10/22/2025 8:55:51 PM","8713"
"C:\Users\Shadow\Web-PDFTimeSaver\.cursor\screenshots\generate-pdf-root.png","10/22/2025 8:55:51 PM","8713"
"C:\Users\Shadow\Web-PDFTimeSaver\.cursor\screenshots\generated-pdf-page1.png","10/22/2025 8:55:51 PM","89366"
"C:\Users\Shadow\Web-PDFTimeSaver\.cursor\screenshots\json-end.png","10/22/2025 8:55:51 PM","58318"
"C:\Users\Shadow\Web-PDFTimeSaver\.cursor\screenshots\json-structure-test.png","10/22/2025 8:55:51 PM","34875"
"C:\Users\Shadow\Web-PDFTimeSaver\.cursor\screenshots\json-structure-top.png","10/22/2025 8:55:51 PM","38489"
"C:\Users\Shadow\Web-PDFTimeSaver\.cursor\screenshots\json-structure-very-top.png","10/22/2025 8:55:51 PM","25454"
"C:\Users\Shadow\Web-PDFTimeSaver\.cursor\screenshots\looking-for-json.png","10/22/2025 8:55:51 PM","58318"
"C:\Users\Shadow\Web-PDFTimeSaver\.cursor\screenshots\more-scroll.png","10/22/2025 8:55:51 PM","58318"
"C:\Users\Shadow\Web-PDFTimeSaver\.cursor\screenshots\mvp-index.png","10/22/2025 8:55:51 PM","32422"
"C:\Users\Shadow\Web-PDFTimeSaver\.cursor\screenshots\opcache-clear-result.png","10/22/2025 8:55:51 PM","7479"
"C:\Users\Shadow\Web-PDFTimeSaver\.cursor\screenshots\page-with-debug-logs.png","10/22/2025 8:55:51 PM","77480"
"C:\Users\Shadow\Web-PDFTimeSaver\.cursor\screenshots\pdf-fields-analysis.png","10/22/2025 8:55:51 PM","23340"
"C:\Users\Shadow\Web-PDFTimeSaver\.cursor\screenshots\pdf-lib-buttons-visible.png","10/22/2025 8:55:51 PM","31492"
"C:\Users\Shadow\Web-PDFTimeSaver\.cursor\screenshots\pdf-lib-demo-full.png","10/22/2025 8:55:51 PM","30342"
"C:\Users\Shadow\Web-PDFTimeSaver\.cursor\screenshots\pdf-lib-demo-page.png","10/22/2025 8:55:51 PM","28543"
"C:\Users\Shadow\Web-PDFTimeSaver\.cursor\screenshots\pdf-lib-demo-ready.png","10/22/2025 8:55:51 PM","31492"
"C:\Users\Shadow\Web-PDFTimeSaver\.cursor\screenshots\pdf-lib-with-fl100-button.png","10/22/2025 8:55:51 PM","31492"
"C:\Users\Shadow\Web-PDFTimeSaver\.cursor\screenshots\pdf-viewer.png","10/22/2025 8:55:51 PM","8713"
"C:\Users\Shadow\Web-PDFTimeSaver\.cursor\screenshots\pdf-with-current-positions.png","10/22/2025 8:55:51 PM","28300"
"C:\Users\Shadow\Web-PDFTimeSaver\.cursor\screenshots\pdffiller-reference.png","10/22/2025 8:55:51 PM","102811"
"C:\Users\Shadow\Web-PDFTimeSaver\.cursor\screenshots\pdfparser-test-result.png","10/22/2025 8:55:51 PM","16370"
"C:\Users\Shadow\Web-PDFTimeSaver\.cursor\screenshots\php-error-direct.png","10/22/2025 8:55:51 PM","4978"
"C:\Users\Shadow\Web-PDFTimeSaver\.cursor\screenshots\populate-form-2.png","10/22/2025 8:55:51 PM","2324"
"C:\Users\Shadow\Web-PDFTimeSaver\.cursor\screenshots\populate-form.png","10/22/2025 8:55:51 PM","2324"
"C:\Users\Shadow\Web-PDFTimeSaver\.cursor\screenshots\position-adjuster.png","10/22/2025 8:55:51 PM","60247"
"C:\Users\Shadow\Web-PDFTimeSaver\.cursor\screenshots\positions-adjusted-5mm-spacing.png","10/22/2025 8:55:51 PM","58074"
"C:\Users\Shadow\Web-PDFTimeSaver\.cursor\screenshots\positions-verified-final.png","10/22/2025 8:55:51 PM","62458"
"C:\Users\Shadow\Web-PDFTimeSaver\.cursor\screenshots\positions-y23-verification.png","10/22/2025 8:55:51 PM","58848"
"C:\Users\Shadow\Web-PDFTimeSaver\.cursor\screenshots\projects-full.png","10/22/2025 8:55:51 PM","32515"
"C:\Users\Shadow\Web-PDFTimeSaver\.cursor\screenshots\projects-page.png","10/22/2025 8:55:51 PM","10470"
"C:\Users\Shadow\Web-PDFTimeSaver\.cursor\screenshots\properties-panel-full.png","10/22/2025 8:55:51 PM","81595"
"C:\Users\Shadow\Web-PDFTimeSaver\.cursor\screenshots\ready-to-test-drag.png","10/22/2025 8:55:51 PM","9438"
"C:\Users\Shadow\Web-PDFTimeSaver\.cursor\screenshots\regenerated-positions.png","10/22/2025 8:55:51 PM","58303"
"C:\Users\Shadow\Web-PDFTimeSaver\.cursor\screenshots\response-structure-section.png","10/22/2025 8:55:51 PM","25454"
"C:\Users\Shadow\Web-PDFTimeSaver\.cursor\screenshots\smaller-font-size-7.png","10/22/2025 8:55:51 PM","58149"
"C:\Users\Shadow\Web-PDFTimeSaver\.cursor\screenshots\test-complete-top.png","10/22/2025 8:55:51 PM","76031"
"C:\Users\Shadow\Web-PDFTimeSaver\.cursor\screenshots\test-endpoint-page.png","10/22/2025 8:55:51 PM","38867"
"C:\Users\Shadow\Web-PDFTimeSaver\.cursor\screenshots\test-extraction-stats.png","10/22/2025 8:55:51 PM","75580"
"C:\Users\Shadow\Web-PDFTimeSaver\.cursor\screenshots\test-fl100-results.png","10/22/2025 8:55:51 PM","20048"
"C:\Users\Shadow\Web-PDFTimeSaver\.cursor\screenshots\test-page-reload.png","10/22/2025 8:55:51 PM","21264"
"C:\Users\Shadow\Web-PDFTimeSaver\.cursor\screenshots\test-position-y22.png","10/22/2025 8:55:51 PM","28644"
"C:\Users\Shadow\Web-PDFTimeSaver\.cursor\screenshots\test-position-y35.png","10/22/2025 8:55:51 PM","28731"
"C:\Users\Shadow\Web-PDFTimeSaver\.cursor\screenshots\test-position-y52.png","10/22/2025 8:55:51 PM","24574"
"C:\Users\Shadow\Web-PDFTimeSaver\.cursor\screenshots\test-results-complete.png","10/22/2025 8:55:51 PM","61732"
"C:\Users\Shadow\Web-PDFTimeSaver\.cursor\screenshots\test-results-full.png","10/22/2025 8:55:51 PM","85504"
"C:\Users\Shadow\Web-PDFTimeSaver\.cursor\screenshots\test-results-with-stats.png","10/22/2025 8:55:51 PM","35563"
"C:\Users\Shadow\Web-PDFTimeSaver\.cursor\screenshots\test-script-results.png","10/22/2025 8:55:51 PM","20048"
"C:\Users\Shadow\Web-PDFTimeSaver\.cursor\screenshots\test-suite-after-sync.png","10/22/2025 8:55:51 PM","23100"
"C:\Users\Shadow\Web-PDFTimeSaver\.cursor\screenshots\test-suite-correct-url.png","10/22/2025 8:55:51 PM","23100"
"C:\Users\Shadow\Web-PDFTimeSaver\.cursor\screenshots\test-suite-loaded.png","10/22/2025 8:55:51 PM","23100"
"C:\Users\Shadow\Web-PDFTimeSaver\.cursor\screenshots\test-suite-start.png","10/22/2025 8:55:51 PM","8713"
"C:\Users\Shadow\Web-PDFTimeSaver\.cursor\screenshots\test-suite-working.png","10/22/2025 8:55:51 PM","44871"
"C:\Users\Shadow\Web-PDFTimeSaver\.cursor\screenshots\test-working-pdf-results.png","10/22/2025 8:55:51 PM","52192"
"C:\Users\Shadow\Web-PDFTimeSaver\.cursor\screenshots\universal-processor-complete.png","10/22/2025 8:55:51 PM","25685"
"C:\Users\Shadow\Web-PDFTimeSaver\.cursor\screenshots\universal-processor-error-full.png","10/22/2025 8:55:51 PM","30369"
"C:\Users\Shadow\Web-PDFTimeSaver\.cursor\screenshots\universal-processor-final.png","10/22/2025 8:55:51 PM","31347"
"C:\Users\Shadow\Web-PDFTimeSaver\.cursor\screenshots\universal-processor-fixed.png","10/22/2025 8:55:51 PM","7093"
"C:\Users\Shadow\Web-PDFTimeSaver\.cursor\screenshots\universal-processor-full-view.png","10/22/2025 8:55:51 PM","24913"
"C:\Users\Shadow\Web-PDFTimeSaver\.cursor\screenshots\universal-processor-hard-refresh.png","10/22/2025 8:55:51 PM","7093"
"C:\Users\Shadow\Web-PDFTimeSaver\.cursor\screenshots\universal-processor-loaded.png","10/22/2025 8:55:51 PM","31316"
"C:\Users\Shadow\Web-PDFTimeSaver\.cursor\screenshots\universal-processor-page.png","10/22/2025 8:55:51 PM","7093"
"C:\Users\Shadow\Web-PDFTimeSaver\.cursor\screenshots\universal-processor-ready.png","10/22/2025 8:55:51 PM","74157"
"C:\Users\Shadow\Web-PDFTimeSaver\.cursor\screenshots\universal-processor-refreshed.png","10/22/2025 8:55:51 PM","63501"
"C:\Users\Shadow\Web-PDFTimeSaver\.cursor\screenshots\universal-processor-results.png","10/22/2025 8:55:51 PM","30369"
"C:\Users\Shadow\Web-PDFTimeSaver\.cursor\screenshots\universal-processor-success.png","10/22/2025 8:55:51 PM","7093"
"C:\Users\Shadow\Web-PDFTimeSaver\.cursor\screenshots\universal-processor-upload-area.png","10/22/2025 8:55:51 PM","24913"
"C:\Users\Shadow\Web-PDFTimeSaver\.cursor\screenshots\universal-processor-working-now.png","10/22/2025 8:55:51 PM","74157"
"C:\Users\Shadow\Web-PDFTimeSaver\.cursor\screenshots\universal-processor-working.png","10/22/2025 8:55:51 PM","7093"
"C:\Users\Shadow\Web-PDFTimeSaver\.cursor\screenshots\universal-processor.png","10/22/2025 8:55:51 PM","63501"
"C:\Users\Shadow\Web-PDFTimeSaver\.cursor\screenshots\visual-editor-console.png","10/22/2025 8:55:51 PM","64366"
"C:\Users\Shadow\Web-PDFTimeSaver\.cursor\screenshots\visual-editor-fixed.png","10/22/2025 8:55:52 PM","53282"
"C:\Users\Shadow\Web-PDFTimeSaver\.cursor\screenshots\visual-editor-full-view.png","10/22/2025 8:55:52 PM","89513"
"C:\Users\Shadow\Web-PDFTimeSaver\.cursor\screenshots\visual-editor-loaded.png","10/22/2025 8:55:52 PM","52867"
"C:\Users\Shadow\Web-PDFTimeSaver\.cursor\screenshots\visual-editor-no-fields.png","10/22/2025 8:55:52 PM","54043"
"C:\Users\Shadow\Web-PDFTimeSaver\.cursor\screenshots\visual-field-editor-interface.png","10/22/2025 8:55:52 PM","89513"
"C:\Users\Shadow\Web-PDFTimeSaver\.cursor\screenshots\w9-demo-fixed-working.png","10/22/2025 8:55:52 PM","41651"
"C:\Users\Shadow\Web-PDFTimeSaver\.cursor\screenshots\w9-demo-fixed.png","10/22/2025 8:55:52 PM","64175"
"C:\Users\Shadow\Web-PDFTimeSaver\.cursor\screenshots\w9-demo-working.png","10/22/2025 8:55:52 PM","40320"
"C:\Users\Shadow\Web-PDFTimeSaver\.cursor\screenshots\w9-extraction-results.png","10/22/2025 8:55:52 PM","19723"
"C:\Users\Shadow\Web-PDFTimeSaver\.cursor\screenshots\w9-final-result.png","10/22/2025 8:55:52 PM","66909"
"C:\Users\Shadow\Web-PDFTimeSaver\.cursor\screenshots\w9-full-demo.png","10/22/2025 8:55:52 PM","35581"
"C:\Users\Shadow\Web-PDFTimeSaver\.cursor\screenshots\w9-json-output.png","10/22/2025 8:55:52 PM","54699"
"C:\Users\Shadow\Web-PDFTimeSaver\.cursor\screenshots\w9-stats-boxes.png","10/22/2025 8:55:52 PM","37090"
"C:\Users\Shadow\Web-PDFTimeSaver\.cursor\screenshots\w9-success.png","10/22/2025 8:55:52 PM","64175"
"C:\Users\Shadow\Web-PDFTimeSaver\.cursor\screenshots\w9-top-section.png","10/22/2025 8:55:52 PM","37090"
"C:\Users\Shadow\Web-PDFTimeSaver\ANSWER-FL100-QUESTION.md","10/22/2025 8:55:52 PM","6692"
"C:\Users\Shadow\Web-PDFTimeSaver\AUTOFILL_QUICKSTART.md","10/22/2025 8:55:52 PM","5723"
"C:\Users\Shadow\Web-PDFTimeSaver\COMPLETE-TOOLS-ANALYSIS-2025.md","10/22/2025 8:55:52 PM","17490"
"C:\Users\Shadow\Web-PDFTimeSaver\FL105-QPDF-INTEGRATION-COMPLETE.md","10/22/2025 8:55:52 PM","3128"
"C:\Users\Shadow\Web-PDFTimeSaver\FL105-SETUP-COMPLETE.md","10/22/2025 8:55:52 PM","4144"
"C:\Users\Shadow\Web-PDFTimeSaver\HYBRID_APPROACH.md","10/22/2025 8:55:52 PM","8649"
"C:\Users\Shadow\Web-PDFTimeSaver\JAVASCRIPT-UPGRADE-COMPLETE.md","10/22/2025 8:55:52 PM","7886"
"C:\Users\Shadow\Web-PDFTimeSaver\JS-TOOLS-CONFIRMED.md","10/22/2025 8:55:52 PM","7639"
"C:\Users\Shadow\Web-PDFTimeSaver\PDF-TOOLS-UPGRADE-2025.md","10/22/2025 8:55:52 PM","8834"
"C:\Users\Shadow\Web-PDFTimeSaver\PDF_FIELD_EXTRACTION.md","10/22/2025 8:55:52 PM","5157"
"C:\Users\Shadow\Web-PDFTimeSaver\PRODUCTION_DEPLOYMENT.md","10/22/2025 8:55:52 PM","10521"
"C:\Users\Shadow\Web-PDFTimeSaver\QPDF-INTEGRATION-SUCCESS.md","10/22/2025 8:55:52 PM","3939"
"C:\Users\Shadow\Web-PDFTimeSaver\QUICK_START_GUIDE.md","10/22/2025 8:55:52 PM","3847"
"C:\Users\Shadow\Web-PDFTimeSaver\READY-TO-USE.md","10/22/2025 8:55:52 PM","9083"
"C:\Users\Shadow\Web-PDFTimeSaver\SUREFIRE_EXTRACTION_COMPLETE.md","10/22/2025 8:55:52 PM","9297"
"C:\Users\Shadow\Web-PDFTimeSaver\TOOLS-QUICK-REFERENCE-2025.md","10/22/2025 8:55:52 PM","4112"
"C:\Users\Shadow\Web-PDFTimeSaver\analyze-fl100-structure.php","10/22/2025 8:55:52 PM","1"
"C:\Users\Shadow\Web-PDFTimeSaver\api\extract-fields.php","10/22/2025 8:55:52 PM","2624"
"C:\Users\Shadow\Web-PDFTimeSaver\bin\qpdf\bin\qpdf.bat","10/22/2025 8:55:52 PM","183"
"C:\Users\Shadow\Web-PDFTimeSaver\bin\qpdf\bin\qpdf.js","10/22/2025 8:55:52 PM","3117"
"C:\Users\Shadow\Web-PDFTimeSaver\bin\qpdf\qpdf-11.6.3.zip","10/22/2025 8:55:52 PM","0"
"C:\Users\Shadow\Web-PDFTimeSaver\correct-fl100-positions.php","10/22/2025 8:55:52 PM","1"
"C:\Users\Shadow\Web-PDFTimeSaver\demo-fl100-qpdf.php","10/22/2025 8:55:52 PM","3779"
"C:\Users\Shadow\Web-PDFTimeSaver\demo-working-autofill.php","10/22/2025 8:55:52 PM","10756"
"C:\Users\Shadow\Web-PDFTimeSaver\download-fl100.php","10/22/2025 8:55:52 PM","1159"
"C:\Users\Shadow\Web-PDFTimeSaver\download-fl105.php","10/22/2025 8:55:52 PM","1429"
"C:\Users\Shadow\Web-PDFTimeSaver\download-sample-pdf.php","10/22/2025 8:55:52 PM","470"
"C:\Users\Shadow\Web-PDFTimeSaver\download-w9.php","10/22/2025 8:55:52 PM","988"
"C:\Users\Shadow\Web-PDFTimeSaver\extract-positions.php","10/22/2025 8:55:52 PM","5079"
"C:\Users\Shadow\Web-PDFTimeSaver\extraction-dashboard.html","10/22/2025 8:55:52 PM","20069"
"C:\Users\Shadow\Web-PDFTimeSaver\fill-fl100-form.php","10/22/2025 8:55:52 PM","3932"
"C:\Users\Shadow\Web-PDFTimeSaver\fill-fl100-hybrid.html","10/22/2025 8:55:52 PM","15317"
"C:\Users\Shadow\Web-PDFTimeSaver\fill-fl105-form.php","10/22/2025 8:55:52 PM","2113"
"C:\Users\Shadow\Web-PDFTimeSaver\final-verification.php","10/22/2025 8:55:52 PM","5272"
"C:\Users\Shadow\Web-PDFTimeSaver\fix-fl100-positions.php","10/22/2025 8:55:52 PM","1"
"C:\Users\Shadow\Web-PDFTimeSaver\fl100-demo-generator.html","10/22/2025 8:55:52 PM","7118"
"C:\Users\Shadow\Web-PDFTimeSaver\generate-accurate-filled-pdf.php","10/22/2025 8:55:52 PM","4771"
"C:\Users\Shadow\Web-PDFTimeSaver\install-qpdf-simple.js","10/22/2025 8:55:52 PM","2085"
"C:\Users\Shadow\Web-PDFTimeSaver\manual-position-mapper.html","10/22/2025 8:55:52 PM","21184"
"C:\Users\Shadow\Web-PDFTimeSaver\mvp\adjust-positions.php","10/22/2025 8:55:52 PM","19413"
"C:\Users\Shadow\Web-PDFTimeSaver\mvp\api-test-templates.php","10/22/2025 8:55:52 PM","941"
"C:\Users\Shadow\Web-PDFTimeSaver\mvp\clear-all-caches.php","10/22/2025 8:55:52 PM","1973"
"C:\Users\Shadow\Web-PDFTimeSaver\mvp\generate-now.php","10/22/2025 8:55:52 PM","9708"
"C:\Users\Shadow\Web-PDFTimeSaver\mvp\lib\auto_position_extractor.php","10/22/2025 8:55:52 PM","5737"
"C:\Users\Shadow\Web-PDFTimeSaver\mvp\lib\fl105_test_data_generator.php","10/22/2025 8:55:52 PM","4777"
"C:\Users\Shadow\Web-PDFTimeSaver\mvp\lib\position_analysis\Fl100PositionAdjuster.php","10/22/2025 8:55:52 PM","4780"
"C:\Users\Shadow\Web-PDFTimeSaver\mvp\lib\position_analysis\Fl100PositionAnalyzer.php","10/22/2025 8:55:52 PM","4775"
"C:\Users\Shadow\Web-PDFTimeSaver\mvp\lib\position_analysis\Fl100PositionTester.php","10/22/2025 8:55:52 PM","4242"
"C:\Users\Shadow\Web-PDFTimeSaver\mvp\test-suite.php","10/22/2025 8:55:52 PM","16804"
"C:\Users\Shadow\Web-PDFTimeSaver\mvp\test-templates.php","10/22/2025 8:55:52 PM","511"
"C:\Users\Shadow\Web-PDFTimeSaver\mvp\views\clients.php","10/22/2025 8:55:52 PM","14762"
"C:\Users\Shadow\Web-PDFTimeSaver\mvp\views\dashboard.php","10/22/2025 8:55:52 PM","3370"
"C:\Users\Shadow\Web-PDFTimeSaver\mvp\views\documents.php","10/22/2025 8:55:52 PM","4935"
"C:\Users\Shadow\Web-PDFTimeSaver\mvp\views\pdf_lib_demo.php","10/22/2025 8:55:52 PM","13762"
"C:\Users\Shadow\Web-PDFTimeSaver\mvp\views\project.php","10/22/2025 8:55:52 PM","11819"
"C:\Users\Shadow\Web-PDFTimeSaver\mvp\views\projects.php","10/22/2025 8:55:52 PM","5435"
"C:\Users\Shadow\Web-PDFTimeSaver\mvp\views\test_autofill.php","10/22/2025 8:55:52 PM","7529"
"C:\Users\Shadow\Web-PDFTimeSaver\mvp\views\universal_processor.php","10/22/2025 8:55:52 PM","15075"
"C:\Users\Shadow\Web-PDFTimeSaver\nginx\production-pdftimesaver.conf","10/22/2025 8:55:52 PM","6385"
"C:\Users\Shadow\Web-PDFTimeSaver\package.json","10/22/2025 8:55:52 PM","172"
"C:\Users\Shadow\Web-PDFTimeSaver\prove-workflow.php","10/22/2025 8:55:52 PM","1"
"C:\Users\Shadow\Web-PDFTimeSaver\quick-diagnostic.php","10/22/2025 8:55:52 PM","3890"
"C:\Users\Shadow\Web-PDFTimeSaver\scripts\diagnose-500-error.sh","10/22/2025 8:55:52 PM","7112"
"C:\Users\Shadow\Web-PDFTimeSaver\scripts\extract-pdf-fields.php","10/22/2025 8:55:52 PM","3565"
"C:\Users\Shadow\Web-PDFTimeSaver\scripts\extract-positions-auto.js","10/22/2025 8:55:52 PM","16334"
"C:\Users\Shadow\Web-PDFTimeSaver\scripts\fill-fl100-demo.js","10/22/2025 8:55:52 PM","8107"
"C:\Users\Shadow\Web-PDFTimeSaver\scripts\fill-pdf-form-js.js","10/22/2025 8:55:52 PM","5510"
"C:\Users\Shadow\Web-PDFTimeSaver\scripts\install-qpdf.js","10/22/2025 8:55:52 PM","6831"
"C:\Users\Shadow\Web-PDFTimeSaver\scripts\setup-qpdf.ps1","10/22/2025 8:55:52 PM","3759"
"C:\Users\Shadow\Web-PDFTimeSaver\scripts\test-fl105-qpdf-integration.js","10/22/2025 8:55:52 PM","7480"
"C:\Users\Shadow\Web-PDFTimeSaver\scripts\unlock-pdf.php","10/22/2025 8:55:52 PM","3084"
"C:\Users\Shadow\Web-PDFTimeSaver\testfile.txt","10/22/2025 8:55:52 PM","0"
"C:\Users\Shadow\Web-PDFTimeSaver\verify-fixes.php","10/22/2025 8:55:52 PM","1811"
"C:\Users\Shadow\Web-PDFTimeSaver\verify-js-tools.js","10/22/2025 8:55:52 PM","5611"
"C:\Users\Shadow\Web-PDFTimeSaver\view-filled-w9.html","10/22/2025 8:55:52 PM","9743"
"C:\Users\Shadow\Web-PDFTimeSaver\data\temp_1761192172_extraction_details.json","10/22/2025 9:02:53 PM","8991"
"C:\Users\Shadow\Web-PDFTimeSaver\uploads\tesw9_page1_background.png","10/22/2025 9:02:55 PM","121456"
"C:\Users\Shadow\Web-PDFTimeSaver\uploads\tesw9_page2_background.png","10/22/2025 9:02:55 PM","168733"
"C:\Users\Shadow\Web-PDFTimeSaver\uploads\tesw9_page3_background.png","10/22/2025 9:02:55 PM","160777"
"C:\Users\Shadow\Web-PDFTimeSaver\uploads\tesw9_page4_background.png","10/22/2025 9:02:56 PM","157552"
"C:\Users\Shadow\Web-PDFTimeSaver\uploads\tesw9_page5_background.png","10/22/2025 9:02:56 PM","126752"
"C:\Users\Shadow\Web-PDFTimeSaver\uploads\tesw9_page6_background.png","10/22/2025 9:02:57 PM","75992"
"C:\Users\Shadow\Web-PDFTimeSaver\uploads\test_w9_positions.json","10/22/2025 9:02:57 PM","10756"
"C:\Users\Shadow\Web-PDFTimeSaver\data\temp_1761192177_extraction_details.json","10/22/2025 9:02:58 PM","3652"
"C:\Users\Shadow\Web-PDFTimeSaver\uploads\tesfl100_page1_background.png","10/22/2025 9:02:59 PM","83739"
"C:\Users\Shadow\Web-PDFTimeSaver\data\temp_1761192179_extraction_details.json","10/22/2025 9:02:59 PM","3652"
"C:\Users\Shadow\Web-PDFTimeSaver\uploads\test_fl100_positions.json","10/22/2025 9:02:59 PM","3368"
"C:\Users\Shadow\Web-PDFTimeSaver\verify-qpdf-intact.php","10/22/2025 9:03:38 PM","3097"
"C:\Users\Shadow\Web-PDFTimeSaver\fl100-demo.php","10/22/2025 9:03:47 PM","4612"
"C:\Users\Shadow\Web-PDFTimeSaver\.cursor\screenshots\populate-page-fixed.png","10/22/2025 9:14:25 PM","12078"
"C:\Users\Shadow\Web-PDFTimeSaver\.cursor\screenshots\populate-page-scrolled.png","10/22/2025 9:14:39 PM","8119"
"C:\Users\Shadow\Web-PDFTimeSaver\.cursor\screenshots\populate-page-final-verification.png","10/22/2025 9:14:43 PM","23893"
"C:\Users\Shadow\Web-PDFTimeSaver\.cursor\screenshots\populate-page-fixed-custom-fields.png","10/22/2025 9:17:53 PM","18583"
"C:\Users\Shadow\Web-PDFTimeSaver\.cursor\screenshots\populate-page-final-fixed.png","10/22/2025 9:18:15 PM","18583"
"C:\Users\Shadow\Web-PDFTimeSaver\.cursor\screenshots\current-issue.png","10/22/2025 9:21:32 PM","18995"
"C:\Users\Shadow\Web-PDFTimeSaver\.cursor\screenshots\populate-after-cache.png","10/22/2025 9:29:33 PM","12237"
"C:\Users\Shadow\Web-PDFTimeSaver\.cursor\screenshots\custom-fields-after-cache.png","10/22/2025 9:30:00 PM","6790"
"C:\Users\Shadow\Web-PDFTimeSaver\.cursor\screenshots\populate-clean-check.png","10/22/2025 9:38:07 PM","6931"
"C:\Users\Shadow\Web-PDFTimeSaver\.cursor\screenshots\custom-fields-clean-verify.png","10/22/2025 9:38:33 PM","19334"
"C:\Users\Shadow\Web-PDFTimeSaver\mvp\.htaccess","10/22/2025 9:41:56 PM","557"
"C:\Users\Shadow\Web-PDFTimeSaver\how HEAD?.htaccess","10/22/2025 9:43:42 PM","326"
"C:\Users\Shadow\Web-PDFTimeSaver\error.log -Tail 10","10/22/2025 9:57:39 PM","16465"
"C:\Users\Shadow\Web-PDFTimeSaver\.cursor\screenshots\current-custom-fields.png","10/22/2025 9:58:57 PM","6931"
"C:\Users\Shadow\Web-PDFTimeSaver\.cursor\screenshots\custom-fields-bottom.png","10/22/2025 9:58:59 PM","6931"
"C:\Users\Shadow\Web-PDFTimeSaver\.cursor\screenshots\minimal-custom-fields-test.png","10/22/2025 10:00:27 PM","7703"
"C:\Users\Shadow\Web-PDFTimeSaver\.cursor\screenshots\page-source-view.png","10/22/2025 10:02:33 PM","6931"
"C:\Users\Shadow\Web-PDFTimeSaver\.cursor\screenshots\debug-page.png","10/22/2025 10:02:42 PM","12237"
"C:\Users\Shadow\Web-PDFTimeSaver\.cursor\screenshots\final-custom-fields-check.png","10/22/2025 10:03:31 PM","12237"
"C:\Users\Shadow\Web-PDFTimeSaver\.cursor\screenshots\final-fix-verification.png","10/22/2025 10:04:41 PM","12237"
"C:\Users\Shadow\Web-PDFTimeSaver\.cursor\screenshots\after-hard-refresh.png","10/22/2025 10:05:19 PM","19334"
"C:\Users\Shadow\Web-PDFTimeSaver\debug_trace.txt","10/24/2025 10:52:34 PM","45"
"C:\Users\Shadow\Web-PDFTimeSaver\.htaccess","10/25/2025 1:00:36 AM","3750"
"C:\Users\Shadow\Web-PDFTimeSaver\index.php","10/25/2025 1:00:36 AM","578"
"C:\Users\Shadow\Web-PDFTimeSaver\mvp\views\pdf-preview.php","10/25/2025 1:00:39 AM","3500"
"C:\Users\Shadow\Web-PDFTimeSaver\populate_output.html","10/25/2025 1:11:58 AM","47698"
"C:\Users\Shadow\Web-PDFTimeSaver\manage-mvp-sync.bat","10/25/2025 1:36:14 AM","920"
"C:\Users\Shadow\Web-PDFTimeSaver\sync-mvp-to-xampp-hidden.vbs","10/25/2025 2:10:18 AM","127"
"C:\Users\Shadow\Web-PDFTimeSaver\logs\mvp-sync.log","10/25/2025 2:17:37 AM","1328"
"C:\Users\Shadow\Web-PDFTimeSaver\sync-mvp-to-xampp.bat","10/25/2025 2:24:01 AM","536"
"C:\Users\Shadow\Web-PDFTimeSaver\mvp\lib\dynamic_template_generator.php","10/25/2025 2:28:22 AM","8822"
"C:\Users\Shadow\Web-PDFTimeSaver\scripts\process-fl105-with-qpdf.js","10/25/2025 2:31:38 AM","11771"
"C:\Users\Shadow\Web-PDFTimeSaver\scripts\extract-fl105-fields-js.js","10/25/2025 2:31:38 AM","11982"
"C:\Users\Shadow\Web-PDFTimeSaver\temp\fl105_decrypted.pdf","10/25/2025 2:31:51 AM","133662"
"C:\Users\Shadow\Web-PDFTimeSaver\temp\temp_extraction_array.json","10/25/2025 2:31:51 AM","55137"
"C:\Users\Shadow\Web-PDFTimeSaver\data\t_fl105_decrypted_positions.json","10/25/2025 2:32:46 AM","60556"
"C:\Users\Shadow\Web-PDFTimeSaver\data\t_fl105_decrypted_positions_array.json","10/25/2025 2:32:46 AM","55137"
"C:\Users\Shadow\Web-PDFTimeSaver\mvp\templates\registry.php","10/26/2025 1:41:11 AM","2478"
"C:\Users\Shadow\Web-PDFTimeSaver\DESIGN SPECS\draft-clio-complete-audit.md","10/26/2025 2:43:44 AM","14809"
"C:\Users\Shadow\Web-PDFTimeSaver\DESIGN SPECS\ui-components-reference.md","10/26/2025 2:44:11 AM","8493"
"C:\Users\Shadow\Web-PDFTimeSaver\mvp\lib\data.sync-conflict-20251027-023642-6SA55L2.php","10/26/2025 2:54:15 AM","12039"
"C:\Users\Shadow\Web-PDFTimeSaver\mvp\lib\data.sync-conflict-20251027-003537-6SA55L2.php","10/26/2025 2:54:15 AM","12039"
"C:\Users\Shadow\Web-PDFTimeSaver\mvp\lib\file_manager.php","10/26/2025 2:54:15 AM","5602"
"C:\Users\Shadow\Web-PDFTimeSaver\mvp\lib\custom_field_manager.php","10/26/2025 10:22:56 PM","7646"
"C:\Users\Shadow\Web-PDFTimeSaver\mvp\views\breadcrumb.php","10/26/2025 10:41:27 PM","4916"
"C:\Users\Shadow\Web-PDFTimeSaver\mvp\views\drafting.sync-conflict-20251027-011411-VI7LWOX.php","10/26/2025 11:08:13 PM","13730"
"C:\Users\Shadow\Web-PDFTimeSaver\mvp\views\layout_header.sync-conflict-20251027-012113-6SA55L2.php","10/26/2025 11:08:46 PM","30260"
"C:\Users\Shadow\Web-PDFTimeSaver\mvp\views\drafting.php","10/26/2025 11:15:00 PM","13853"
"C:\Users\Shadow\Web-PDFTimeSaver\mvp\views\layout_header.php","10/26/2025 11:15:00 PM","30436"
"C:\Users\Shadow\Web-PDFTimeSaver\debug-template.php","10/27/2025 12:04:41 AM","1700"
"C:\Users\Shadow\Web-PDFTimeSaver\mvp\debug-template.php","10/27/2025 12:04:41 AM","1696"
"C:\Users\Shadow\Web-PDFTimeSaver\mvp\views\populate.php","10/27/2025 12:33:54 AM","10864"
"C:\Users\Shadow\Web-PDFTimeSaver\mvp\lib\data.php","10/27/2025 12:48:00 AM","21631"
"C:\Users\Shadow\Web-PDFTimeSaver\data\temp_1761551517_extraction_details.json","10/27/2025 12:51:58 AM","59876"
"C:\Users\Shadow\Web-PDFTimeSaver\data\t_fl105_gc120_positions.backup_20251108.json","10/27/2025 12:51:58 AM","76096"
"C:\Users\Shadow\Web-PDFTimeSaver\data\mvp.json","10/27/2025 12:51:58 AM","37612"
"C:\Users\Shadow\Web-PDFTimeSaver\config\app.php","10/30/2025 1:26:11 PM","3546"
"C:\Users\Shadow\Web-PDFTimeSaver\mvp\lib\fill_service.php","10/30/2025 1:36:54 PM","4795"
"C:\Users\Shadow\Web-PDFTimeSaver\tests\phpunit.xml","10/30/2025 1:49:22 PM","3022"
"C:\Users\Shadow\Web-PDFTimeSaver\tests\README.md","10/30/2025 1:49:22 PM","11203"
"C:\Users\Shadow\Web-PDFTimeSaver\tests\E2E_GenerateSignWorkflowTest.php","10/30/2025 1:49:22 PM","2487"
"C:\Users\Shadow\Web-PDFTimeSaver\tests\PdfGenerationContentTest.php","10/30/2025 1:49:22 PM","1351"
"C:\Users\Shadow\Web-PDFTimeSaver\tests\PdfCryptoSigningTest.php","10/30/2025 1:49:22 PM","1652"
"C:\Users\Shadow\Web-PDFTimeSaver\tests\PdfQualityControlRegressionTest.php","10/30/2025 1:49:22 PM","3539"
"C:\Users\Shadow\Web-PDFTimeSaver\tests\PdfVisualStampSigningTest.php","10/30/2025 1:49:22 PM","1100"
"C:\Users\Shadow\Web-PDFTimeSaver\tests\pdf_qc_regression_test.php","10/30/2025 1:49:22 PM","3827"
"C:\Users\Shadow\Web-PDFTimeSaver\tests\test_attorney_section_only.php","10/30/2025 1:49:22 PM","2115"
"C:\Users\Shadow\Web-PDFTimeSaver\tests\test_modular_field_system.php","10/30/2025 1:49:22 PM","1185"
"C:\Users\Shadow\Web-PDFTimeSaver\tests\test_field_position_editor.php","10/30/2025 1:49:22 PM","3265"
"C:\Users\Shadow\Web-PDFTimeSaver\tests\fl100_complete_filling_test.php","10/30/2025 1:49:22 PM","7985"
"C:\Users\Shadow\Web-PDFTimeSaver\tests\cross_browser_compatibility_test.php","10/30/2025 1:49:22 PM","21371"
"C:\Users\Shadow\Web-PDFTimeSaver\tests\run_comprehensive_tests.php","10/30/2025 1:49:22 PM","12971"
"C:\Users\Shadow\Web-PDFTimeSaver\tests\accessibility_test.php","10/30/2025 1:49:22 PM","17543"
"C:\Users\Shadow\Web-PDFTimeSaver\tests\performance_large_datasets_test.php","10/30/2025 1:49:22 PM","16532"
"C:\Users\Shadow\Web-PDFTimeSaver\tests\api_routes_test.php","10/30/2025 1:49:22 PM","21153"
"C:\Users\Shadow\Web-PDFTimeSaver\tests\ui_components_test.php","10/30/2025 1:49:22 PM","22048"
"C:\Users\Shadow\Web-PDFTimeSaver\tests\integration_client_project_workflow_test.php","10/30/2025 1:49:23 PM","16078"
"C:\Users\Shadow\Web-PDFTimeSaver\tests\regression_pdf_functionality_test.php","10/30/2025 1:49:23 PM","22097"
"C:\Users\Shadow\Web-PDFTimeSaver\tests\dark_mode_functionality_test.php","10/30/2025 1:49:23 PM","20724"
"C:\Users\Shadow\Web-PDFTimeSaver\tests\mobile_responsiveness_test.php","10/30/2025 1:49:23 PM","20669"
"C:\Users\Shadow\Web-PDFTimeSaver\tests\client_page_test.php","10/30/2025 1:49:23 PM","1065"
"C:\Users\Shadow\Web-PDFTimeSaver\tests\assign_client_test.php","10/30/2025 1:49:23 PM","769"
"C:\Users\Shadow\Web-PDFTimeSaver\tests\dom_assertions_test.php","10/30/2025 1:49:23 PM","2994"
"C:\Users\Shadow\Web-PDFTimeSaver\tests\registry_schema_test.php","10/30/2025 1:49:23 PM","901"
"C:\Users\Shadow\Web-PDFTimeSaver\tests\run_all.php","10/30/2025 1:49:23 PM","683"
"C:\Users\Shadow\Web-PDFTimeSaver\tests\ui_render_test.php","10/30/2025 1:49:23 PM","1838"
"C:\Users\Shadow\Web-PDFTimeSaver\tests\mvp_test.php","10/30/2025 1:49:23 PM","2315"
"C:\Users\Shadow\Web-PDFTimeSaver\test-auto-init.php","10/30/2025 1:49:23 PM","1"
"C:\Users\Shadow\Web-PDFTimeSaver\test-field-extraction.php","10/30/2025 1:49:23 PM","1"
"C:\Users\Shadow\Web-PDFTimeSaver\test-rescan.php","10/30/2025 1:49:23 PM","1"
"C:\Users\Shadow\Web-PDFTimeSaver\test-populate-fix.php","10/30/2025 1:49:23 PM","1"
"C:\Users\Shadow\Web-PDFTimeSaver\test-template-generation.php","10/30/2025 1:49:23 PM","1106"
"C:\Users\Shadow\Web-PDFTimeSaver\test-positions.php","10/30/2025 1:49:23 PM","794"
"C:\Users\Shadow\Web-PDFTimeSaver\test-template-debug.php","10/30/2025 1:49:23 PM","1860"
"C:\Users\Shadow\Web-PDFTimeSaver\real-functionality-test.php","10/30/2025 1:49:23 PM","2637"
"C:\Users\Shadow\Web-PDFTimeSaver\mvp-test-suite.php","10/30/2025 1:49:23 PM","6117"
"C:\Users\Shadow\Web-PDFTimeSaver\test-universal-processor.php","10/30/2025 1:49:23 PM","2744"
"C:\Users\Shadow\Web-PDFTimeSaver\test-universal-direct.php","10/30/2025 1:49:23 PM","3023"
"C:\Users\Shadow\Web-PDFTimeSaver\test-template-loading.php","10/30/2025 1:49:23 PM","862"
"C:\Users\Shadow\Web-PDFTimeSaver\test-suite.php","10/30/2025 1:49:23 PM","12808"
"C:\Users\Shadow\Web-PDFTimeSaver\test-proper-positions.php","10/30/2025 1:49:23 PM","1"
"C:\Users\Shadow\Web-PDFTimeSaver\test-pdfparser-w9.php","10/30/2025 1:49:23 PM","2816"
"C:\Users\Shadow\Web-PDFTimeSaver\test-fl105-demo.php","10/30/2025 1:49:23 PM","12761"
"C:\Users\Shadow\Web-PDFTimeSaver\test-fl100-positions.php","10/30/2025 1:49:23 PM","1"
"C:\Users\Shadow\Web-PDFTimeSaver\test-fl100-fields.php","10/30/2025 1:49:23 PM","6365"
"C:\Users\Shadow\Web-PDFTimeSaver\test-extraction-suite.php","10/30/2025 1:49:23 PM","15472"
"C:\Users\Shadow\Web-PDFTimeSaver\test-extracted-positions.php","10/30/2025 1:49:23 PM","1"
"C:\Users\Shadow\Web-PDFTimeSaver\simple-test.php","10/30/2025 1:49:23 PM","1160"
"C:\Users\Shadow\Web-PDFTimeSaver\comprehensive-test-suite.php","10/30/2025 1:49:23 PM","11026"
"C:\Users\Shadow\Web-PDFTimeSaver\execute-fl105-tests.php","10/30/2025 1:49:23 PM","5776"
"C:\Users\Shadow\Web-PDFTimeSaver\generate-test-pdf-now.php","10/30/2025 1:49:23 PM","5215"
"C:\Users\Shadow\Web-PDFTimeSaver\generate-test-backgrounds.php","10/30/2025 1:49:23 PM","1250"
"C:\Users\Shadow\Web-PDFTimeSaver\get-fl105-test-data.php","10/30/2025 1:49:23 PM","295"
"C:\Users\Shadow\Web-PDFTimeSaver\browser-test-suite.html","10/30/2025 1:49:23 PM","20104"
"C:\Users\Shadow\Web-PDFTimeSaver\.sync-conflict-20251012-143456-6SA55L2.gitignore","10/30/2025 1:49:25 PM","48"
"C:\Users\Shadow\Web-PDFTimeSaver\.sync-conflict-20251012-163517-6SA55L2.gitignore","10/30/2025 1:49:25 PM","48"
"C:\Users\Shadow\Web-PDFTimeSaver\.sync-conflict-20251012-143455-6SA55L2.htaccess","10/30/2025 1:49:25 PM","1"
"C:\Users\Shadow\Web-PDFTimeSaver\.sync-conflict-20251012-163506-6SA55L2.htaccess","10/30/2025 1:49:25 PM","1"
"C:\Users\Shadow\Web-PDFTimeSaver\scripts\cleanup-sync-conflicts.sync-conflict-20251012-163507-6SA55L2.ps1","10/30/2025 1:49:25 PM","320"
"C:\Users\Shadow\Web-PDFTimeSaver\scripts\cleanup-sync-conflicts.sync-conflict-20251012-143451-6SA55L2.ps1","10/30/2025 1:49:25 PM","320"
"C:\Users\Shadow\Web-PDFTimeSaver\mcp-server\package-lock.sync-conflict-20251012-163515-6SA55L2.json","10/30/2025 1:49:25 PM","1443"
"C:\Users\Shadow\Web-PDFTimeSaver\mvp\views\layout_footer.php","10/30/2025 1:55:28 PM","23897"
"C:\Users\Shadow\Web-PDFTimeSaver\scripts\generate-overlay-html.js","10/30/2025 2:05:23 PM","9153"
"C:\Users\Shadow\Web-PDFTimeSaver\data\t_w9_ui_positions.json","10/30/2025 2:23:34 PM","23890"
"C:\Users\Shadow\Web-PDFTimeSaver\data\t_w9_ui_extraction_details.json","10/30/2025 2:23:34 PM","22275"
"C:\Users\Shadow\Web-PDFTimeSaver\data\t_w9_ui_verification_report.json","10/30/2025 2:23:35 PM","31958"
"C:\Users\Shadow\Web-PDFTimeSaver\scripts\methods\pdfjs-text-extractor.js","10/30/2025 2:26:23 PM","8277"
"C:\Users\Shadow\Web-PDFTimeSaver\scripts\auto-verify-positions.js","10/30/2025 2:26:23 PM","7724"
"C:\Users\Shadow\Web-PDFTimeSaver\demo-pdflib-pdfjs-integration.html","10/30/2025 2:31:45 PM","25319"
"C:\Users\Shadow\Web-PDFTimeSaver\data\mvp_test.json","10/31/2025 1:30:10 PM","24979"
"C:\Users\Shadow\Web-PDFTimeSaver\INSTALLATION.md","11/7/2025 4:19:48 AM","9955"
"C:\Users\Shadow\Web-PDFTimeSaver\QPDF_GHOSTSCRIPT_INTEGRATION.md","11/7/2025 4:19:49 AM","5585"
"C:\Users\Shadow\Web-PDFTimeSaver\FUNCTIONALITY_QUICK_REFERENCE.md","11/7/2025 4:22:04 AM","4253"
"C:\Users\Shadow\Web-PDFTimeSaver\data\temp_1762518209_extraction_details.json","11/7/2025 4:23:30 AM","12980"
"C:\Users\Shadow\Web-PDFTimeSaver\data\temp_1762518209_verification_report.json","11/7/2025 4:23:30 AM","18531"
"C:\Users\Shadow\Web-PDFTimeSaver\data\temp_1762518210_extraction_details.json","11/7/2025 4:23:31 AM","10641"
"C:\Users\Shadow\Web-PDFTimeSaver\data\temp_1762518210_verification_report.json","11/7/2025 4:23:31 AM","14908"
"C:\Users\Shadow\Web-PDFTimeSaver\TEST_RESULTS_QPDF_GHOSTSCRIPT.md","11/7/2025 4:24:39 AM","6433"
"C:\Users\Shadow\Web-PDFTimeSaver\test-qpdf-ghostscript-integration.php","11/7/2025 4:24:39 AM","11435"
"C:\Users\Shadow\Web-PDFTimeSaver\INTEGRATION_SUMMARY.md","11/7/2025 4:24:39 AM","3246"
"C:\Users\Shadow\Web-PDFTimeSaver\FUNCTIONALITY_DOCUMENTATION.md","11/7/2025 4:24:39 AM","17071"
"C:\Users\Shadow\Web-PDFTimeSaver\TESTING_COMPLETE_SUMMARY.md","11/7/2025 4:24:39 AM","3376"
"C:\Users\Shadow\Web-PDFTimeSaver\test-position-accuracy.php","11/7/2025 4:26:59 AM","8894"
"C:\Users\Shadow\Web-PDFTimeSaver\test-position-accuracy-detailed.php","11/7/2025 4:30:21 AM","5240"
"C:\Users\Shadow\Web-PDFTimeSaver\test-field-name-mapping.php","11/7/2025 4:30:21 AM","5158"
"C:\Users\Shadow\Web-PDFTimeSaver\POSITION_ACCURACY_ANALYSIS.md","11/7/2025 4:30:21 AM","6014"
"C:\Users\Shadow\Web-PDFTimeSaver\POSITION_ACCURACY_EXPLANATION.md","11/7/2025 4:30:21 AM","5613"
"C:\Users\Shadow\Web-PDFTimeSaver\mvp\views\preview.php","11/7/2025 4:33:12 AM","14585"
"C:\Users\Shadow\Web-PDFTimeSaver\FONT_SELECTION_FEATURE.md","11/7/2025 4:33:12 AM","5850"
"C:\Users\Shadow\Web-PDFTimeSaver\config\fonts.php","11/7/2025 4:37:33 AM","3354"
"C:\Users\Shadow\Web-PDFTimeSaver\mvp\lib\font_manager.php","11/7/2025 4:37:33 AM","9106"
"C:\Users\Shadow\Web-PDFTimeSaver\mvp\lib\field_fillers\ReliefFieldFiller.php","11/7/2025 4:37:33 AM","4255"
"C:\Users\Shadow\Web-PDFTimeSaver\mvp\lib\field_fillers\ChildrenFieldFiller.php","11/7/2025 4:37:33 AM","2347"
"C:\Users\Shadow\Web-PDFTimeSaver\mvp\lib\field_fillers\CourtFieldFiller.php","11/7/2025 4:37:33 AM","5320"
"C:\Users\Shadow\Web-PDFTimeSaver\mvp\lib\field_fillers\PartyFieldFiller.php","11/7/2025 4:37:33 AM","4255"
"C:\Users\Shadow\Web-PDFTimeSaver\mvp\lib\field_fillers\AttorneyFieldFiller.php","11/7/2025 4:37:33 AM","6234"
"C:\Users\Shadow\Web-PDFTimeSaver\UNIVERSAL_FONT_SYSTEM.md","11/7/2025 4:37:33 AM","7543"
"C:\Users\Shadow\Web-PDFTimeSaver\mvp\views\font-settings.php","11/7/2025 4:41:44 AM","16256"
"C:\Users\Shadow\Web-PDFTimeSaver\UNIVERSAL_FONT_SYSTEM_COMPLETE.md","11/7/2025 4:41:44 AM","5675"
"C:\Users\Shadow\Web-PDFTimeSaver\output\mvp_20251107_140547_t_fl100_gc120_positioned.pdf","11/7/2025 5:05:47 AM","167052"
"C:\Users\Shadow\Web-PDFTimeSaver\FL100_GENERATION_RESULTS.md","11/7/2025 5:06:26 AM","3821"
"C:\Users\Shadow\Web-PDFTimeSaver\test-fl100-generation.php","11/7/2025 5:06:26 AM","5292"
"C:\Users\Shadow\Web-PDFTimeSaver\test-position-debug.php","11/7/2025 5:07:01 AM","4841"
"C:\Users\Shadow\Web-PDFTimeSaver\output\mvp_20251107_140734_t_fl100_gc120_positioned.pdf","11/7/2025 5:07:34 AM","172687"
"C:\Users\Shadow\Web-PDFTimeSaver\output\mvp_20251107_140831_t_fl100_gc120_positioned.pdf","11/7/2025 5:08:31 AM","172687"
"C:\Users\Shadow\Web-PDFTimeSaver\POSITION_FIX_SUMMARY.md","11/7/2025 5:09:26 AM","1785"
"C:\Users\Shadow\Web-PDFTimeSaver\mvp\lib\universal_font_applier.php","11/7/2025 5:09:36 AM","2809"
"C:\Users\Shadow\Web-PDFTimeSaver\test-coordinate-system.php","11/7/2025 5:10:43 AM","4515"
"C:\Users\Shadow\Web-PDFTimeSaver\output\mvp_20251107_141201_t_fl100_gc120_positioned.pdf","11/7/2025 5:12:01 AM","172687"
"C:\Users\Shadow\Web-PDFTimeSaver\output\mvp_20251107_141225_t_fl100_gc120_positioned.pdf","11/7/2025 5:12:25 AM","172687"
"C:\Users\Shadow\Web-PDFTimeSaver\output\mvp_20251107_141249_t_fl100_gc120_positioned.pdf","11/7/2025 5:12:49 AM","167052"
"C:\Users\Shadow\Web-PDFTimeSaver\output\mvp_20251107_141318_t_fl100_gc120_positioned.pdf","11/7/2025 5:13:18 AM","167052"
"C:\Users\Shadow\Web-PDFTimeSaver\verify-positions.php","11/7/2025 5:13:42 AM","3869"
"C:\Users\Shadow\Web-PDFTimeSaver\verify-coordinates.php","11/7/2025 5:15:10 AM","5678"
"C:\Users\Shadow\Web-PDFTimeSaver\output\mvp_20251107_141654_t_fl100_gc120_positioned.pdf","11/7/2025 5:16:54 AM","167052"
"C:\Users\Shadow\Web-PDFTimeSaver\mvp\visual-field-editor.php","11/7/2025 5:30:51 AM","37417"
"C:\Users\Shadow\Web-PDFTimeSaver\mvp\verify-positions.php","11/7/2025 5:34:54 AM","4998"
"C:\Users\Shadow\Web-PDFTimeSaver\mvp\VERIFICATION_GUIDE.md","11/7/2025 5:34:54 AM","5668"
"C:\Users\Shadow\Web-PDFTimeSaver\mvp\lib\position_verifier.php","11/7/2025 5:34:54 AM","20281"
"C:\Users\Shadow\Web-PDFTimeSaver\mvp\verify-positions-web.php","11/7/2025 5:34:54 AM","14614"
"C:\Users\Shadow\Web-PDFTimeSaver\mvp\VERIFICATION_SUMMARY.md","11/7/2025 5:34:54 AM","2908"
"C:\Users\Shadow\Web-PDFTimeSaver\mvp\verify-positions-simple.sync-conflict-20251107-074745-VI7LWOX.php","11/7/2025 5:44:28 AM","8602"
"C:\Users\Shadow\Web-PDFTimeSaver\mvp\test-debug-generator.sync-conflict-20251107-054931-6SA55L2.php","11/7/2025 5:44:34 AM","1633"
"C:\Users\Shadow\Web-PDFTimeSaver\mvp\lib\position_debug_generator.php","11/7/2025 6:00:22 AM","10833"
"C:\Users\Shadow\Web-PDFTimeSaver\mvp\auto-extract-helper.php","11/7/2025 6:35:11 AM","1367"
"C:\Users\Shadow\Web-PDFTimeSaver\mvp\regenerate-positions.php","11/7/2025 6:35:11 AM","3212"
"C:\Users\Shadow\Web-PDFTimeSaver\mvp\views\extract_fields.php","11/7/2025 6:43:53 AM","11238"
"C:\Users\Shadow\Web-PDFTimeSaver\mvp\index.sync-conflict-20251107-085245-VI7LWOX.php","11/7/2025 6:47:07 AM","55446"
"C:\Users\Shadow\Web-PDFTimeSaver\mvp\index.sync-conflict-20251107-085735-6SA55L2.php","11/7/2025 6:52:11 AM","56043"
"C:\Users\Shadow\Web-PDFTimeSaver\output\w9_test_download.pdf","11/7/2025 6:55:04 AM","29107"
"C:\Users\Shadow\Web-PDFTimeSaver\output\w9_filled_20251107_065710.pdf","11/7/2025 6:57:10 AM","29107"
"C:\Users\Shadow\Web-PDFTimeSaver\mvp\index.sync-conflict-20251107-071401-6SA55L2.php","11/7/2025 6:57:19 AM","56783"
"C:\Users\Shadow\Web-PDFTimeSaver\output\w9_debug_20251107_065800.pdf","11/7/2025 6:58:00 AM","29107"
"C:\Users\Shadow\Web-PDFTimeSaver\output\w9_final_20251107_070109.pdf","11/7/2025 7:01:09 AM","29107"
"C:\Users\Shadow\Web-PDFTimeSaver\output\w9_correct_20251107_070205.pdf","11/7/2025 7:02:05 AM","29107"
"C:\Users\Shadow\Web-PDFTimeSaver\output\w9_FIXED_20251107_070234.pdf","11/7/2025 7:02:34 AM","29107"
"C:\Users\Shadow\Web-PDFTimeSaver\output\w9_WITH_DATA_20251107_070602.pdf","11/7/2025 7:06:02 AM","29107"
"C:\Users\Shadow\Web-PDFTimeSaver\output\w9_CORRECT_20251107_070631.pdf","11/7/2025 7:06:31 AM","29107"
"C:\Users\Shadow\Web-PDFTimeSaver\output\w9_FINAL_20251107_070653.pdf","11/7/2025 7:06:53 AM","29107"
"C:\Users\Shadow\Web-PDFTimeSaver\output\w9_WORKING_20251107_070713.pdf","11/7/2025 7:07:13 AM","120684"
"C:\Users\Shadow\Web-PDFTimeSaver\output\w9_COMPLETE_20251107_070736.pdf","11/7/2025 7:07:36 AM","120684"
"C:\Users\Shadow\Web-PDFTimeSaver\output\w9_FINAL_TEST_20251107_070818.pdf","11/7/2025 7:08:18 AM","120684"
"C:\Users\Shadow\Web-PDFTimeSaver\output\w9_VERIFIED_20251107_070914.pdf","11/7/2025 7:09:14 AM","120684"
"C:\Users\Shadow\Web-PDFTimeSaver\output\w9_SUCCESS_20251107_070958.pdf","11/7/2025 7:09:58 AM","120684"
"C:\Users\Shadow\Web-PDFTimeSaver\output\fl100_FILLED_20251107_071207.pdf","11/7/2025 7:12:07 AM","30289"
"C:\Users\Shadow\Web-PDFTimeSaver\output\fl100_COMPLETE_20251107_071223.pdf","11/7/2025 7:12:23 AM","30289"
"C:\Users\Shadow\Web-PDFTimeSaver\output\fl100_WITH_DATA_20251107_071614.pdf","11/7/2025 7:16:14 AM","132925"
"C:\Users\Shadow\Web-PDFTimeSaver\output\fl100_FINAL_20251107_071630.pdf","11/7/2025 7:16:30 AM","132925"
"C:\Users\Shadow\Web-PDFTimeSaver\scripts\utils\coordinate-validator.js","11/7/2025 7:25:53 AM","11315"
"C:\Users\Shadow\Web-PDFTimeSaver\package-lock.json","11/7/2025 7:27:51 AM","65256"
"C:\Users\Shadow\Web-PDFTimeSaver\output\fl100_COMPLETE_TEST_20251107_073035.pdf","11/7/2025 7:30:35 AM","132207"
"C:\Users\Shadow\Web-PDFTimeSaver\output\fl100_FIXED_20251107_073303.pdf","11/7/2025 7:33:03 AM","132342"
"C:\Users\Shadow\Web-PDFTimeSaver\mvp\lib\field_name_mapper.php","11/7/2025 7:33:26 AM","16135"
"C:\Users\Shadow\Web-PDFTimeSaver\temp\test_decrypt.pdf","11/7/2025 7:39:39 AM","184730"
"C:\Users\Shadow\Web-PDFTimeSaver\mvp\data\t_fl100_gc120_verification_report.json","11/7/2025 7:39:56 AM","2077"
"C:\Users\Shadow\Web-PDFTimeSaver\test-php-extract.php","11/7/2025 7:40:53 AM","536"
"C:\Users\Shadow\Web-PDFTimeSaver\data\temp_1762530114_extraction_details.json","11/7/2025 7:41:56 AM","1845"
"C:\Users\Shadow\Web-PDFTimeSaver\data\temp_1762530114_verification_report.json","11/7/2025 7:41:56 AM","2088"
"C:\Users\Shadow\Web-PDFTimeSaver\test-decrypted-fields.js","11/7/2025 7:43:45 AM","1142"
"C:\Users\Shadow\Web-PDFTimeSaver\extract-fl100-direct.php","11/7/2025 7:43:45 AM","2263"
"C:\Users\Shadow\Web-PDFTimeSaver\scripts\methods\qpdf-decrypt-extractor.js","11/7/2025 7:43:45 AM","6429"
"C:\Users\Shadow\Web-PDFTimeSaver\data\t_fl100_gc120_verification_report.sync-conflict-20251107-094946-6SA55L2.json","11/7/2025 7:45:29 AM","46195"
"C:\Users\Shadow\Web-PDFTimeSaver\output\fl100_REGENERATED_20251107_074556.pdf","11/7/2025 7:45:56 AM","132303"
"C:\Users\Shadow\Web-PDFTimeSaver\test-widget-rect.js","11/7/2025 7:47:36 AM","3424"
"C:\Users\Shadow\Web-PDFTimeSaver\output\fl100_FIXED_COORDS_20251107_074852.pdf","11/7/2025 7:48:52 AM","132249"
"C:\Users\Shadow\Web-PDFTimeSaver\test-rect-extract.js","11/7/2025 7:49:15 AM","2055"
"C:\Users\Shadow\Web-PDFTimeSaver\output\fl100_VERIFIED_20251107_075003.pdf","11/7/2025 7:50:03 AM","132303"
"C:\Users\Shadow\Web-PDFTimeSaver\mvp\verify-positions-simple.php","11/7/2025 7:51:49 AM","12568"
"C:\Users\Shadow\Web-PDFTimeSaver\output\fl100_VERIFY_20251107_075215.pdf","11/7/2025 7:52:15 AM","132303"
"C:\Users\Shadow\Web-PDFTimeSaver\output\fl100_FIXED_20251107_075300.pdf","11/7/2025 7:53:00 AM","132303"
"C:\Users\Shadow\Web-PDFTimeSaver\output\fl100_VERIFIED_20251107_075343.pdf","11/7/2025 7:53:43 AM","132427"
"C:\Users\Shadow\Web-PDFTimeSaver\mvp\views\automated_verification.php","11/7/2025 8:00:53 AM","4750"
"C:\Users\Shadow\Web-PDFTimeSaver\scripts\automated-verify.sh","11/7/2025 8:00:53 AM","463"
"C:\Users\Shadow\Web-PDFTimeSaver\mvp\automated-verify-endpoint.php","11/7/2025 8:00:53 AM","985"
"C:\Users\Shadow\Web-PDFTimeSaver\AUTOMATED_VERIFICATION_README.md","11/7/2025 8:00:53 AM","4404"
"C:\Users\Shadow\Web-PDFTimeSaver\scripts\automated-verify.bat","11/7/2025 8:00:53 AM","653"
"C:\Users\Shadow\Web-PDFTimeSaver\output\mvp_20251107_170214_t_fl100_gc120_positioned.pdf","11/7/2025 8:02:14 AM","132580"
"C:\Users\Shadow\Web-PDFTimeSaver\output\verification\debug_t_fl100_gc120_20251107_170214.pdf","11/7/2025 8:02:14 AM","29107"
"C:\Users\Shadow\Web-PDFTimeSaver\output\verification\report_t_fl100_gc120_20251107_170214.json","11/7/2025 8:02:14 AM","61965"
"C:\Users\Shadow\Web-PDFTimeSaver\output\verification\report_t_fl100_gc120_20251107_170214.html","11/7/2025 8:02:14 AM","3138"
"C:\Users\Shadow\Web-PDFTimeSaver\output\mvp_20251107_170237_t_fl100_gc120_positioned.pdf","11/7/2025 8:02:37 AM","132580"
"C:\Users\Shadow\Web-PDFTimeSaver\output\verification\debug_t_fl100_gc120_20251107_170237.pdf","11/7/2025 8:02:37 AM","29107"
"C:\Users\Shadow\Web-PDFTimeSaver\output\verification\report_t_fl100_gc120_20251107_170237.json","11/7/2025 8:02:37 AM","62697"
"C:\Users\Shadow\Web-PDFTimeSaver\output\verification\report_t_fl100_gc120_20251107_170237.html","11/7/2025 8:02:37 AM","2343"
"C:\Users\Shadow\Web-PDFTimeSaver\output\mvp_20251107_170315_t_fl100_gc120_positioned.pdf","11/7/2025 8:03:15 AM","132580"
"C:\Users\Shadow\Web-PDFTimeSaver\output\verification\debug_t_fl100_gc120_20251107_170315.pdf","11/7/2025 8:03:15 AM","29107"
"C:\Users\Shadow\Web-PDFTimeSaver\output\verification\report_t_fl100_gc120_20251107_170315.json","11/7/2025 8:03:15 AM","62803"
"C:\Users\Shadow\Web-PDFTimeSaver\output\verification\report_t_fl100_gc120_20251107_170315.html","11/7/2025 8:03:15 AM","2346"
"C:\Users\Shadow\Web-PDFTimeSaver\mvp\verify-pdf.php","11/7/2025 8:03:36 AM","1746"
"C:\Users\Shadow\Web-PDFTimeSaver\output\mvp_20251107_171151_t_fl100_gc120_positioned.pdf","11/7/2025 8:11:51 AM","132580"
"C:\Users\Shadow\Web-PDFTimeSaver\output\verification\debug_t_fl100_gc120_20251107_171151.pdf","11/7/2025 8:11:51 AM","29107"
"C:\Users\Shadow\Web-PDFTimeSaver\output\verification\report_t_fl100_gc120_20251107_171151.json","11/7/2025 8:11:51 AM","62803"
"C:\Users\Shadow\Web-PDFTimeSaver\output\verification\report_t_fl100_gc120_20251107_171151.html","11/7/2025 8:11:51 AM","2346"
"C:\Users\Shadow\Web-PDFTimeSaver\output\mvp_20251107_171151_t_w9_positioned.pdf","11/7/2025 8:11:51 AM","445715"
"C:\Users\Shadow\Web-PDFTimeSaver\output\verification\debug_t_w9_20251107_171151.pdf","11/7/2025 8:11:51 AM","1342"
"C:\Users\Shadow\Web-PDFTimeSaver\output\verification\report_t_w9_20251107_171151.json","11/7/2025 8:11:51 AM","19817"
"C:\Users\Shadow\Web-PDFTimeSaver\output\verification\report_t_w9_20251107_171151.html","11/7/2025 8:11:51 AM","4044"
"C:\Users\Shadow\Web-PDFTimeSaver\output\mvp_20251107_171151_t_fl105_gc120_positioned.pdf","11/7/2025 8:11:51 AM","77665"
"C:\Users\Shadow\Web-PDFTimeSaver\output\verification\debug_t_fl105_gc120_20251107_171151.pdf","11/7/2025 8:11:51 AM","1342"
"C:\Users\Shadow\Web-PDFTimeSaver\output\verification\report_t_fl105_gc120_20251107_171151.json","11/7/2025 8:11:51 AM","114132"
"C:\Users\Shadow\Web-PDFTimeSaver\output\verification\report_t_fl105_gc120_20251107_171151.html","11/7/2025 8:11:51 AM","2997"
"C:\Users\Shadow\Web-PDFTimeSaver\output\mvp_20251107_171224_t_fl100_positioned.pdf","11/7/2025 8:12:24 AM","167567"
"C:\Users\Shadow\Web-PDFTimeSaver\output\verification\debug_t_fl100_20251107_171224.pdf","11/7/2025 8:12:24 AM","2789"
"C:\Users\Shadow\Web-PDFTimeSaver\output\verification\report_t_fl100_20251107_171224.json","11/7/2025 8:12:24 AM","14816"
"C:\Users\Shadow\Web-PDFTimeSaver\output\verification\report_t_fl100_20251107_171224.html","11/7/2025 8:12:24 AM","1776"
"C:\Users\Shadow\Web-PDFTimeSaver\output\mvp_20251107_171224_t_fl100_demo_positioned.pdf","11/7/2025 8:12:24 AM","166858"
"C:\Users\Shadow\Web-PDFTimeSaver\output\verification\debug_t_fl100_demo_20251107_171224.pdf","11/7/2025 8:12:24 AM","1616"
"C:\Users\Shadow\Web-PDFTimeSaver\output\verification\report_t_fl100_demo_20251107_171224.json","11/7/2025 8:12:24 AM","10366"
"C:\Users\Shadow\Web-PDFTimeSaver\output\verification\report_t_fl100_demo_20251107_171224.html","11/7/2025 8:12:24 AM","3208"
"C:\Users\Shadow\Web-PDFTimeSaver\output\mvp_20251107_171224_t_fl100_gc120_positioned.pdf","11/7/2025 8:12:24 AM","132580"
"C:\Users\Shadow\Web-PDFTimeSaver\output\verification\debug_t_fl100_gc120_20251107_171224.pdf","11/7/2025 8:12:24 AM","29107"
"C:\Users\Shadow\Web-PDFTimeSaver\output\verification\report_t_fl100_gc120_20251107_171224.json","11/7/2025 8:12:24 AM","62803"
"C:\Users\Shadow\Web-PDFTimeSaver\output\verification\report_t_fl100_gc120_20251107_171224.html","11/7/2025 8:12:24 AM","2346"
"C:\Users\Shadow\Web-PDFTimeSaver\output\mvp_20251107_171224_t_fl100_real_qpdf_positioned.pdf","11/7/2025 8:12:24 AM","166775"
"C:\Users\Shadow\Web-PDFTimeSaver\output\verification\debug_t_fl100_real_qpdf_20251107_171224.pdf","11/7/2025 8:12:24 AM","1342"
"C:\Users\Shadow\Web-PDFTimeSaver\output\verification\report_t_fl100_real_qpdf_20251107_171224.json","11/7/2025 8:12:24 AM","107954"
"C:\Users\Shadow\Web-PDFTimeSaver\output\verification\report_t_fl100_real_qpdf_20251107_171224.html","11/7/2025 8:12:24 AM","2573"
"C:\Users\Shadow\Web-PDFTimeSaver\output\mvp_20251107_171225_t_fl100_test_positioned.pdf","11/7/2025 8:12:25 AM","166858"
"C:\Users\Shadow\Web-PDFTimeSaver\output\verification\debug_t_fl100_test_20251107_171225.pdf","11/7/2025 8:12:25 AM","1616"
"C:\Users\Shadow\Web-PDFTimeSaver\output\verification\report_t_fl100_test_20251107_171225.json","11/7/2025 8:12:25 AM","10366"
"C:\Users\Shadow\Web-PDFTimeSaver\output\verification\report_t_fl100_test_20251107_171225.html","11/7/2025 8:12:25 AM","3208"
"C:\Users\Shadow\Web-PDFTimeSaver\output\mvp_20251107_171225_t_fl100_with_qpdf_positioned.pdf","11/7/2025 8:12:25 AM","166858"
"C:\Users\Shadow\Web-PDFTimeSaver\output\verification\debug_t_fl100_with_qpdf_20251107_171225.pdf","11/7/2025 8:12:25 AM","1616"
"C:\Users\Shadow\Web-PDFTimeSaver\output\verification\report_t_fl100_with_qpdf_20251107_171225.json","11/7/2025 8:12:25 AM","10381"
"C:\Users\Shadow\Web-PDFTimeSaver\output\verification\report_t_fl100_with_qpdf_20251107_171225.html","11/7/2025 8:12:25 AM","3218"
"C:\Users\Shadow\Web-PDFTimeSaver\output\mvp_20251107_171225_t_fl105_decrypted_positioned.pdf","11/7/2025 8:12:25 AM","77665"
"C:\Users\Shadow\Web-PDFTimeSaver\output\verification\debug_t_fl105_decrypted_20251107_171225.pdf","11/7/2025 8:12:25 AM","1342"
"C:\Users\Shadow\Web-PDFTimeSaver\output\verification\report_t_fl105_decrypted_20251107_171225.json","11/7/2025 8:12:25 AM","107484"
"C:\Users\Shadow\Web-PDFTimeSaver\output\verification\report_t_fl105_decrypted_20251107_171225.html","11/7/2025 8:12:25 AM","3005"
"C:\Users\Shadow\Web-PDFTimeSaver\output\mvp_20251107_171225_t_fl105_gc120_positioned.pdf","11/7/2025 8:12:25 AM","77665"
"C:\Users\Shadow\Web-PDFTimeSaver\output\verification\debug_t_fl105_gc120_20251107_171225.pdf","11/7/2025 8:12:25 AM","1342"
"C:\Users\Shadow\Web-PDFTimeSaver\output\verification\report_t_fl105_gc120_20251107_171225.json","11/7/2025 8:12:25 AM","114132"
"C:\Users\Shadow\Web-PDFTimeSaver\output\verification\report_t_fl105_gc120_20251107_171225.html","11/7/2025 8:12:25 AM","2997"
"C:\Users\Shadow\Web-PDFTimeSaver\output\mvp_20251107_171225_t_fl105_real_qpdf_positioned.pdf","11/7/2025 8:12:25 AM","77665"
"C:\Users\Shadow\Web-PDFTimeSaver\output\verification\debug_t_fl105_real_qpdf_20251107_171225.pdf","11/7/2025 8:12:25 AM","1342"
"C:\Users\Shadow\Web-PDFTimeSaver\output\verification\report_t_fl105_real_qpdf_20251107_171225.json","11/7/2025 8:12:25 AM","107484"
"C:\Users\Shadow\Web-PDFTimeSaver\output\verification\report_t_fl105_real_qpdf_20251107_171225.html","11/7/2025 8:12:25 AM","3005"
"C:\Users\Shadow\Web-PDFTimeSaver\output\mvp_20251107_171225_t_php_test_positioned.pdf","11/7/2025 8:12:26 AM","445715"
"C:\Users\Shadow\Web-PDFTimeSaver\output\verification\debug_t_php_test_20251107_171226.pdf","11/7/2025 8:12:26 AM","1342"
"C:\Users\Shadow\Web-PDFTimeSaver\output\verification\report_t_php_test_20251107_171226.json","11/7/2025 8:12:26 AM","18846"
"C:\Users\Shadow\Web-PDFTimeSaver\output\verification\report_t_php_test_20251107_171226.html","11/7/2025 8:12:26 AM","4056"
"C:\Users\Shadow\Web-PDFTimeSaver\output\mvp_20251107_171226_t_test_coords_positioned.pdf","11/7/2025 8:12:26 AM","1938"
"C:\Users\Shadow\Web-PDFTimeSaver\output\verification\debug_t_test_coords_20251107_171226.pdf","11/7/2025 8:12:26 AM","1342"
"C:\Users\Shadow\Web-PDFTimeSaver\output\verification\report_t_test_coords_20251107_171226.json","11/7/2025 8:12:26 AM","18855"
"C:\Users\Shadow\Web-PDFTimeSaver\output\verification\report_t_test_coords_20251107_171226.html","11/7/2025 8:12:26 AM","4062"
"C:\Users\Shadow\Web-PDFTimeSaver\output\mvp_20251107_171226_t_w9_positioned.pdf","11/7/2025 8:12:26 AM","445715"
"C:\Users\Shadow\Web-PDFTimeSaver\output\verification\debug_t_w9_20251107_171226.pdf","11/7/2025 8:12:26 AM","1342"
"C:\Users\Shadow\Web-PDFTimeSaver\output\verification\report_t_w9_20251107_171226.json","11/7/2025 8:12:26 AM","19817"
"C:\Users\Shadow\Web-PDFTimeSaver\output\verification\report_t_w9_20251107_171226.html","11/7/2025 8:12:26 AM","4044"
"C:\Users\Shadow\Web-PDFTimeSaver\output\mvp_20251107_171226_t_w9_cli_test_positioned.pdf","11/7/2025 8:12:26 AM","445712"
"C:\Users\Shadow\Web-PDFTimeSaver\output\verification\debug_t_w9_cli_test_20251107_171226.pdf","11/7/2025 8:12:26 AM","1342"
"C:\Users\Shadow\Web-PDFTimeSaver\output\verification\report_t_w9_cli_test_20251107_171226.json","11/7/2025 8:12:26 AM","15433"
"C:\Users\Shadow\Web-PDFTimeSaver\output\verification\report_t_w9_cli_test_20251107_171226.html","11/7/2025 8:12:26 AM","4062"
"C:\Users\Shadow\Web-PDFTimeSaver\output\mvp_20251107_171226_t_w9_fixed_test_positioned.pdf","11/7/2025 8:12:26 AM","445715"
"C:\Users\Shadow\Web-PDFTimeSaver\output\verification\debug_t_w9_fixed_test_20251107_171226.pdf","11/7/2025 8:12:26 AM","1342"
"C:\Users\Shadow\Web-PDFTimeSaver\output\verification\report_t_w9_fixed_test_20251107_171226.json","11/7/2025 8:12:26 AM","18861"
"C:\Users\Shadow\Web-PDFTimeSaver\output\verification\report_t_w9_fixed_test_20251107_171226.html","11/7/2025 8:12:26 AM","4066"
"C:\Users\Shadow\Web-PDFTimeSaver\output\mvp_20251107_171226_t_w9_real_test_positioned.pdf","11/7/2025 8:12:26 AM","445715"
"C:\Users\Shadow\Web-PDFTimeSaver\output\verification\debug_t_w9_real_test_20251107_171226.pdf","11/7/2025 8:12:26 AM","1342"
"C:\Users\Shadow\Web-PDFTimeSaver\output\verification\report_t_w9_real_test_20251107_171226.json","11/7/2025 8:12:26 AM","18858"
"C:\Users\Shadow\Web-PDFTimeSaver\output\verification\report_t_w9_real_test_20251107_171226.html","11/7/2025 8:12:26 AM","4064"
"C:\Users\Shadow\Web-PDFTimeSaver\output\mvp_20251107_171226_t_w9_test_positioned.pdf","11/7/2025 8:12:26 AM","445715"
"C:\Users\Shadow\Web-PDFTimeSaver\output\verification\debug_t_w9_test_20251107_171226.pdf","11/7/2025 8:12:26 AM","1342"
"C:\Users\Shadow\Web-PDFTimeSaver\output\verification\report_t_w9_test_20251107_171226.json","11/7/2025 8:12:26 AM","19832"
"C:\Users\Shadow\Web-PDFTimeSaver\output\verification\report_t_w9_test_20251107_171226.html","11/7/2025 8:12:26 AM","4054"
"C:\Users\Shadow\Web-PDFTimeSaver\output\mvp_20251107_171227_t_w9_ui_positioned.pdf","11/7/2025 8:12:27 AM","445743"
"C:\Users\Shadow\Web-PDFTimeSaver\output\verification\debug_t_w9_ui_20251107_171227.pdf","11/7/2025 8:12:27 AM","1342"
"C:\Users\Shadow\Web-PDFTimeSaver\output\verification\report_t_w9_ui_20251107_171227.html","11/7/2025 8:12:27 AM","3688"
"C:\Users\Shadow\Web-PDFTimeSaver\output\verification\report_t_w9_ui_20251107_171227.json","11/7/2025 8:12:27 AM","44135"
"C:\Users\Shadow\Web-PDFTimeSaver\output\mvp_20251107_171227_t_w9_verification_positioned.pdf","11/7/2025 8:12:27 AM","445715"
"C:\Users\Shadow\Web-PDFTimeSaver\output\verification\debug_t_w9_verification_20251107_171227.pdf","11/7/2025 8:12:27 AM","1342"
"C:\Users\Shadow\Web-PDFTimeSaver\output\verification\report_t_w9_verification_20251107_171227.json","11/7/2025 8:12:27 AM","18867"
"C:\Users\Shadow\Web-PDFTimeSaver\output\verification\report_t_w9_verification_20251107_171227.html","11/7/2025 8:12:27 AM","4070"
"C:\Users\Shadow\Web-PDFTimeSaver\scripts\verify-all-templates.sh","11/7/2025 8:12:33 AM","947"
"C:\Users\Shadow\Web-PDFTimeSaver\scripts\verify-all-templates.bat","11/7/2025 8:12:41 AM","1001"
"C:\Users\Shadow\Web-PDFTimeSaver\output\mvp_20251107_171244_t_fl100_gc120_positioned.pdf","11/7/2025 8:12:44 AM","132580"
"C:\Users\Shadow\Web-PDFTimeSaver\output\verification\debug_t_fl100_gc120_20251107_171244.pdf","11/7/2025 8:12:44 AM","29107"
"C:\Users\Shadow\Web-PDFTimeSaver\output\verification\report_t_fl100_gc120_20251107_171244.json","11/7/2025 8:12:44 AM","62803"
"C:\Users\Shadow\Web-PDFTimeSaver\output\verification\report_t_fl100_gc120_20251107_171244.html","11/7/2025 8:12:44 AM","2346"
"C:\Users\Shadow\Web-PDFTimeSaver\output\mvp_20251107_171244_t_w9_positioned.pdf","11/7/2025 8:12:44 AM","445715"
"C:\Users\Shadow\Web-PDFTimeSaver\output\verification\debug_t_w9_20251107_171244.pdf","11/7/2025 8:12:44 AM","1342"
"C:\Users\Shadow\Web-PDFTimeSaver\output\verification\report_t_w9_20251107_171244.json","11/7/2025 8:12:44 AM","19817"
"C:\Users\Shadow\Web-PDFTimeSaver\output\verification\report_t_w9_20251107_171244.html","11/7/2025 8:12:44 AM","4044"
"C:\Users\Shadow\Web-PDFTimeSaver\mvp\lib\automated_verification_pipeline.php","11/7/2025 8:12:51 AM","23210"
"C:\Users\Shadow\Web-PDFTimeSaver\scripts\verify-all-templates-master.bat","11/7/2025 8:13:42 AM","2255"
"C:\Users\Shadow\Web-PDFTimeSaver\scripts\run-master-verification.bat","11/7/2025 8:14:26 AM","1053"
"C:\Users\Shadow\Web-PDFTimeSaver\output\mvp_20251107_171506_t_fl100_gc120_positioned.pdf","11/7/2025 8:15:06 AM","132580"
"C:\Users\Shadow\Web-PDFTimeSaver\output\verification\debug_t_fl100_gc120_20251107_171506.pdf","11/7/2025 8:15:06 AM","29107"
"C:\Users\Shadow\Web-PDFTimeSaver\output\verification\report_t_fl100_gc120_20251107_171506.json","11/7/2025 8:15:06 AM","62833"
"C:\Users\Shadow\Web-PDFTimeSaver\output\verification\report_t_fl100_gc120_20251107_171506.html","11/7/2025 8:15:06 AM","2346"
"C:\Users\Shadow\Web-PDFTimeSaver\output\mvp_20251107_171506_t_w9_positioned.pdf","11/7/2025 8:15:06 AM","445715"
"C:\Users\Shadow\Web-PDFTimeSaver\output\verification\debug_t_w9_20251107_171506.pdf","11/7/2025 8:15:06 AM","1342"
"C:\Users\Shadow\Web-PDFTimeSaver\output\verification\report_t_w9_20251107_171506.json","11/7/2025 8:15:06 AM","19847"
"C:\Users\Shadow\Web-PDFTimeSaver\output\verification\report_t_w9_20251107_171506.html","11/7/2025 8:15:06 AM","4044"
"C:\Users\Shadow\Web-PDFTimeSaver\output\mvp_20251107_171506_t_fl105_gc120_positioned.pdf","11/7/2025 8:15:06 AM","77665"
"C:\Users\Shadow\Web-PDFTimeSaver\output\verification\debug_t_fl105_gc120_20251107_171507.pdf","11/7/2025 8:15:07 AM","1342"
"C:\Users\Shadow\Web-PDFTimeSaver\output\verification\report_t_fl105_gc120_20251107_171507.json","11/7/2025 8:15:07 AM","114162"
"C:\Users\Shadow\Web-PDFTimeSaver\output\verification\report_t_fl105_gc120_20251107_171507.html","11/7/2025 8:15:07 AM","2997"
"C:\Users\Shadow\Web-PDFTimeSaver\output\mvp_20251107_171524_t_fl100_gc120_positioned.pdf","11/7/2025 8:15:24 AM","132580"
"C:\Users\Shadow\Web-PDFTimeSaver\output\verification\debug_t_fl100_gc120_20251107_171524.pdf","11/7/2025 8:15:24 AM","29107"
"C:\Users\Shadow\Web-PDFTimeSaver\output\verification\report_t_fl100_gc120_20251107_171524.json","11/7/2025 8:15:24 AM","62833"
"C:\Users\Shadow\Web-PDFTimeSaver\output\verification\report_t_fl100_gc120_20251107_171524.html","11/7/2025 8:15:24 AM","2346"
"C:\Users\Shadow\Web-PDFTimeSaver\output\mvp_20251107_171524_t_w9_positioned.pdf","11/7/2025 8:15:24 AM","445715"
"C:\Users\Shadow\Web-PDFTimeSaver\output\verification\debug_t_w9_20251107_171524.pdf","11/7/2025 8:15:25 AM","1342"
"C:\Users\Shadow\Web-PDFTimeSaver\output\verification\report_t_w9_20251107_171525.json","11/7/2025 8:15:25 AM","19847"
"C:\Users\Shadow\Web-PDFTimeSaver\output\verification\report_t_w9_20251107_171525.html","11/7/2025 8:15:25 AM","4044"
"C:\Users\Shadow\Web-PDFTimeSaver\mvp\run-master-verification.php","11/7/2025 8:15:37 AM","1882"
"C:\Users\Shadow\Web-PDFTimeSaver\mvp\lib\master_verification_report.php","11/7/2025 8:15:42 AM","7237"
"C:\Users\Shadow\Web-PDFTimeSaver\output\mvp_20251107_171544_t_fl100_gc120_positioned.pdf","11/7/2025 8:15:44 AM","132580"
"C:\Users\Shadow\Web-PDFTimeSaver\output\verification\debug_t_fl100_gc120_20251107_171544.pdf","11/7/2025 8:15:44 AM","29107"
"C:\Users\Shadow\Web-PDFTimeSaver\output\verification\report_t_fl100_gc120_20251107_171544.json","11/7/2025 8:15:44 AM","62833"
"C:\Users\Shadow\Web-PDFTimeSaver\output\verification\report_t_fl100_gc120_20251107_171544.html","11/7/2025 8:15:44 AM","2346"
"C:\Users\Shadow\Web-PDFTimeSaver\output\mvp_20251107_171544_t_w9_positioned.pdf","11/7/2025 8:15:44 AM","445715"
"C:\Users\Shadow\Web-PDFTimeSaver\output\verification\debug_t_w9_20251107_171544.pdf","11/7/2025 8:15:44 AM","1342"
"C:\Users\Shadow\Web-PDFTimeSaver\output\verification\report_t_w9_20251107_171544.json","11/7/2025 8:15:44 AM","19847"
"C:\Users\Shadow\Web-PDFTimeSaver\output\verification\report_t_w9_20251107_171544.html","11/7/2025 8:15:44 AM","4044"
"C:\Users\Shadow\Web-PDFTimeSaver\output\mvp_20251107_171753_t_fl100_gc120_positioned.pdf","11/7/2025 8:17:53 AM","132580"
"C:\Users\Shadow\Web-PDFTimeSaver\output\verification\debug_t_fl100_gc120_20251107_171753.pdf","11/7/2025 8:17:53 AM","29107"
"C:\Users\Shadow\Web-PDFTimeSaver\output\verification\report_t_fl100_gc120_20251107_171753.json","11/7/2025 8:17:53 AM","62833"
"C:\Users\Shadow\Web-PDFTimeSaver\output\verification\report_t_fl100_gc120_20251107_171753.html","11/7/2025 8:17:53 AM","2346"
"C:\Users\Shadow\Web-PDFTimeSaver\output\mvp_20251107_171811_t_fl100_gc120_positioned.pdf","11/7/2025 8:18:11 AM","132580"
"C:\Users\Shadow\Web-PDFTimeSaver\output\verification\debug_t_fl100_gc120_20251107_171811.pdf","11/7/2025 8:18:11 AM","29107"
"C:\Users\Shadow\Web-PDFTimeSaver\output\verification\report_t_fl100_gc120_20251107_171811.json","11/7/2025 8:18:11 AM","62833"
"C:\Users\Shadow\Web-PDFTimeSaver\output\verification\report_t_fl100_gc120_20251107_171811.html","11/7/2025 8:18:11 AM","2346"
"C:\Users\Shadow\Web-PDFTimeSaver\data\temp_1762532318_extraction_details.json","11/7/2025 8:18:39 AM","31894"
"C:\Users\Shadow\Web-PDFTimeSaver\data\temp_1762532318_verification_report.json","11/7/2025 8:18:40 AM","46199"
"C:\Users\Shadow\Web-PDFTimeSaver\data\temp_1762532321_extraction_details.json","11/7/2025 8:18:42 AM","31894"
"C:\Users\Shadow\Web-PDFTimeSaver\data\temp_1762532321_verification_report.json","11/7/2025 8:18:43 AM","46199"
"C:\Users\Shadow\Web-PDFTimeSaver\output\mvp_20251107_171843_t_fl100_gc120_positioned.pdf","11/7/2025 8:18:43 AM","132580"
"C:\Users\Shadow\Web-PDFTimeSaver\output\verification\debug_t_fl100_gc120_20251107_171843.pdf","11/7/2025 8:18:43 AM","29107"
"C:\Users\Shadow\Web-PDFTimeSaver\output\verification\report_t_fl100_gc120_20251107_171843.json","11/7/2025 8:18:43 AM","62833"
"C:\Users\Shadow\Web-PDFTimeSaver\output\verification\report_t_fl100_gc120_20251107_171843.html","11/7/2025 8:18:43 AM","2346"
"C:\Users\Shadow\Web-PDFTimeSaver\scripts\auto-extract-and-verify.bat","11/7/2025 8:19:24 AM","1753"
"C:\Users\Shadow\Web-PDFTimeSaver\mvp\auto-extract-and-verify.php","11/7/2025 8:19:24 AM","4375"
"C:\Users\Shadow\Web-PDFTimeSaver\mvp\debug-field-placement.php","11/7/2025 8:21:30 AM","4283"
"C:\Users\Shadow\Web-PDFTimeSaver\data\temp_1762532561_extraction_details.json","11/7/2025 8:22:43 AM","31883"
"C:\Users\Shadow\Web-PDFTimeSaver\data\temp_1762532561_verification_report.json","11/7/2025 8:22:43 AM","46199"
"C:\Users\Shadow\Web-PDFTimeSaver\data\temp_1762532564_extraction_details.json","11/7/2025 8:22:46 AM","31883"
"C:\Users\Shadow\Web-PDFTimeSaver\data\temp_1762532564_verification_report.json","11/7/2025 8:22:46 AM","46199"
"C:\Users\Shadow\Web-PDFTimeSaver\data\t_fl100_test_decrypt_positions.json","11/7/2025 8:22:51 AM","34369"
"C:\Users\Shadow\Web-PDFTimeSaver\data\t_fl100_test_decrypt_extraction_details.json","11/7/2025 8:22:51 AM","31883"
"C:\Users\Shadow\Web-PDFTimeSaver\data\t_fl100_test_decrypt_verification_report.json","11/7/2025 8:22:51 AM","46209"
"C:\Users\Shadow\Web-PDFTimeSaver\data\temp_1762532579_extraction_details.json","11/7/2025 8:23:01 AM","31883"
"C:\Users\Shadow\Web-PDFTimeSaver\data\temp_1762532579_verification_report.json","11/7/2025 8:23:01 AM","46199"
"C:\Users\Shadow\Web-PDFTimeSaver\data\temp_1762532582_extraction_details.json","11/7/2025 8:23:04 AM","31883"
"C:\Users\Shadow\Web-PDFTimeSaver\data\temp_1762532582_verification_report.json","11/7/2025 8:23:04 AM","46199"
"C:\Users\Shadow\Web-PDFTimeSaver\data\temp_1762532608_extraction_details.json","11/7/2025 8:23:30 AM","31883"
"C:\Users\Shadow\Web-PDFTimeSaver\data\temp_1762532608_verification_report.json","11/7/2025 8:23:30 AM","46199"
"C:\Users\Shadow\Web-PDFTimeSaver\data\temp_1762532611_extraction_details.json","11/7/2025 8:23:32 AM","31883"
"C:\Users\Shadow\Web-PDFTimeSaver\data\temp_1762532611_verification_report.json","11/7/2025 8:23:33 AM","46199"
"C:\Users\Shadow\Web-PDFTimeSaver\uploads\t_fl100_gc120_positions.json","11/7/2025 8:23:33 AM","39473"
"C:\Users\Shadow\Web-PDFTimeSaver\data\temp_1762532656_positions.json","11/7/2025 8:24:17 AM","34369"
"C:\Users\Shadow\Web-PDFTimeSaver\data\temp_1762532656_extraction_details.json","11/7/2025 8:24:17 AM","31883"
"C:\Users\Shadow\Web-PDFTimeSaver\data\temp_1762532656_verification_report.json","11/7/2025 8:24:17 AM","46199"
"C:\Users\Shadow\Web-PDFTimeSaver\uploads\fl100_page1_background.png","11/7/2025 8:24:19 AM","83739"
"C:\Users\Shadow\Web-PDFTimeSaver\output\mvp_20251107_172421_t_fl100_gc120_positioned.pdf","11/7/2025 8:24:21 AM","132580"
"C:\Users\Shadow\Web-PDFTimeSaver\output\verification\debug_t_fl100_gc120_20251107_172421.pdf","11/7/2025 8:24:21 AM","29107"
"C:\Users\Shadow\Web-PDFTimeSaver\output\verification\report_t_fl100_gc120_20251107_172421.json","11/7/2025 8:24:21 AM","62833"
"C:\Users\Shadow\Web-PDFTimeSaver\output\verification\report_t_fl100_gc120_20251107_172421.html","11/7/2025 8:24:21 AM","2346"
"C:\Users\Shadow\Web-PDFTimeSaver\scripts\methods\pdf-lib-extractor.js","11/7/2025 8:25:38 AM","14680"
"C:\Users\Shadow\Web-PDFTimeSaver\mvp\lib\pdf_field_extractor.php","11/7/2025 8:25:38 AM","30143"
"C:\Users\Shadow\Web-PDFTimeSaver\output\mvp_20251107_172734_t_fl100_gc120_positioned.pdf","11/7/2025 8:27:34 AM","132580"
"C:\Users\Shadow\Web-PDFTimeSaver\output\mvp_20251107_172756_t_fl100_gc120_positioned.pdf","11/7/2025 8:27:56 AM","132580"
"C:\Users\Shadow\Web-PDFTimeSaver\mvp\generate-filled-fl100.php","11/7/2025 8:28:28 AM","3749"
"C:\Users\Shadow\Web-PDFTimeSaver\mvp\improve-field-mapping.php","11/7/2025 8:30:13 AM","5288"
"C:\Users\Shadow\Web-PDFTimeSaver\output\mvp_20251107_173204_t_fl100_gc120_positioned.pdf","11/7/2025 8:32:04 AM","132683"
"C:\Users\Shadow\Web-PDFTimeSaver\output\mvp_20251107_173259_t_fl100_gc120_positioned.pdf","11/7/2025 8:32:59 AM","132152"
"C:\Users\Shadow\Web-PDFTimeSaver\output\mvp_20251107_173343_t_fl100_gc120_positioned.pdf","11/7/2025 8:33:43 AM","132152"
"C:\Users\Shadow\Web-PDFTimeSaver\output\mvp_20251107_173427_t_fl100_gc120_positioned.pdf","11/7/2025 8:34:27 AM","132646"
"C:\Users\Shadow\Web-PDFTimeSaver\output\mvp_20251107_173708_t_fl100_gc120_positioned.pdf","11/7/2025 8:37:08 AM","132686"
"C:\Users\Shadow\Web-PDFTimeSaver\output\mvp_20251107_173749_t_fl100_gc120_positioned.pdf","11/7/2025 8:37:49 AM","132551"
"C:\Users\Shadow\Web-PDFTimeSaver\output\mvp_20251107_173817_t_fl100_gc120_positioned.pdf","11/7/2025 8:38:17 AM","132551"
"C:\Users\Shadow\Web-PDFTimeSaver\mvp\test-improved-mapper.php","11/7/2025 8:38:41 AM","2047"
"C:\Users\Shadow\Web-PDFTimeSaver\output\mvp_20251107_174145_t_fl100_gc120_positioned.pdf","11/7/2025 8:41:45 AM","133143"
"C:\Users\Shadow\Web-PDFTimeSaver\data\t_fl100_gc120_verification_report.json","11/7/2025 8:42:49 AM","46307"
"C:\Users\Shadow\Web-PDFTimeSaver\output\mvp_20251107_174258_t_fl100_gc120_positioned.pdf","11/7/2025 8:42:58 AM","133143"
"C:\Users\Shadow\Web-PDFTimeSaver\mvp\field-mapping-summary.php","11/7/2025 8:43:18 AM","2288"
"C:\Users\Shadow\Web-PDFTimeSaver\output\mvp_20251107_175023_t_fl100_gc120_positioned.pdf","11/7/2025 8:50:23 AM","133232"
"C:\Users\Shadow\Web-PDFTimeSaver\output\mvp_20251107_175044_t_fl100_gc120_positioned.pdf","11/7/2025 8:50:44 AM","133232"
"C:\Users\Shadow\Web-PDFTimeSaver\output\mvp_20251107_175259_t_fl100_gc120_positioned.pdf","11/7/2025 8:52:59 AM","133206"
"C:\Users\Shadow\Web-PDFTimeSaver\output\mvp_20251107_175333_t_fl100_gc120_positioned.pdf","11/7/2025 8:53:33 AM","133206"
"C:\Users\Shadow\Web-PDFTimeSaver\output\mvp_20251107_175352_t_fl100_gc120_positioned.pdf","11/7/2025 8:53:52 AM","133206"
"C:\Users\Shadow\Web-PDFTimeSaver\output\mvp_20251107_175423_t_fl100_gc120_positioned.pdf","11/7/2025 8:54:23 AM","133217"
"C:\Users\Shadow\Web-PDFTimeSaver\output\mvp_20251107_175507_t_fl100_gc120_positioned.pdf","11/7/2025 8:55:07 AM","133216"
"C:\Users\Shadow\Web-PDFTimeSaver\mvp\lib\missing_field_locator.php","11/7/2025 8:55:25 AM","6289"
"C:\Users\Shadow\Web-PDFTimeSaver\scripts\find-missing-fields.js","11/7/2025 8:55:25 AM","5886"
"C:\Users\Shadow\Web-PDFTimeSaver\mvp\lib\field_position_loader.php","11/7/2025 8:55:25 AM","6640"
"C:\Users\Shadow\Web-PDFTimeSaver\data\t_fl100_gc120_missing_fields.json","11/7/2025 8:55:25 AM","1451"
"C:\Users\Shadow\Web-PDFTimeSaver\output\mvp_20251107_175817_t_fl100_gc120_positioned.pdf","11/7/2025 8:58:18 AM","133216"
"C:\Users\Shadow\Web-PDFTimeSaver\FINAL_RESULT_SUMMARY.md","11/7/2025 8:59:28 AM","6699"
"C:\Users\Shadow\Web-PDFTimeSaver\output\mvp_20251107_180125_t_fl100_gc120_positioned.pdf","11/7/2025 9:01:25 AM","133216"
"C:\Users\Shadow\Web-PDFTimeSaver\scripts\methods\pymupdf-extractor.sync-conflict-20251107-111149-6SA55L2.js","11/7/2025 9:10:13 AM","7598"
"C:\Users\Shadow\Web-PDFTimeSaver\scripts\methods\pdfplumber-extractor.js","11/7/2025 9:10:37 AM","8969"
"C:\Users\Shadow\Web-PDFTimeSaver\scripts\methods\enhanced-widget-extractor.js","11/7/2025 9:10:56 AM","8850"
"C:\Users\Shadow\Web-PDFTimeSaver\scripts\install-python-deps.bat","11/7/2025 9:12:02 AM","1206"
"C:\Users\Shadow\Web-PDFTimeSaver\scripts\test-enhanced-extraction.bat","11/7/2025 9:12:10 AM","951"
"C:\Users\Shadow\Web-PDFTimeSaver\scripts\methods\pymupdf-extractor.js","11/7/2025 9:13:14 AM","8104"
"C:\Users\Shadow\Web-PDFTimeSaver\data\t_fl100_gc120_positions.backup_20251108.json","11/7/2025 9:16:01 AM","3648"
"C:\Users\Shadow\Web-PDFTimeSaver\data\t_fl100_gc120_extraction_details.json","11/7/2025 9:16:01 AM","4792"
"C:\Users\Shadow\Web-PDFTimeSaver\scripts\methods\pdfbox-extractor.js","11/7/2025 9:33:43 AM","12901"
"C:\Users\Shadow\Web-PDFTimeSaver\scripts\utils\pdfbox-wrapper.py","11/7/2025 9:33:43 AM","2779"
"C:\Users\Shadow\Web-PDFTimeSaver\scripts\methods\pdfjs-annotation-extractor.js","11/7/2025 9:33:43 AM","5480"
"C:\Users\Shadow\Web-PDFTimeSaver\scripts\methods\pdf-binary-parser.js","11/7/2025 9:33:43 AM","7736"
"C:\Users\Shadow\Web-PDFTimeSaver\scripts\methods\hybrid-visual-detector.js","11/7/2025 9:33:43 AM","11408"
"C:\Users\Shadow\Web-PDFTimeSaver\scripts\methods\template-field-matcher.js","11/7/2025 9:33:43 AM","11169"
"C:\Users\Shadow\Web-PDFTimeSaver\scripts\methods\ocr-field-detector.js","11/7/2025 9:33:43 AM","14525"
"C:\Users\Shadow\Web-PDFTimeSaver\output\mvp_20251108_210321_t_w9_test_positioned.pdf","11/8/2025 12:03:21 PM","120784"
"C:\Users\Shadow\Web-PDFTimeSaver\output\mvp_20251108_210321_t_fl100_gc120_positioned.pdf","11/8/2025 12:03:21 PM","132152"
"C:\Users\Shadow\Web-PDFTimeSaver\output\mvp_20251108_210321_t_fl105_gc120_positioned.pdf","11/8/2025 12:03:21 PM","76893"
"C:\Users\Shadow\Web-PDFTimeSaver\bin\pdfbox\pdfbox-app-3.0.1.jar","11/8/2025 12:06:24 PM","12905336"
"C:\Users\Shadow\Web-PDFTimeSaver\data\temp_1762632381_positions.json","11/8/2025 12:06:47 PM","16332"
"C:\Users\Shadow\Web-PDFTimeSaver\data\temp_1762632381_extraction_details.json","11/8/2025 12:06:47 PM","34285"
"C:\Users\Shadow\Web-PDFTimeSaver\data\temp_1762632381_verification_report.json","11/8/2025 12:06:47 PM","5167"
"C:\Users\Shadow\Web-PDFTimeSaver\uploads\w9_page1_background.png","11/8/2025 12:06:48 PM","121456"
"C:\Users\Shadow\Web-PDFTimeSaver\uploads\w9_page2_background.png","11/8/2025 12:06:49 PM","168733"
"C:\Users\Shadow\Web-PDFTimeSaver\uploads\w9_page3_background.png","11/8/2025 12:06:49 PM","160777"
"C:\Users\Shadow\Web-PDFTimeSaver\uploads\w9_page4_background.png","11/8/2025 12:06:49 PM","157552"
"C:\Users\Shadow\Web-PDFTimeSaver\uploads\w9_page5_background.png","11/8/2025 12:06:50 PM","126752"
"C:\Users\Shadow\Web-PDFTimeSaver\uploads\w9_page6_background.png","11/8/2025 12:06:50 PM","75992"
"C:\Users\Shadow\Web-PDFTimeSaver\temp\PdfBoxExtractor.java","11/8/2025 12:06:52 PM","4874"
"C:\Users\Shadow\Web-PDFTimeSaver\data\t_w9_hybrid_positions.json","11/8/2025 12:06:57 PM","16962"
"C:\Users\Shadow\Web-PDFTimeSaver\data\t_w9_hybrid_extraction_details.json","11/8/2025 12:06:57 PM","34285"
"C:\Users\Shadow\Web-PDFTimeSaver\data\t_w9_hybrid_verification_report.json","11/8/2025 12:06:57 PM","5159"
"C:\Users\Shadow\Web-PDFTimeSaver\logs\verification.log","11/8/2025 12:06:57 PM","29970"
"C:\Users\Shadow\Web-PDFTimeSaver\scripts\utils\ffdnet_field_detector.py","11/8/2025 12:08:05 PM","6999"
"C:\Users\Shadow\Web-PDFTimeSaver\scripts\methods\ffdnet-detector.js","11/8/2025 12:08:05 PM","3740"
"C:\Users\Shadow\Web-PDFTimeSaver\scripts\methods\pdf-extract-kit-wrapper.js","11/8/2025 12:08:05 PM","3640"
"C:\Users\Shadow\Web-PDFTimeSaver\scripts\utils\pdf_extract_kit_bridge.py","11/8/2025 12:08:05 PM","6232"
"C:\Users\Shadow\Web-PDFTimeSaver\ENHANCED_DETECTION_METHODS.md","11/8/2025 12:08:05 PM","15006"
"C:\Users\Shadow\Web-PDFTimeSaver\scripts\universal-field-extractor.js","11/8/2025 12:08:05 PM","29989"
"C:\Users\Shadow\Web-PDFTimeSaver\output\mvp_20251108_210953_t_w9_test_positioned.pdf","11/8/2025 12:09:53 PM","120871"
"C:\Users\Shadow\Web-PDFTimeSaver\output\mvp_20251108_210953_t_fl100_gc120_positioned.pdf","11/8/2025 12:09:53 PM","30868"
"C:\Users\Shadow\Web-PDFTimeSaver\output\mvp_20251108_210953_t_fl105_gc120_positioned.pdf","11/8/2025 12:09:53 PM","76893"
"C:\Users\Shadow\Web-PDFTimeSaver\output\mvp_20251108_211047_t_w9_test_positioned.pdf","11/8/2025 12:10:47 PM","120871"
"C:\Users\Shadow\Web-PDFTimeSaver\output\mvp_20251108_211047_t_fl100_gc120_positioned.pdf","11/8/2025 12:10:47 PM","133444"
"C:\Users\Shadow\Web-PDFTimeSaver\output\mvp_20251108_211047_t_fl105_gc120_positioned.pdf","11/8/2025 12:10:47 PM","76893"
"C:\Users\Shadow\Web-PDFTimeSaver\output\mvp_20251108_211843_t_w9_test_positioned.pdf","11/8/2025 12:18:43 PM","120871"
"C:\Users\Shadow\Web-PDFTimeSaver\output\mvp_20251108_211843_t_fl100_gc120_positioned.pdf","11/8/2025 12:18:43 PM","133444"
"C:\Users\Shadow\Web-PDFTimeSaver\output\mvp_20251108_211843_t_fl105_gc120_positioned.pdf","11/8/2025 12:18:43 PM","76893"
"C:\Users\Shadow\Web-PDFTimeSaver\output\mvp_20251108_211917_t_w9_test_positioned.pdf","11/8/2025 12:19:17 PM","120871"
"C:\Users\Shadow\Web-PDFTimeSaver\output\mvp_20251108_211917_t_fl100_gc120_positioned.pdf","11/8/2025 12:19:17 PM","133444"
"C:\Users\Shadow\Web-PDFTimeSaver\output\mvp_20251108_211917_t_fl105_gc120_positioned.pdf","11/8/2025 12:19:17 PM","76893"
"C:\Users\Shadow\Web-PDFTimeSaver\output\mvp_20251108_212203_t_w9_test_positioned.pdf","11/8/2025 12:22:03 PM","120871"
"C:\Users\Shadow\Web-PDFTimeSaver\output\mvp_20251108_212203_t_fl100_gc120_positioned.pdf","11/8/2025 12:22:04 PM","133444"
"C:\Users\Shadow\Web-PDFTimeSaver\output\mvp_20251108_212204_t_fl105_gc120_positioned.pdf","11/8/2025 12:22:04 PM","76893"
"C:\Users\Shadow\Web-PDFTimeSaver\output\mvp_20251108_212341_t_w9_test_positioned.pdf","11/8/2025 12:23:41 PM","120871"
"C:\Users\Shadow\Web-PDFTimeSaver\output\mvp_20251108_212341_t_fl100_gc120_positioned.pdf","11/8/2025 12:23:41 PM","133444"
"C:\Users\Shadow\Web-PDFTimeSaver\output\mvp_20251108_212341_t_fl105_gc120_positioned.pdf","11/8/2025 12:23:41 PM","76893"
"C:\Users\Shadow\Web-PDFTimeSaver\output\mvp_20251108_212520_t_w9_test_positioned.pdf","11/8/2025 12:25:20 PM","120871"
"C:\Users\Shadow\Web-PDFTimeSaver\output\mvp_20251108_212520_t_fl100_gc120_positioned.pdf","11/8/2025 12:25:20 PM","133427"
"C:\Users\Shadow\Web-PDFTimeSaver\logs\pdf_debug.log","11/8/2025 12:25:20 PM","1549507"
"C:\Users\Shadow\Web-PDFTimeSaver\output\mvp_20251108_212520_t_fl105_gc120_positioned.pdf","11/8/2025 12:25:20 PM","77350"
"C:\Users\Shadow\Web-PDFTimeSaver\scripts\run_hybrid_generation.php","11/10/2025 12:59:40 PM","5112"
"C:\Users\Shadow\Web-PDFTimeSaver\mvp\lib\w9_test_data_generator.php","11/10/2025 12:59:40 PM","3162"
"C:\Users\Shadow\Web-PDFTimeSaver\mvp\lib\improved_field_mapper.php","11/10/2025 12:59:40 PM","32198"
"C:\Users\Shadow\Web-PDFTimeSaver\scripts\debug_fl105_mapping.php","11/10/2025 12:59:40 PM","1080"
"C:\Users\Shadow\Web-PDFTimeSaver\mvp\lib\pdf_form_filler.php","11/10/2025 12:59:40 PM","54034"
"C:\Users\Shadow\Web-PDFTimeSaver\ERRORS_FIXED.md","11/10/2025 1:07:42 PM","3709"
"C:\Users\Shadow\Web-PDFTimeSaver\mvp\index.php","11/10/2025 1:07:42 PM","56588"
"C:\Users\Shadow\Web-PDFTimeSaver\logs\app.log","11/10/2025 1:10:11 PM","30615"
"C:\Users\Shadow\Web-PDFTimeSaver\README.md","11/10/2025 1:14:14 PM","8712"
"C:\Users\Shadow\Web-PDFTimeSaver\VERIFICATION_COMPLETE.md","11/10/2025 1:14:14 PM","6699"
"C:\Users\Shadow\Web-PDFTimeSaver\BROWSER_VERIFICATION_REPORT.md","11/10/2025 1:14:14 PM","6598"
"C:\Users\Shadow\Web-PDFTimeSaver\file_analysis.csv","11/10/2025 1:15:46 PM","0"
